County_FIPS,State,County,PCT_Low_Access_1Mile,PCT_Low_Income_Low_Access_1Mile,PCT_Seniors_Low_Access_1Mile,Urban,Food_Insecurity_18_20,Food_Insecurity_21_23,Grocery_Stores_2020,Store_Growth_Rate_16_20,Low_Access_POP_2019,Diabetes_Prev,Obesity_Prev,Coronary_Heart_Disease_Prev,Physical_Inactivity_Prev,Smoking_Prev,Total_Pop,Median_HH_Income,Unemployment_Rate,PCT_Poverty,PCT_65_Year_Plus,PCT_Hispanic,PCT_Black,PCT_White,PCT_Uninsured,Poor_or_Fair_Health,Food_Insecurity,Physical_Inactivity,Adult_Obesity,Adult_Smoking,Median_Household_Income
1001,AL,Autauga County,68.5786,22.12,8.05,1,14,14,4,33.33333333,33.90670013,13,38.9,7.4,26.9,15.5,59947,72481,2.4,8.6,16.28,3.8,20.4,70.6,8,18,0.15,26,38,15,68857
1003,AL,Baldwin County,72.6641,21.31,11.98,1,14,14,29,0,25.12223816,13.1,36.8,8.2,25.4,14,246989,78775,3,6.8,21.67,5.8,8,80.7,9,17,0.15,24,37,15,74248
1005,AL,Barbour County,69.2207,33.84,9.24,1,14,14,5,25,20.52067947,18.9,43.3,10.5,36.3,20.9,24643,46042,7.8,17.3,20.11,6.2,46.3,43.7,13,28,0.19,35,44,22,45298
1007,AL,Bibb County,76.6325,28.28,9.87,0,14,14,4,-20,1.593456984,15.1,41.4,8.8,32.9,21.1,22130,52541,12.1,18.4,17.38,3.5,19.7,73.4,12,25,0.19,32,41,22,56025
1009,AL,Blount County,88.707,31.73,12.41,1,14,14,4,-20,6.807623863,14,37.3,9.2,31,19.1,59518,64190,5,9.2,18.59,10.3,1.2,84.5,13,23,0.17,30,37,20,64962
1011,AL,Bullock County,79.8015,36.64,10.25,1,14,14,0,0,68.53353119,22.4,49.6,10.3,41,24.6,10058,31310,7.2,25.2,18.56,6,69.5,21,14,35,0.17,40,49,25,36204
1013,AL,Butler County,62.3547,28.47,10.18,1,14,14,3,0,11.97491264,18.2,45,9.9,36.2,19.5,18630,44755,6.5,18.8,22.01,1.7,44.7,50.5,11,26,0.17,34,46,20,44729
1015,AL,Calhoun County,61.5732,23.35,8.51,1,14,14,21,-22.22222222,35.90670395,14.5,37.7,8.2,29.2,17,116090,55029,6,12.9,18.22,4.6,21.6,69.3,11,22,0.18,29,38,18,51841
1017,AL,Chambers County,63.6125,26.9,10.2,1,14,14,5,-28.57142857,19.71384621,18.2,45.6,9.7,35.7,20.6,34192,49656,5.1,13.2,20.29,4,38.4,53.9,11,27,0.17,34,45,21,50390
1019,AL,Cherokee County,92.6475,37.95,16.52,1,14,14,0,0,13.49030972,15.2,39.9,10.1,28.7,16.3,25443,49656,3.9,11.1,24.45,1.8,3.8,90.4,12,20,0.18,27,40,18,56400
1021,AL,Chilton County,84.5572,34.44,11.02,1,14,14,4,-20,10.18653679,13.7,36.7,8.4,29.4,15.8,45992,65603,5.5,10.1,16.96,10.2,9.4,76.4,12,20,0.18,28,36,16,59165
1023,AL,Choctaw County,88.9399,42.41,15.54,0,14,14,4,33.33333333,24.33224678,20.3,46,11.1,36.9,20.2,12380,47813,5,13,24.36,1.2,37.5,56.6,12,27,0.18,34,46,21,47432
1025,AL,Clarke County,79.1678,36.41,12.26,1,14,14,6,0,39.42882919,18.5,44,9.8,35.2,19.9,22543,49249,9.2,13.1,21.06,1.2,44.6,51.1,11,26,0.19,33,44,21,50868
1027,AL,Clay County,75.9177,32.03,12.44,0,14,14,0,0,7.023150921,16.6,39.5,10.4,33.9,20.6,14192,55250,2.4,12.9,20.56,3.3,12.8,78.9,11,25,0.18,32,40,22,52077
1029,AL,Cleburne County,83.2141,33.1,12.61,0,14,14,0,0,5.954165459,15.4,39.6,10.1,33.1,20.9,15426,55345,2.6,6.8,20.12,2.1,3.6,92.2,12,23,0.18,31,39,21,59526
1031,AL,Coffee County,67.2166,20.16,9.13,1,14,14,6,-14.28571429,32.15407562,13.6,34.2,8,28.1,14.4,54920,68353,5.1,12,17.2,9.8,15.6,67.5,11,20,0.18,27,34,15,64737
1033,AL,Colbert County,66.6004,22.04,11.13,1,14,14,8,0,32.89167023,14.6,40.6,8.9,30.3,17.6,58022,60628,3.1,13.5,20.43,3.5,15.5,77.1,10,22,0.18,29,41,19,57770
1035,AL,Conecuh County,76.6508,42.48,14.65,0,14,14,3,200,26.35607719,20.4,44.4,11.2,36,18.8,11275,41327,8.7,18.4,24.91,1,44.9,50,11,26,0.17,33,45,20,46702
1037,AL,Coosa County,89.708,35.68,14.99,0,14,14,0,0,22.58675385,18.1,42.9,10.5,32.8,18.9,10300,57355,6.2,7.9,25.31,2.5,29.2,65.9,10,24,0.16,31,43,20,59736
1039,AL,Covington County,70.3645,26.35,12.54,1,14,14,5,-16.66666667,12.91687012,14.6,43.8,9.2,28.7,16.9,37628,52456,5.2,15.1,22.2,2,11.9,82.3,11,22,0.19,28,45,19,50119
1041,AL,Crenshaw County,77.7757,34.96,11.33,0,14,14,0,0,29.48752594,15.8,40.3,9.2,31.6,19,13122,48560,5.4,11.9,20.19,2.2,23.6,69.8,12,24,0.16,31,40,20,49128
1043,AL,Cullman County,80.4249,32.01,12.1,1,14,14,12,-20,8.42284584,14.1,40,9.6,32.3,18.4,90566,62656,3.8,11.2,19.03,5,1,89.5,12,22,0.17,31,40,19,61231
1045,AL,Dale County,80.7217,31.54,10.58,1,14,14,6,0,23.13018608,15.6,44.3,9,30.7,18.1,49599,54963,6.6,14.6,18.08,7.1,20.3,66.1,12,23,0.19,29,44,19,54697
1047,AL,Dallas County,54.5903,27.1,7.85,1,14,14,7,-12.5,15.22543526,21.4,50.2,10,36.3,18.9,36858,35627,11,26,20.39,1,69.9,26.6,10,28,0.19,35,51,20,39013
1049,AL,DeKalb County,81.1342,37.88,10.9,0,14,14,15,-6.25,0,16.4,39,10.5,35.8,22.5,72269,51204,4.1,16.2,17.64,17.1,1.3,77,15,28,0.19,34,39,23,50614
1051,AL,Elmore County,82.5309,22.36,9.89,1,14,14,9,12.5,18.99752617,12.9,36.4,7.3,26.2,15.6,89526,78243,4.6,8.9,16.53,3.4,21.1,71.8,9,19,0.14,26,36,16,73125
1053,AL,Escambia County,69.054,34.6,9.82,1,14,14,4,0,10.64254761,17.6,43.4,9.6,34.1,21.1,36629,48225,10.1,14.4,18.99,2.4,29.4,60,11,26,0.19,33,44,22,50333
1055,AL,Etowah County,71.1077,24.92,11.47,1,14,14,12,-14.28571429,40.66234207,15.4,41.4,9.5,31.5,18.4,103105,54563,5.9,11.9,19.73,5.2,14.7,76.2,12,22,0.18,30,41,19,52504
1057,AL,Fayette County,71.8276,32.54,12.72,0,14,14,0,0,0.946361244,16.6,39,10.6,33.8,20.7,16053,49488,8.4,15.6,21.86,0.9,11.1,83.2,11,25,0.21,32,39,22,49235
1059,AL,Franklin County,66.841,29.89,9.98,1,14,14,8,-20,14.16959858,15.8,39.4,9.9,34.4,19.9,31966,53338,3.6,16.1,16.67,20.6,4,72.5,12,26,0.18,33,40,20,49682
1061,AL,Geneva County,73.3905,31.75,11.82,1,14,14,9,-10,8.372852325,15.9,38.6,10.3,32.3,17.6,26887,52771,5.6,14.8,20.28,5.3,8.4,80.5,13,23,0.21,30,38,18,50006
1063,AL,Greene County,79.529,52.65,12.14,0,14,14,0,0,32.84753036,24.9,50.4,11.5,42.1,22,7424,29200,4,31.2,25.11,0.1,81.2,17.8,9,34,0.21,40,51,24,34619
1065,AL,Hale County,82.5115,40.25,11.75,0,14,14,0,0,15.16030979,19.3,44.5,9.7,34.2,18.3,14829,39250,6,16.3,19.99,1.3,54.6,38.1,11,26,0.19,32,44,19,42380
1067,AL,Henry County,77.4709,32.05,13.4,1,14,14,0,0,22.90768623,17.8,38.4,10.6,35.2,20.8,17647,59931,3.6,14.2,23.81,2.2,24.8,70.2,12,26,0.17,33,38,22,55598
1069,AL,Houston County,51.8401,18.9,7.24,1,14,14,17,0,14.17938423,15.3,37.2,8.8,30.2,17.8,108140,58626,4.5,13.1,18.69,4.6,27.1,63.4,11,22,0.17,30,38,19,59412
1071,AL,Jackson County,81.1266,36.99,12.98,1,14,14,8,-27.27272727,10.59791565,15.6,38.9,10.3,33.1,20.2,53053,51908,4.5,12.8,20.89,3.6,3.1,88.2,12,24,0.2,31,39,21,51479
1073,AL,Jefferson County,46.6073,16,6.22,1,14,14,113,5.607476636,34.40988922,14.3,39.5,7.4,27.1,14.6,667755,66388,4.7,11.4,16.78,5.5,42.1,47.5,10,20,0.15,27,40,15,64726
1075,AL,Lamar County,76.3966,34.58,14.71,0,14,14,4,0,0.612100482,15.7,38.4,10.1,31.4,18.2,13693,50000,5.5,11.7,22.41,1.9,10,85.6,10,22,0.19,29,38,19,50929
1077,AL,Lauderdale County,61.5342,20.12,9.78,1,14,14,19,0,17.00130463,12.7,35.2,8,26,14.7,95830,62649,4.1,8.7,20.5,3.5,9,82.1,10,19,0.16,26,37,16,63895
1079,AL,Lawrence County,89.3511,32.09,12.41,1,14,14,0,0,12.44920158,16.1,41.1,9.7,32,20.1,33276,66071,2,10.1,19.04,3.1,9.3,75.5,12,24,0.18,30,41,21,61064
1081,AL,Lee County,55.1617,18.08,5.46,1,14,14,22,22.22222222,33.56633759,11.5,33.9,6.2,26.4,15.2,181134,65824,3.5,10,13.26,5.4,21.6,65.3,10,20,0.16,27,35,16,62301
1083,AL,Limestone County,82.0428,26.43,9.82,1,14,14,8,-20,17.05357552,12.8,36.4,7.2,25.3,15.6,111233,83629,3.3,7.3,15.57,7.5,12.7,72.3,8,18,0.15,24,36,16,81811
1085,AL,Lowndes County,94.3068,50.87,13.51,0,14,14,0,0,39.03352356,22.7,49.4,10.5,38.7,21.6,9833,37052,6.8,23,20.57,0.2,73.8,24.7,10,30,0.18,36,50,22,42011
1087,AL,Macon County,82.5572,40.84,11.92,1,14,14,3,-25,41.93498611,20.2,46,9.3,36.5,17.6,18691,43707,8.3,19.6,21.22,2.2,77.5,16.8,11,28,0.17,35,48,19,40710
1089,AL,Madison County,49.5015,13.24,5.57,1,14,14,45,-2.173913043,34.77955246,12.1,35.3,6.6,21.9,13.2,405718,86499,3.6,6.9,15.71,6.8,23.6,61.6,8,17,0.14,22,36,14,86172
1091,AL,Marengo County,61.0595,29.73,10.05,1,14,14,4,33.33333333,27.61959839,19.1,46.2,9.9,35.3,19.9,18851,43825,4.1,13.8,20.61,2.7,50.8,44.3,9,26,0.18,33,46,20,47228
1093,AL,Marion County,75.3349,35.15,12.59,0,14,14,4,33.33333333,3.031882048,15.9,39.7,10.8,32.8,19.1,29184,50088,5,12.4,21.42,3.2,3.5,89.7,12,23,0.2,30,40,19,48829
1095,AL,Marshall County,65.4965,27.3,9.36,1,14,14,23,4.545454545,22.27233505,13.3,38.3,8.2,28.4,16.2,99748,62571,3.9,12.3,17.09,17.2,2.5,76.4,12,21,0.18,28,39,17,59882
1097,AL,Mobile County,46.8379,17.77,5.76,1,14,14,60,7.142857143,25.04710388,15.4,42.1,8.7,29.7,18.8,412590,58880,5.3,11.9,17.34,3.5,35.7,54.8,11,25,0.16,29,42,19,55538
1099,AL,Monroe County,79.1776,42.18,11.69,0,14,14,5,0,18.62160873,19,42.5,10,34.5,19.5,19388,42292,10.4,14.1,21.63,0.2,41.9,53.6,11,26,0.19,33,43,21,49314
1101,AL,Montgomery County,36.3636,13.26,3.95,1,14,14,31,-8.823529412,27.68443108,17.1,44.2,7.8,30,17.4,226718,59386,5.9,16.3,16.18,5,58.8,29.7,11,25,0.16,30,45,18,60063
1103,AL,Morgan County,60.1634,20.2,8.24,1,14,14,13,-27.77777778,22.62591743,15.3,38.7,8.9,31,17.3,124471,68845,3.7,9.1,17.97,10.6,12.5,72.1,12,22,0.16,30,39,18,70387
1105,AL,Perry County,83.2271,56.79,14.2,0,14,14,0,0,39.52987289,22,48.3,10.7,39.5,21.1,8031,37654,16.5,23.2,21.62,0.2,71.2,27.8,10,33,0.21,39,50,24,34176
1107,AL,Pickens County,73.2033,33.45,11.98,0,14,14,4,-20,4.150253296,17.2,43.8,9.5,34.2,19.4,18721,46274,4.7,13.1,19.89,3.6,40.9,52.8,10,26,0.19,33,44,20,47372
1109,AL,Pike County,58.9236,26.46,8.13,1,14,14,6,-14.28571429,23.18982506,13.1,37.7,6.8,29,14.3,32987,48677,3.7,12.8,15.58,2.7,37.1,54.6,11,22,0.17,30,41,16,50675
1111,AL,Randolph County,81.9736,33.5,13.58,1,14,14,0,0,29.32252312,16.2,40.3,9.7,32.6,18.9,22510,52338,3.8,15.3,21.86,3,15.5,74.6,12,24,0.18,31,41,20,57148
1113,AL,Russell County,45.3884,17.43,6.06,1,14,14,10,-16.66666667,14.89298248,17.5,47.1,8.4,33.9,20.3,58811,51197,6.2,16.7,15.27,6,45.1,43.9,11,26,0.19,33,47,20,52312
1115,AL,St. Clair County,82.3998,26.08,10.62,1,14,14,12,-14.28571429,9.671304703,12.6,33.4,7.6,26.1,15.3,94166,77463,4.6,8.2,17.87,3,10,83.1,9,18,0.15,25,33,15,78349
1117,AL,Shelby County,64.6255,13.62,6.99,1,14,14,34,30.76923077,34.44702911,10.9,32,6.1,21.1,10.7,230211,97961,2.9,5,16.84,7.6,13.4,73.2,7,15,0.13,21,32,11,90280
1119,AL,Sumter County,65.0398,40.36,11.07,0,14,14,3,50,18.03922462,18.7,42.4,8.6,35.9,17.9,11878,33310,12.1,22.5,19.82,0.7,68.1,25.7,10,30,0.19,36,45,21,37021
1121,AL,Talladega County,72.1726,30.54,9.7,1,14,14,6,-25,18.60338783,16.9,42.6,9,33,18.2,81021,57776,6.8,15.5,19.38,2.4,29.8,61.8,10,24,0.18,31,43,19,59491
1123,AL,Tallapoosa County,79.7801,31.43,13.88,1,14,14,5,-16.66666667,7.45025444,16.9,41.8,10.1,31.9,17.3,40938,59356,4.9,13.5,23.29,2.9,23.2,67.8,11,23,0.18,29,42,18,60583
1125,AL,Tuscaloosa County,46.432,13.8,5.2,1,14,14,30,20,21.46758842,12.2,39.5,6.5,27.3,16.2,237552,66231,5.8,10.9,13.94,5.6,30.8,58.9,9,21,0.15,28,41,18,61117
1127,AL,Walker County,79.3814,34.17,12.17,1,14,14,9,-10,8.643557549,15.8,43.1,10.1,35.8,21.2,64841,56509,4.9,13.7,19.65,3.8,6.3,86.2,11,25,0.2,34,43,22,57950
1129,AL,Washington County,91.6457,40.95,13.22,0,14,14,4,33.33333333,11.17817497,17.4,41.4,10.2,33.8,20.3,15143,61042,4.9,17.4,21.03,1,24.1,65,8,25,0.16,32,42,21,57311
1131,AL,Wilcox County,96.8636,52.72,14.54,0,14,14,3,-57.14285714,41.9684639,23.1,47.8,11.1,42.6,23.6,10172,40640,11.8,23.5,21.7,0,70,27.5,11,34,0.2,41,49,25,34426
1133,AL,Winston County,79.8663,36.47,13.56,0,14,14,5,-16.66666667,4.220640182,15.5,36.8,10.6,31.3,17.6,23682,57256,3.6,12.5,22,3.7,1,90.4,12,21,0.2,28,36,18,52280
2013,AK,Aleutians East Borough,93.93,33.33,4.63,0,11,10.6,4,0,39.04699707,12.8,31.7,6,30.4,18.2,3491,65365,8.4,15.2,13.06,8.7,3,16.9,24,20,0.12,30,31,17,83000
2016,AK,Aleutians West Census Area,61.292,17.95,2.49,0,11,10.6,0,0,21.40064049,10.7,30.1,5,26.7,17.5,5235,135500,4.3,6,5.96,13.7,7,24.2,20,17,0.13,27,29,16,104159
2020,AK,Anchorage Municipality,30.7505,4.84,2.01,1,11,10.6,28,-15.15151515,28.39202499,8,29.6,5.1,19.7,13.4,288976,103284,4.6,5.3,12.87,9.5,4.8,54.2,11,14,0.11,20,30,14,93881
2050,AK,Bethel Census Area,77.941,46.36,4.83,1,11,10.6,21,-8.695652174,68.64164734,13.3,41.1,8.4,34,33.3,18394,73996,15.9,22,8.36,1.5,1.2,8.3,13,30,0.2,35,42,34,62140
2060,AK,Bristol Bay Borough,99.86,20.38,8.31,0,11,10.6,0,0,56.30888748,10.9,32.1,8,21.6,17.4,918,95625,4.4,0.6,18.52,5,0.5,48.6,15,17,0.14,21,32,18,99790
2068,AK,Denali Borough,100,33.1,7.5,0,11,10.6,0,0,99.97553253,8.4,32.1,6,21.4,16.3,1969,80781,0.9,3.6,12.24,8.1,2.7,71.8,10,14,0.11,21,31,15,86118
2070,AK,Dillingham Census Area,84.0497,40.04,5.98,0,11,10.6,5,25,50.78443909,13.2,37.3,8.6,27.9,27.7,4724,78533,10.5,19.4,12.04,3.7,0.7,14.3,15,26,0.15,28,37,27,62598
2090,AK,Fairbanks North Star Borough,71.082,15.07,4.16,1,11,10.6,9,28.57142857,38.72491837,7.2,31.8,4.9,20.3,14,95460,88267,5.3,2.8,12.74,8.5,3.9,66.8,13,14,0.11,20,32,14,86780
2100,AK,Haines Borough,58.98,20.21,7.29,0,11,10.6,4,33.33333333,20.68778229,10.1,32.6,8.4,21.1,14.7,2086,86927,4.7,3.3,21.86,4.6,0.6,71.4,9,14,0.13,20,33,16,78649
2105,AK,Hoonah-Angoon Census Area,100,31.34,13.39,0,11,10.6,5,25,99.39092255,14.1,32.2,10.4,26.8,19.9,2311,61406,15.8,6.5,28.26,11,0.3,48.1,15,19,0.15,25,32,21,64720
2110,AK,Juneau City and Borough,64.1376,10.44,4.86,1,11,10.6,6,50,20.70424461,8.7,33.4,6,21,15,31794,101661,4,4.8,15.99,7.1,0.6,61.4,12,13,0.1,20,33,15,99748
2122,AK,Kenai Peninsula Borough,82.64,23.87,9.07,1,11,10.6,18,5.882352941,23.65279961,9.7,32.5,7.7,21.3,15.9,60413,80538,7,7.2,20,4.4,0.6,77.5,15,16,0.14,20,32,16,74185
2130,AK,Ketchikan Gateway Borough,35.1124,6.26,3.25,1,11,10.6,4,0,1.602838278,9.9,34.5,6.9,21.2,15,13768,92885,3.1,5,17.67,5.4,0.5,60.4,13,15,0.13,21,34,15,87760
2150,AK,Kodiak Island Borough,53.7173,13.66,3.95,1,11,10.6,5,0,42.67789459,9.6,30.3,5.9,22.6,16.7,12771,86250,5,6,13.91,8.3,0.7,45,18,16,0.12,23,30,17,86250
2158,AK,Kusilvak Census Area,62.89,46.54,3.41,0,11,10.6,16,23.07692308,0,15.6,45.5,9.3,38.8,38.2,8176,51471,19.8,32.2,6.82,1.3,1,2.9,12,37,0.25,40,46,38,42029
2164,AK,Lake and Peninsula Borough,100,41.6,7.79,0,11,10.6,0,0,99.99880219,13.3,39,8.6,27.9,23.9,1013,65625,8.6,13.9,10.66,2.8,1.4,15.9,19,22,0.15,27,38,24,62547
2170,AK,Matanuska-Susitna Borough,79.7916,19.79,6.07,1,11,10.6,8,-20,28.88308525,9.3,32,6.8,26.3,19.7,112988,94031,5.8,6.9,13.72,5.4,1.1,75.7,12,19,0.12,26,31,20,94376
2180,AK,Nome Census Area,50.7727,31.44,2.7,0,11,10.6,17,-10.52631579,23.13319206,12.8,37.1,8,30.4,33.3,9866,78681,16.9,20.8,8.87,2.2,0.6,13.4,16,29,0.18,31,37,33,75296
2185,AK,North Slope Borough,50.4578,11.39,1.91,0,11,10.6,8,0,37.91080475,10.4,41.9,6.6,23.9,23.5,10810,95694,7.6,12.6,8.09,5.4,1.2,31,13,19,0.13,25,41,22,103556
2188,AK,Northwest Arctic Borough,52.7876,32.91,2.79,1,11,10.6,7,-12.5,46.17339706,13,37.9,8.2,30.1,29.2,7441,84018,16.7,15,8.47,2.3,0.6,9.2,15,27,0.18,31,38,29,78619
2195,AK,Petersburg Borough,36.76,5.63,3.9,0,11,10.6,0,0,4.391679764,10.4,31,8,22.1,16.1,3409,75125,3.8,4.3,23.53,10.9,1.3,61.5,20,15,0.12,21,30,16,68449
2198,AK,Prince of Wales-Hyder Census Area,41.4958,15.28,4.42,0,11,10.6,6,20,22.71344948,13.9,38.3,10.1,26,22.3,5715,61156,7.7,8.7,20.59,3.8,0.2,43.6,19,20,0.17,24,38,22,57304
2220,AK,Sitka City and Borough,34.5282,6.25,3.19,1,11,10.6,3,-25,34.52976608,9.7,32.5,6.9,21.8,15.8,8368,101727,6.8,6.5,17.67,6.9,0.3,57.6,14,15,0.11,21,32,16,89264
2230,AK,Skagway Municipality,8.5,1.49,0.77,0,11,10.6,0,0,0.341358095,9.4,34.2,7.1,23.9,18.5,1244,81136,9.1,1.9,18.25,6.4,0.8,68.8,14,16,0.13,23,33,18,79412
2240,AK,Southeast Fairbanks Census Area,88.8393,25.27,8.33,0,11,10.6,3,-25,29.73569679,10.3,38,7.9,26.4,20.2,7068,73882,6.5,9.4,15.65,6,0.8,72.2,15,18,0.15,26,37,20,79014
2275,AK,Wrangell City and Borough,36.97,8.74,5.68,0,11,10.6,0,0,0,12.5,33.8,9.7,25.2,17.9,2088,63750,4.3,10.3,27.39,3.8,0.1,56.4,19,17,0.15,23,34,19,65011
2282,AK,Yakutat City and Borough,42.29,15.71,4.35,0,11,10.6,0,0,21.35372353,13.2,33.2,9.5,26.6,20.5,527,85000,0.9,2.2,26.76,8.7,4.7,24.9,22,20,0.13,25,33,21,77108
2290,AK,Yukon-Koyukuk Census Area,90.3317,43.67,9.36,0,11,10.6,0,0,0.301190734,15.6,39.4,10.8,30.9,28.2,5195,55741,5.4,11,17.31,2.2,1.9,21.6,17,27,0.2,31,40,29,49498
4001,AZ,Apache County,87.6765,55.11,10.09,1,11,11,11,22.22222222,89.56611633,20.1,38.8,11.4,32.4,26.3,65341,41438,10.7,25.1,16.84,6.4,1,18.8,13,33,0.22,32,39,27,43121
4003,AZ,Cochise County,68.7548,23.82,12.54,1,11,11,8,-11.11111111,54.71744537,13.9,32.6,9.3,26.1,14.8,125566,59742,7.4,11.3,24.82,34.7,2.9,54.1,14,19,0.15,24,33,15,53011
4005,AZ,Coconino County,51.7741,18.37,5.71,1,11,11,13,-18.75,43.89905167,9.9,25.2,6.2,17.3,12.4,144508,72966,5.6,10.1,14.5,15.5,1.4,52.2,11,18,0.14,18,27,14,71528
4007,AZ,Gila County,63.3451,28.32,14.18,1,11,11,18,-10,32.45462799,16.5,33.8,11.1,27,17,53795,61986,7.1,9.9,30.9,18,0.5,61.4,15,22,0.17,25,34,19,55804
4009,AZ,Graham County,81.3124,33.59,8.65,1,11,11,7,16.66666667,28.23313522,12.9,39.8,7,25.7,15.2,39232,67325,7.7,13.9,14.5,30.8,1.6,52.7,14,22,0.15,26,40,16,66469
4011,AZ,Greenlee County,64.7718,28.34,11.18,1,11,11,6,0,39.64398575,12,32.5,6.5,25.3,13.3,9409,71164,2.3,6.2,14.12,46.7,1.4,45.1,11,20,0.14,25,33,13,71273
4012,AZ,La Paz County,78.9745,40.86,29.85,1,11,11,0,0,32.91820908,19.7,33.7,14.9,34.3,16.7,16664,49478,10,14.3,43.14,25.6,1.4,57.3,16,25,0.19,29,36,19,48801
4013,AZ,Maricopa County,23.6642,6.2,3.24,1,11,11,7,16.66666667,53.38379669,11.4,32.6,6.5,22.5,11.7,4559748,89300,4.5,7.5,16.29,31.2,5.4,52.5,12,17,0.12,22,33,12,86973
4015,AZ,Mohave County,64.8637,26.47,16.13,1,11,11,466,-0.214132762,20.8258667,15.7,36.2,11.5,31.1,16.8,220517,57684,7.3,11.5,32.62,17.1,1,74.9,14,21,0.16,27,37,18,56302
4017,AZ,Navajo County,74.459,40.23,10.01,1,11,11,19,11.76470588,45.86861801,16,38.1,10.2,27.1,21.5,108415,54606,8.8,20,20.13,10.9,1,42.7,14,26,0.19,26,39,22,51011
4019,AZ,Pima County,36.4403,10.6,6.53,1,11,11,13,-7.142857143,44.54315567,11.7,31.5,7.1,25.3,12.8,1060490,70315,5.5,9.5,21.59,36.4,3.3,50.5,12,19,0.14,25,33,14,69553
4021,AZ,Pinal County,66.0159,21.5,9.28,1,11,11,125,2.459016393,28.64681244,14,38.4,8.1,26.4,14.8,469006,80266,6,7.8,21.54,29.8,5.1,54.9,13,20,0.12,25,39,15,77290
4023,AZ,Santa Cruz County,60.2849,28.97,7.3,1,11,11,24,-22.58064516,45.73484421,16.9,31.5,8,27.9,12.4,48926,55217,12.2,16.2,19.27,82.5,0.1,15.3,20,25,0.18,28,32,14,52400
4025,AZ,Yavapai County,67.5156,22.91,16.42,1,11,11,7,-30,36.2806282,13.8,27.1,10,25.2,14.4,245480,69613,4.3,7.4,34.14,15.4,0.5,77.4,14,17,0.14,22,28,15,67317
4027,AZ,Yuma County,36.6431,15.64,7.16,1,11,11,27,-6.896551724,35.75042343,15.5,40.5,8.7,31.3,13.3,211741,62876,6.9,13.4,20.67,64.9,1.5,29,17,25,0.19,31,42,14,61225
5001,AR,Arkansas County,64.7273,28.81,10.28,1,13,12.6,28,-9.677419355,24.71905518,17.2,40.9,10,38.2,22.1,16515,53164,8.1,11.7,20.13,4.1,26.1,67.1,9,26,0.18,36,41,23,50198
5003,AR,Ashley County,60.0822,25.2,9.33,1,13,12.6,4,33.33333333,47.04374695,18.6,41.9,11,38.4,20,18429,44266,5.5,16.7,21.5,6.4,23.7,67.3,11,26,0.21,36,42,21,49560
5005,AR,Baxter County,70.3629,26.39,19.84,1,13,12.6,0,0,21.75689888,16.8,41,12.3,33.6,19.6,42407,48452,6.3,9.1,30.99,2.9,0.3,91.5,11,22,0.2,29,41,21,48804
5007,AR,Benton County,55.7012,15.2,7.57,1,13,12.6,7,-12.5,16.42983246,11.4,34.3,6.5,23.2,13.8,303632,93506,3.1,5.4,13.75,18.5,1.8,58,11,17,0.14,23,34,14,92632
5009,AR,Boone County,70.8338,26.55,12.6,1,13,12.6,49,32.43243243,24.89488411,13.9,39,9,30.5,18.5,38138,55143,2.5,7.5,21.19,3.2,0.3,92.5,10,21,0.18,30,39,20,56154
5011,AR,Bradley County,59.5872,26.36,10.89,0,13,12.6,6,-14.28571429,20.88229942,18.1,41.5,9.9,37,21.5,10208,41476,6.6,17.9,18.96,15.9,25.9,53.9,12,28,0.18,36,42,22,44525
5013,AR,Calhoun County,100,40.66,17.19,0,13,12.6,0,0,23.76347733,16,38.4,9.2,33.5,20.5,4704,66809,5.6,6.5,23.77,3,17.2,72.4,9,24,0.16,33,39,23,57689
5015,AR,Carroll County,68.9172,27.17,13.17,1,13,12.6,0,0,65.4903183,16.5,35.7,10.7,32.4,18.1,28626,54230,4.7,13.7,23.42,15.7,0.3,70.3,17,23,0.17,30,36,18,53986
5017,AR,Chicot County,66.6472,32.63,12.61,1,13,12.6,8,60,16.38960648,22,44.4,11.2,41.2,22.7,9765,39045,9.1,15.8,22.31,6.4,53.3,38.6,12,31,0.21,39,45,23,40381
5019,AR,Clark County,59.5455,21.9,9.49,1,13,12.6,0,0,32.60532761,14.1,37.1,8.2,31.2,17.6,21125,52034,3.8,13.2,16.43,5.6,23.2,67.3,10,26,0.19,33,40,22,53561
5021,AR,Clay County,58.0628,24.19,11.75,1,13,12.6,0,0,26.48617935,15.9,37.7,10.8,35.3,22,14280,51481,6.3,13.3,21.79,1.1,0.1,93.5,12,25,0.21,34,38,24,47663
5023,AR,Cleburne County,75.6443,27.35,18.15,1,13,12.6,4,0,16.07542992,16,35.9,11,32.1,18.5,25226,55798,6.4,10.8,27.39,3,0.3,91.5,11,23,0.19,30,37,21,56692
5025,AR,Cleveland County,86.0006,34.78,14.12,0,13,12.6,5,-28.57142857,17.41594124,17.2,40.9,10.9,37.7,23,7453,54794,2.2,10.9,21.2,1.4,12.5,83.5,8,26,0.18,35,41,24,54458
5027,AR,Columbia County,63.4318,27.42,9.99,1,13,12.6,0,0,22.09662247,15.1,38.5,8.3,31.1,17.4,22349,55334,3.2,17.1,17.47,3.5,34.4,58.2,9,24,0.19,31,41,20,44175
5029,AR,Conway County,72.2499,28.91,11.71,1,13,12.6,3,0,19.53101349,16.8,41.5,10.4,36.9,23.3,21054,54187,6.4,14.7,19.75,4.7,11.5,79.4,9,27,0.21,35,41,24,53863
5031,AR,Craighead County,49.8655,20.38,5.44,1,13,12.6,0,0,22.12415314,12.7,36.9,7.9,33.1,19.3,113249,59548,5.6,14.5,13.88,6.3,16.6,70.8,11,23,0.19,33,38,20,60204
5033,AR,Crawford County,70.1083,27.4,9.43,1,13,12.6,22,4.761904762,21.33138084,14.7,39.7,9.3,31.6,18.8,61139,64132,4.1,9.9,17.92,8.6,1.3,79.3,11,23,0.19,30,40,19,63905
5035,AR,Crittenden County,35.2173,16.29,3.75,1,13,12.6,7,-12.5,34.37975693,17.4,41.3,8.2,35.8,21.6,47266,55358,10.2,16.1,15.28,3.3,50.9,38.8,10,28,0.17,36,42,23,52153
5037,AR,Cross County,60.2524,25.53,8.99,1,13,12.6,7,-22.22222222,22.53043747,16.8,38.5,9.8,34.4,21.3,16543,50863,10.7,17.7,18.88,2.3,15.8,71.6,11,26,0.2,33,39,22,47669
5039,AR,Dallas County,62.3039,29.83,10.44,1,13,12.6,4,33.33333333,29.16385269,19.1,43.6,10.6,37.9,20.7,6242,42500,8.2,11.3,25.47,1.1,42.6,52.1,8,25,0.17,35,44,22,46701
5041,AR,Desha County,62.8049,35.79,9.58,1,13,12.6,0,0,51.96455002,21.5,45.1,11.1,42.4,25.2,10786,37662,8,20.2,20.1,7.2,49,42.5,12,34,0.21,41,45,26,43469
5043,AR,Drew County,64.5274,23.94,9.93,1,13,12.6,4,0,32.44397736,15.3,40.4,8.6,34.4,19.2,17046,42824,5.9,15.5,18.23,4.4,26.9,64.7,10,25,0.19,34,42,21,48746
5045,AR,Faulkner County,64.9121,22.28,6.37,1,13,12.6,0,0,24.13800812,11.8,36.3,6.7,24.6,14.7,127717,67289,3.4,9.9,13.74,5.7,11.7,76.9,9,19,0.17,26,38,16,68543
5047,AR,Franklin County,74.5549,31.9,11.83,0,13,12.6,11,-15.38461538,32.80495453,15.8,40.2,10.3,37.1,23.4,17326,55886,4.9,12,20.68,3.3,0.2,86.1,11,26,0.21,36,40,24,54077
5049,AR,Fulton County,87.9729,43.13,19.48,0,13,12.6,3,50,4.675597668,19.1,38.8,13.8,41.4,25.1,12302,42241,4.6,11.2,26.01,1.9,0.3,92.3,11,28,0.19,38,39,26,46346
5051,AR,Garland County,65.9978,24.24,13.86,1,13,12.6,0,0,13.90838909,15.3,37.6,10,30.1,16.4,100035,57181,5.7,11,24.69,7.5,7.6,79.2,11,20,0.2,28,38,17,53849
5053,AR,Grant County,74.9243,25.95,10.58,1,13,12.6,13,-18.75,29.23083305,13.2,35.4,8.6,30.9,19.5,18242,71549,4.5,8,18.47,2.9,2.7,91.1,8,21,0.18,30,36,20,64306
5055,AR,Greene County,63.5836,22.46,8.37,1,13,12.6,0,0,35.48677826,14.3,37.5,9.1,34.3,22.1,46432,57839,5.9,13.6,16.22,3.7,2.2,88.4,9,24,0.2,33,38,23,55444
5057,AR,Hempstead County,70.7512,30.64,12.07,1,13,12.6,6,-14.28571429,18.00772285,17.5,40.8,9.4,34.3,19.8,19508,46787,5.6,14.8,18.66,15.3,28.6,51.5,12,26,0.19,33,41,21,50576
5059,AR,Hot Spring County,79.0748,29.34,12.43,1,13,12.6,4,33.33333333,31.5890522,15.6,38.7,9.5,33.6,21.4,33180,55405,3.7,9.5,20.05,4.1,11.1,80.6,9,24,0.2,32,39,22,53767
5061,AR,Howard County,75.2168,32.6,12.21,1,13,12.6,5,-16.66666667,24.93583298,15.6,39.2,8.9,31.6,17.7,12583,45603,5.4,21.6,18.84,12.6,20.8,62.9,12,24,0.18,31,40,19,47308
5063,AR,Independence County,73.2045,30.97,10.8,1,13,12.6,0,0,34.78097916,14.8,39.2,9.7,34.7,22.6,38175,56609,3.9,14.3,17.57,8.9,1.8,82.1,12,26,0.2,34,40,24,59695
5065,AR,Izard County,80.3946,32.56,17.77,0,13,12.6,7,0,12.08283043,15.4,35.9,10.3,32.4,19.8,14009,49405,7.2,15.7,25.15,3,1.6,87.4,12,23,0.22,31,37,22,47320
5067,AR,Jackson County,70.6195,36.53,9.95,1,13,12.6,3,-25,0.924698174,16.1,40.6,9.5,37.6,24,16712,44218,9.8,18.3,17.94,3.3,15.2,75.1,10,28,0.22,37,41,25,45762
5069,AR,Jefferson County,53.3914,20.97,7.89,1,13,12.6,0,0,27.42853928,17.3,43.7,8.5,35.4,22.2,64802,51096,8.1,14.8,18.6,2.7,56.3,36.7,8,28,0.17,35,45,24,49581
5071,AR,Johnson County,75.5164,37.13,11.26,1,13,12.6,17,13.33333333,25.99846268,16.3,38.9,10.3,38.4,23.1,26003,45995,4.6,12.9,17.01,13.9,1.4,76.7,14,29,0.21,37,39,24,50387
5073,AR,Lafayette County,84.4268,41.87,16.49,0,13,12.6,0,0,27.26192474,21.2,42.7,12.4,42.1,24.6,6136,41278,5.3,14.3,25.81,0.6,36.9,57.7,13,31,0.19,39,43,26,43824
5075,AR,Lawrence County,68.337,29.53,11.5,1,13,12.6,0,0,21.05417633,15.6,41,10.5,36.7,23,16238,44882,5.8,14.8,18.95,2.2,0.9,91.7,11,27,0.21,35,42,24,49015
5077,AR,Lee County,73.3704,35.28,11.34,1,13,12.6,0,0,37.96455002,20,44.9,10.3,40.9,25.7,8359,34375,19.1,31.9,20.42,3.1,54.5,39.6,10,32,0.21,40,45,27,36735
5079,AR,Lincoln County,92.8257,44.5,11.07,0,13,12.6,0,0,44.63252258,15.1,39.5,8.3,36.3,23.2,12950,51778,2.7,14.7,14.78,5.1,27.7,61.7,11,28,0.17,36,40,24,53381
5081,AR,Little River County,80.2416,31.07,13.5,0,13,12.6,0,0,33.21273041,15.8,38.6,9.4,33.6,19.6,11821,53344,7.3,10.5,21.33,4,19,71.6,8,23,0.16,32,39,21,48837
5083,AR,Logan County,72.8494,33.67,11.6,1,13,12.6,0,0,3.083001852,15.7,38,10.3,35.2,21.4,21277,58555,5.6,8.4,19.94,3.5,1.5,88.2,11,24,0.19,32,38,21,51290
5085,AR,Lonoke County,70.3305,21.88,7.51,1,13,12.6,3,50,16.22493744,13.1,38.4,7.8,27,18.3,75272,72828,4.4,7.6,14.65,5.4,5.5,83,8,20,0.16,26,38,18,74687
5087,AR,Madison County,84.9694,36.55,13.09,0,13,12.6,6,0,16.44862175,15.4,36,10.1,35.8,22.3,17329,56798,5.3,10.8,19.71,6.5,0.1,68.3,12,25,0.18,34,36,23,52262
5089,AR,Marion County,77.4855,35.33,17.81,0,13,12.6,0,0,26.14719582,18.2,37.2,12.8,33.3,20.5,17228,48619,4.9,11,28.98,2.7,0.1,91.4,11,23,0.21,29,37,21,49975
5091,AR,Miller County,64.3712,23.09,9.28,1,13,12.6,3,0,10.02939606,15.9,43.7,9,35.5,22.9,42360,48836,7.1,18.5,17.11,4.1,25.2,65.8,11,27,0.19,35,44,24,50421
5093,AR,Mississippi County,50.223,24.69,6.11,1,13,12.6,7,0,27.0833931,17.6,42.9,9,38.6,24.1,39126,52548,6.9,17,15.55,4.9,34.4,55.8,10,29,0.2,38,43,24,49484
5095,AR,Monroe County,52.8378,26.32,10.56,1,13,12.6,8,-20,16.94853783,20.7,43,11.6,41.3,23.4,6589,43214,9.8,15.2,23.46,2.9,40.2,52.8,11,29,0.2,38,43,24,40631
5097,AR,Montgomery County,88.4829,40.15,18.54,0,13,12.6,3,0,28.32777214,18.2,39.8,12.3,35.3,20.4,8553,48906,5.8,17.8,27.25,5,0.8,89.3,13,24,0.22,31,40,21,48991
5099,AR,Nevada County,72.9316,36.72,13.58,1,13,12.6,0,0,23.05571938,18.8,41.4,10.7,37.2,21.7,8159,53886,4.6,15.7,21.69,4.8,31.2,62.6,9,27,0.22,35,42,23,45562
5101,AR,Newton County,95.966,40.11,19.15,0,13,12.6,0,0,54.16181183,16.7,39.2,11.3,35.9,21.8,7112,48986,4.1,14.5,27.73,1.7,0.2,92.5,10,24,0.17,33,40,23,46307
5103,AR,Ouachita County,67.6643,30.85,11.37,1,13,12.6,3,50,28.87794876,18.1,42.4,9.7,35.4,20.2,22085,49268,5.2,13.1,21.37,2.6,40.8,53.9,9,25,0.19,33,43,21,49690
5105,AR,Perry County,87.1915,33.03,14.29,0,13,12.6,6,20,34.66252136,15.5,37.7,10,32.2,19.7,10101,55764,4.1,8.3,21.09,3.5,3.1,89.4,10,22,0.19,30,38,20,57996
5107,AR,Phillips County,72.966,37.66,11.6,1,13,12.6,0,0,14.2723465,22.2,50.7,11.1,43.6,23.6,15450,40134,14.5,24.9,20.71,2.1,60.2,32.9,10,33,0.22,42,51,25,37338
5109,AR,Pike County,70.9723,31.1,11.78,0,13,12.6,4,-33.33333333,36.08113098,15.3,36.9,9.8,33.2,19.6,10115,49269,3.9,16.5,20.99,8,3.3,83.4,12,23,0.2,32,37,21,53108
5111,AR,Poinsett County,59.0504,29.69,9.01,1,13,12.6,4,0,23.05731964,16.6,40.6,10.5,37.7,25.9,22543,46707,6.4,13.8,18.5,3.8,5.3,84.2,11,30,0.22,37,41,27,51635
5113,AR,Polk County,79.0094,39.38,14.23,0,13,12.6,5,0,19.30390739,16.3,36.6,10.7,34.5,20.6,19361,49191,7.3,12.1,22.72,7,0.1,86.3,12,23,0.2,32,37,22,47766
5115,AR,Pope County,66.4395,24.9,8.67,1,13,12.6,0,0,32.33204269,13.9,35.2,9.1,28.9,18.2,64131,57344,5.1,12.3,16.49,11,2.2,80.6,11,23,0.19,29,36,19,59016
5117,AR,Prairie County,59.8388,25.11,12.11,0,13,12.6,7,-12.5,23.26810265,16,37.8,10.3,35.3,21.9,8064,51646,3,6.8,23.56,2.4,9.9,83.4,10,26,0.17,34,38,24,54962
5119,AR,Pulaski County,46.7417,17.51,5.31,1,13,12.6,3,0,4.45620203,14.1,38.1,7.7,27.4,16.3,399818,62873,4.7,12.7,16.67,8.4,36.7,48.2,10,20,0.16,27,38,17,61344
5121,AR,Randolph County,66.3469,30.11,12.23,1,13,12.6,62,8.771929825,33.03913116,15.7,37.2,11,36.1,22.8,18838,50911,5.3,17.3,19.33,2.6,1.1,88.9,11,26,0.21,34,37,23,51480
5123,AR,St. Francis County,85.107,35.32,10.42,1,13,12.6,5,66.66666667,16.23621559,18.8,44.5,9.6,40.8,25.6,22400,42574,9.2,24,17.89,3.7,54.4,39.3,12,34,0.21,41,45,27,41708
5125,AR,Saline County,70.602,17.34,11.17,1,13,12.6,5,-16.66666667,47.22037888,12.6,37.4,7.7,26.5,15.1,127479,79046,3.9,6.2,18.39,7.3,9.3,78.3,8,17,0.15,25,37,15,77844
5127,AR,Scott County,76.6892,39.96,12.79,1,13,12.6,13,8.333333333,29.77823639,16.7,38.3,11.1,35.3,22.2,9816,43270,6.2,13.8,20.15,7.9,1.1,83.1,10,25,0.2,32,38,22,46026
5129,AR,Searcy County,88.7771,44.77,18.19,0,13,12.6,0,0,34.38437271,19,40.9,13,38.8,24.2,7859,44426,3.7,14.1,25.55,2.2,0,88.4,10,28,0.25,36,41,25,40688
5131,AR,Sebastian County,35.9941,12.64,4.8,1,13,12.6,0,0,32.85917664,15.1,35.7,9.3,34.5,18.9,128900,57790,5.5,11,17.04,16,5.1,66.2,12,25,0.2,33,36,19,58112
5133,AR,Sevier County,75.4038,31.57,9.98,1,13,12.6,21,16.66666667,13.21709156,15.9,41.4,8.7,35.3,19.4,15712,53527,4.9,10.9,15.65,35.5,4.8,52.7,17,27,0.2,34,42,19,52845
5135,AR,Sharp County,84.4859,45.09,20.35,1,13,12.6,3,-40,29.3221817,16.2,37.3,11.1,37.2,22.3,17773,44637,8.1,12,25.49,2.5,0.5,90.9,11,26,0.2,36,38,25,45258
5137,AR,Stone County,89.1117,41.13,18.86,0,13,12.6,4,33.33333333,34.72457123,18.1,36.9,12.7,36.5,21.8,12568,40943,3.2,14.8,28.22,2.2,0.1,89.8,12,26,0.23,34,37,24,43767
5139,AR,Union County,69.6768,27.85,10.86,1,13,12.6,0,0,24.99615097,16.3,41.1,8.9,32.7,17.4,37900,55259,5.5,14.6,19.23,4.7,32.1,59.4,9,22,0.17,31,41,18,49664
5141,AR,Van Buren County,83.6742,39.84,17.54,0,13,12.6,4,-33.33333333,28.17696953,18.4,37,12.5,38.2,23.6,15998,50354,3.8,13.1,27.11,3.4,0.4,91.6,12,27,0.21,35,37,24,50332
5143,AR,Washington County,42.7516,13.6,4.6,1,13,12.6,3,50,10.39943027,11.3,32.3,6.8,27.8,16.5,256765,70639,3.4,8.5,12.34,18.6,3,59.9,14,22,0.17,28,34,17,66158
5145,AR,White County,64.0441,25.43,8.77,1,13,12.6,42,7.692307692,13.95819473,14.4,40.1,8.9,35.9,21.7,77838,55249,5.8,14.1,16.96,5,4.2,85,11,24,0.19,34,40,22,56178
5147,AR,Woodruff County,95.1228,42.78,17.15,0,13,12.6,11,0,23.62110901,19,40.9,11.3,37.9,22.1,6026,48158,5,18.5,24.81,1.4,24.8,69.2,9,28,0.18,36,41,24,43259
5149,AR,Yell County,75.0001,34.17,12.37,1,13,12.6,3,0,6.692777634,16.3,38.6,10.3,36.9,21,20134,55934,3.4,10.6,17.67,21.2,1.5,73.1,14,27,0.18,35,39,21,51997
6001,CA,Alameda County,8.8698,1.18,1.11,1,10,9.8,4,33.33333333,16.37342072,9.9,19.6,5.1,19.1,10.1,1649473,129367,5.4,5.7,15.41,23.4,9.3,27.4,5,15,0.1,19,19,10,119230
6003,CA,Alpine County,100,35.6,14.13,0,10,9.8,365,-1.88172043,8.083675385,11.7,29.3,8,18.8,12.3,1616,105521,4.4,8.9,21.1,13.4,0,57.1,6,15,0.12,18,30,13,83265
6005,CA,Amador County,67.5834,16.7,13.82,0,10,9.8,0,0,56.9692421,12.4,27.5,8.6,21,13.2,41428,88044,5.4,3.6,27.57,16,1.9,72.6,6,16,0.11,19,27,13,80767
6007,CA,Butte County,41.0626,13.9,7.74,1,10,9.8,12,-7.692307692,0.174186975,10.6,30.2,6.7,22.7,13.1,207929,67928,7.5,11.5,18.38,20,1.7,65.1,7,18,0.15,23,32,14,63084
6009,CA,Calaveras County,71.2446,22.53,14.99,1,10,9.8,40,-11.11111111,19.11343384,13.4,29.6,9.3,22.4,14,46248,78647,4.5,8.8,29.23,14.5,1,76.4,6,17,0.13,20,29,15,77041
6011,CA,Colusa County,47.0922,14.97,6.19,1,10,9.8,12,9.090909091,14.73611736,12.9,32,7.3,27.8,14.7,21984,75672,9.8,9.6,15.51,62.9,1.5,29.8,9,24,0.16,27,32,15,66675
6013,CA,Contra Costa County,24.4723,3.12,3.42,1,10,9.8,7,-30,39.32974625,11.2,28.6,6,19.4,10.4,1165012,127229,6.5,5.8,17.1,27.6,7.9,38.1,6,16,0.09,19,28,11,122000
6015,CA,Del Norte County,66.2539,26.95,8.96,1,10,9.8,224,12,23.22831154,13.5,33.9,9,28,19.3,27107,67058,6.4,8.2,20.48,19.9,2.5,59.9,8,24,0.15,27,34,19,70231
6017,CA,El Dorado County,66.6023,12.99,10.14,1,10,9.8,4,-33.33333333,34.40719223,10.3,24.7,6.9,16.1,9.8,192662,108845,4.5,5.4,23.49,14.5,0.8,73.1,5,13,0.1,15,25,11,107063
6019,CA,Fresno County,23.2545,9.2,2.31,1,10,9.8,33,3.125,25.22289085,13.1,38.6,6.3,26.1,14.1,1016725,74201,8.7,14.3,12.93,54.5,4.2,26.2,8,24,0.16,26,39,14,71271
6021,CA,Glenn County,44.6499,17.59,6.33,1,10,9.8,253,-1.556420233,13.32706928,12.6,33.6,7.4,27,14.9,28494,67139,8,13.6,17.17,45,0.2,47.5,9,23,0.14,27,34,16,64197
6023,CA,Humboldt County,37.1663,14.47,5.15,1,10,9.8,6,-25,23.44501114,10.7,32.1,7.3,21.6,15.8,134541,61160,9,10.9,19.82,14.2,1.3,69.5,7,20,0.16,22,33,17,61307
6025,CA,Imperial County,28.8732,14.27,2.71,1,10,9.8,40,-16.66666667,11.18627262,15.4,38,6.9,32.5,13.6,180202,57681,12.5,17.3,13.71,86,2,9.1,8,29,0.21,32,39,14,58768
6027,CA,Inyo County,52.8441,12.96,10.53,1,10,9.8,25,-28.57142857,17.6411171,12,29.6,7.7,21,12.9,18739,73991,2.5,7.9,24.95,24.2,0.5,58,6,17,0.13,20,30,14,71656
6029,CA,Kern County,29.4895,10.01,2.83,1,10,9.8,4,-20,28.88790321,12.8,35.6,6.3,30.5,16.5,915075,70210,8.6,15.3,11.86,56.5,4.8,29.6,9,26,0.16,31,36,17,68436
6031,CA,Kings County,41.3255,10.32,2.62,1,10,9.8,191,2.139037433,23.77233696,12.1,31.6,6,29,16,153298,70995,10.8,12.9,10.82,58.2,5.8,28,9,26,0.15,30,32,16,65768
6033,CA,Lake County,57.5312,23.46,10.64,1,10,9.8,39,39.28571429,33.02869034,12.6,30.2,8.5,23.6,13.2,68152,60621,11.1,11.1,23.9,24.6,2,64,8,19,0.15,22,31,14,57945
6035,CA,Lassen County,74.6346,14.14,6.89,1,10,9.8,24,0,4.177564621,11.2,32.7,7.3,24.1,16.7,30356,67403,8.3,9.9,16.51,22.6,6.1,61.3,7,21,0.14,24,33,17,77743
6037,CA,Los Angeles County,7.2308,1.6,0.91,1,10,9.8,7,0,31.89171219,12.3,26.2,5.4,23.1,10.7,9808667,90112,7.3,10.1,15.17,48.4,7.4,24.7,9,19,0.13,23,26,11,86499
6039,CA,Madera County,55.8094,21.07,7.26,1,10,9.8,1908,-3.636363636,6.531888485,13.5,34.9,7,29,15.1,160940,76627,10.1,14.4,14.38,60.9,2.4,29.9,11,25,0.16,29,35,15,66084
6041,CA,Marin County,16.7143,2.06,3.33,1,10,9.8,27,-28.94736842,14.49428177,9.8,23.5,6.4,14.2,7.3,257969,149091,6.1,4.1,23.78,19.5,2.1,65.1,5,11,0.09,13,24,8,139197
6043,CA,Mariposa County,88.2297,30.1,18.85,0,10,9.8,75,7.142857143,11.88754749,14.2,31.8,10.7,24.9,15.9,17082,68412,6,7.4,29.7,14.7,0.9,74,6,20,0.14,22,32,17,64352
6045,CA,Mendocino County,51.0379,19.74,8.53,1,10,9.8,5,0,8.073802948,12.6,29,8.3,22.6,13.6,90244,68092,9,10.6,24.55,27.6,0.6,61.1,8,20,0.15,22,29,15,65891
6047,CA,Merced County,32.7879,14.09,3.23,1,10,9.8,41,-10.86956522,14.48122978,13.3,34,6.6,30.5,17.4,290201,65510,10.6,15.7,11.72,63.4,2.6,23.2,9,29,0.17,31,35,18,58962
6049,CA,Modoc County,68.2155,29.28,14.57,1,10,9.8,55,-19.11764706,18.93742371,14.1,29.7,10.2,24.4,13.7,8600,59455,7.6,8.1,31.65,15.7,0.6,74.8,7,18,0.15,22,30,14,51996
6051,CA,Mono County,58.8846,17.63,7.87,1,10,9.8,5,25,40.5433197,10.3,29.2,6.5,19.8,12.6,13148,99415,3.1,6.5,17.47,27.1,0.1,64.9,10,16,0.1,19,29,13,82973
6053,CA,Monterey County,25.5158,7.12,3.31,1,10,9.8,6,0,57.09390259,11.9,32.3,6.5,25.8,13.6,437613,97230,5.2,9.5,14.87,61.6,2,26.9,11,23,0.13,26,33,14,86809
6055,CA,Napa County,25.7737,4.92,5.64,1,10,9.8,121,8.035714286,16.62983704,11.6,28.4,7.1,24.2,12.6,134869,111471,5.2,5.4,21.1,36.4,1.7,48.6,7,19,0.1,23,29,13,100469
6057,CA,Nevada County,72.7995,18.06,13.04,1,10,9.8,37,-7.5,12.0841713,12.6,29.8,8.8,23.8,15.5,102481,89882,5.4,6.8,29.31,10.7,0.3,80.7,6,17,0.11,21,30,16,87142
6059,CA,Orange County,8.838,1.14,1.17,1,10,9.8,29,16,34.76237869,11.1,25.7,5.7,20.7,10.7,3165820,116289,5.4,6.7,16.26,34.2,1.5,36.9,7,16,0.1,20,26,11,109768
6061,CA,Placer County,41.9995,7.35,7.58,1,10,9.8,509,2.620967742,8.671787262,10.6,25.9,6.5,17.5,11.2,419156,115998,4.8,4.5,20.47,15.7,1.6,65.5,4,14,0.09,17,26,12,110020
6063,CA,Plumas County,56.0468,12.88,13.95,0,10,9.8,65,1.5625,31.92909622,12.8,29.1,9.2,21.7,12.9,19423,66031,9.2,6.2,31.48,10.3,1,80.8,5,15,0.13,19,29,13,64121
6065,CA,Riverside County,31.705,9.62,4.18,1,10,9.8,11,22.22222222,6.298170567,11.3,33.7,6,24.2,11.3,2478600,93074,6.5,8.1,15.45,51.3,6,31,9,18,0.11,24,34,12,90251
6067,CA,Sacramento County,18.7607,4.69,2.13,1,10,9.8,353,1.146131805,24.48137856,11.4,34.1,6,23,12.9,1594006,92175,6.7,9.1,15.27,24.2,9,40.6,6,19,0.12,23,34,13,89984
6069,CA,San Benito County,36.9273,7.5,4.54,1,10,9.8,294,6.909090909,16.81353951,10.9,29,5.2,22.6,11.1,67290,114394,5.4,5,13.72,62.4,0.8,29.2,7,18,0.11,23,29,11,105112
6071,CA,San Bernardino County,30.7984,10.91,3.13,1,10,9.8,9,0,17.87343788,12.5,35.1,5.6,27,12.7,2197104,85478,7.1,10.6,12.61,55.2,7.5,24.7,9,22,0.12,27,35,13,84576
6073,CA,San Diego County,19.7735,4.11,2.48,1,10,9.8,308,-0.323624595,24.6561451,9.9,25.3,5.5,18.5,10,3288774,106268,6.1,6.9,15.44,34.6,4.4,42.4,7,16,0.11,18,25,10,103476
6075,CA,San Francisco County,0.5845,0.3,0.02,1,10,9.8,577,-0.345423143,14.92728519,9.9,17.6,4.7,16.5,8.6,830235,140970,6.1,6.1,17.65,16.2,4.7,36.8,4,13,0.11,16,18,9,125456
6077,CA,San Joaquin County,24.3926,7.34,2.45,1,10,9.8,347,-3.072625698,0.584507942,12.1,33.7,5.9,24.3,12.5,797334,92179,7.6,9.8,13.51,42.5,6.6,26.8,7,20,0.13,24,34,13,86211
6079,CA,San Luis Obispo County,37.0472,8.56,6.12,1,10,9.8,184,15,14.41291046,9.6,26.6,6.5,17.6,9.8,281555,97446,5.5,6.4,22.14,25,1.1,64.5,6,15,0.11,17,28,11,89809
6081,CA,San Mateo County,11.8054,1.17,1.88,1,10,9.8,60,-13.04347826,18.62209129,10.3,21.7,5.2,18.1,8.8,742340,158855,4.8,4,17.81,24.9,2,34.7,5,13,0.09,17,21,9,151004
6083,CA,Santa Barbara County,21.0451,5.32,3.19,1,10,9.8,181,-0.549450549,10.51721382,10.4,30.1,5.9,20.9,9,443701,98161,6.4,8.7,16.61,48.2,1.5,40.6,10,17,0.12,21,32,10,90155
6085,CA,Santa Clara County,9.4361,1.09,1.32,1,10,9.8,124,3.333333333,12.24394035,10.7,22.2,4.9,19.7,8.9,1902047,164281,4.9,4.4,14.83,25,2.2,27.2,5,15,0.09,19,22,9,154573
6087,CA,Santa Cruz County,30.3741,6.89,3.69,1,10,9.8,334,-4.022988506,8.487586975,10,28.2,6,20.6,10.4,264926,111093,6.1,6,18.98,35.2,0.7,53.9,7,17,0.12,21,29,12,102723
6089,CA,Shasta County,50.152,16.49,9.32,1,10,9.8,65,-8.450704225,22.58285332,11.7,28.8,7.8,20.8,13.5,181436,72636,6.3,8.3,21.5,11.8,0.8,75.3,7,16,0.14,19,29,14,71935
6091,CA,Sierra County,100,29.4,20.86,0,10,9.8,41,17.14285714,20.26103592,13.6,31.3,9.6,23.6,14.3,2746,63355,12.6,6.1,35.07,11,0.3,86,6,17,0.13,21,31,15,67675
6093,CA,Siskiyou County,61.7124,24.48,12.65,1,10,9.8,0,0,88.24990082,13.4,32.6,9.3,23.4,14.8,43466,59095,7.9,11.2,27.84,13.5,1.3,73.3,7,19,0.16,22,33,16,58975
6095,CA,Solano County,25.7988,4.49,2.99,1,10,9.8,14,-26.31578947,28.64460564,12.5,32.7,5.9,22.2,12.7,451918,100401,6.5,7.3,17.42,29.6,12.3,33.2,5,18,0.1,22,33,13,99117
6097,CA,Sonoma County,25.8532,5.11,4.79,1,10,9.8,73,1.388888889,21.65852165,10.3,28.2,6.4,18.3,10,485040,104674,5.7,5.1,21.52,30,1.5,57.9,7,14,0.11,17,28,11,100157
6099,CA,Stanislaus County,17.2414,5.84,1.99,1,10,9.8,141,0.714285714,13.29639339,11.3,34.5,5.9,25.6,12.6,553990,81468,8,10.8,13.77,50,2.6,36.3,7,20,0.14,26,35,13,81582
6101,CA,Sutter County,42.2053,13.76,5.84,1,10,9.8,124,-5.34351145,9.670941353,12.9,31.6,7.2,27.5,15.9,98857,79704,7.2,11.7,16.4,32.9,1.6,40.7,9,23,0.14,27,32,16,71968
6103,CA,Tehama County,64.7574,26.42,11.34,1,10,9.8,22,4.761904762,26.48299026,12.2,31.9,7.8,25.4,15.5,65167,63784,5.9,10.3,20.08,29.1,0.8,61.4,7,21,0.15,25,33,17,58333
6105,CA,Trinity County,76.1658,32.08,16.19,0,10,9.8,10,0,19.09017563,14.6,32.5,10.4,25.1,15.6,15860,53002,8.4,13.4,30.23,6.1,1.1,77.4,6,20,0.16,23,32,17,52079
6107,CA,Tulare County,27.7547,14.11,2.74,1,10,9.8,7,-22.22222222,17.60345078,13.1,37.6,6.4,30.5,15,478693,71300,9.3,14.7,11.93,66.6,1.3,25.5,10,26,0.17,31,38,15,71368
6109,CA,Tuolumne County,78.4725,21.75,15.36,1,10,9.8,112,-5.882352941,11.17565155,11.9,30.4,8.4,20.8,12.3,54498,77404,8.2,7.9,28.15,13.6,1.8,78,6,16,0.13,19,31,13,72329
6111,CA,Ventura County,19.3087,3.15,2.6,1,10,9.8,15,-6.25,27.83393669,11.5,28.9,6.2,21.6,10.5,837469,109797,5.7,6.6,17.41,44.3,1.7,41.9,9,18,0.11,21,29,11,106526
6113,CA,Yolo County,16.6393,3.77,1.74,1,10,9.8,175,4.790419162,14.8923502,9.7,26.2,5.4,23.6,11.3,220564,91752,6.1,7.7,13.47,33.4,2.4,41.8,6,19,0.12,25,29,13,91192
6115,CA,Yuba County,59.2914,20.84,6.04,1,10,9.8,41,-6.818181818,13.68048191,11.2,32.5,6.4,25.1,15.7,84507,76373,6.8,10.7,13.09,30.8,3.8,49,7,21,0.15,25,33,16,71493
8001,CO,Adams County,22.8791,5.69,1.6,1,10,10.1,12,20,21.46326065,9.6,34.2,5,23.1,15,530225,94571,4.6,7.3,11.3,42.8,3.3,45.2,10,19,0.12,23,34,15,95278
8003,CO,Alamosa County,50.4512,21.66,5.92,1,10,10.1,63,0,17.92021179,10.4,30.2,5.9,23,14.9,16581,55397,3.7,12.4,15.12,48.2,1.7,45.2,9,21,0.15,24,32,17,50056
8005,CO,Arapahoe County,16.8111,2.6,1.93,1,10,10.1,3,-25,27.69547081,8.2,25.7,5.1,17.5,12.3,659844,101087,5,5.9,14.42,21.7,10.5,55.2,10,14,0.1,18,26,13,97560
8007,CO,Archuleta County,85.1614,28.97,14.32,1,10,10.1,94,-1.052631579,13.63967705,10.9,25.1,8,18.2,10.7,13900,83065,1.3,5.3,28.76,16.6,0,77.4,11,14,0.12,16,25,11,74432
8009,CO,Baca County,41.0261,17.43,8.65,0,10,10.1,0,0,40.8861351,12.9,30.2,9.6,26.2,18.6,3428,46215,0.6,20.2,25.79,10.9,0.4,82.8,11,22,0.17,24,31,21,47421
8011,CO,Bent County,56.6,25.35,6.8,0,10,10.1,0,0,25.21711922,12.9,32.7,8.5,26.6,18.5,5549,50179,5.8,26.6,18.89,32.5,3.2,53.7,9,23,0.2,26,33,19,44960
8013,CO,Boulder County,24.9898,3.9,2.82,1,10,10.1,0,0,12.4341917,6.7,18,4.9,12.5,9.8,328961,103994,4.8,3.9,16.4,14.7,0.8,74.5,7,11,0.11,13,19,10,97170
8014,CO,Broomfield County,37.8163,5.04,4.22,1,10,10.1,60,-1.639344262,17.12729645,7,24.7,4.5,12.9,8.6,76304,123874,3.8,3,15.6,14.1,1.1,72.4,4,10,0.09,13,25,9,113162
8015,CO,Chaffee County,55.68,17.31,10.76,1,10,10.1,6,0,37.81659698,10.6,25.7,8.1,20.1,15.1,20178,84132,4.8,5,26.3,9.8,1.2,84.2,7,15,0.13,18,25,15,75298
8017,CO,Cheyenne County,53.17,15.37,8.6,0,10,10.1,9,28.57142857,10.79799175,10.2,27.3,7.8,19.6,13.2,1741,70865,0.4,8.5,19.64,10.8,1.8,78.3,11,15,0.11,18,28,14,63177
8019,CO,Clear Creek County,85.0346,15.11,10.51,0,10,10.1,0,0,33.85905457,8.5,25.9,6.3,15.1,10.9,9262,94577,4.8,3.8,22.69,7.8,0.1,85.8,6,12,0.1,15,26,12,94093
8021,CO,Conejos County,75.6745,40.14,11.35,0,10,10.1,0,0,12.28245163,13.8,30.3,8.2,25.2,13.8,7530,50978,4.8,8.9,20.57,49.8,0.1,46,9,21,0.15,24,31,14,53174
8023,CO,Costilla County,100,57.97,22.9,0,10,10.1,3,0,5.645966053,17.7,33.6,10.3,31.1,16.1,3607,36861,3.5,19.7,28.53,54.7,1.9,37.3,11,24,0.2,28,34,16,38731
8025,CO,Crowley County,80.11,43.85,6.93,0,10,10.1,0,0,100,11.3,33.6,6.9,25,19.4,5647,48826,3.9,16.3,15.48,29,6.6,55.7,12,24,0.19,25,33,19,46979
8027,CO,Custer County,75.33,29.6,18.38,0,10,10.1,0,0,1.830616593,12.5,27.4,9.6,20.3,13.2,5247,72674,3.7,7.8,33.12,4.2,0,88.9,9,14,0.11,18,27,14,77137
8029,CO,Delta County,65.0372,24.13,12.9,1,10,10.1,0,0,24.33793831,11.6,28.5,8.7,21.7,15.7,31598,57774,3.2,10,28.4,14.5,0.7,79.8,12,18,0.15,21,29,18,57075
8031,CO,Denver County,10.7862,4.26,0.88,1,10,10.1,6,-14.28571429,8.801888466,7.2,23.6,4.6,20.4,14.2,718877,94718,4.9,8,12.48,28,8.6,54,9,17,0.13,21,24,14,93572
8033,CO,Dolores County,100,37.31,18.8,0,10,10.1,111,-5.128205128,10.78614616,10.3,27.1,7.7,19.3,14.9,2432,64907,2.5,14.4,31.95,9.9,0,82.7,7,15,0.13,18,27,16,57701
8035,CO,Douglas County,41.7706,3.28,3.42,1,10,10.1,0,0,100,6.9,21.4,4.6,12.2,8.5,377150,149594,3.6,2.7,13.91,10.2,1.3,77,4,10,0.08,12,21,8,144807
8037,CO,Eagle County,48.6924,11.62,3.39,1,10,10.1,29,16,27.33545494,7.8,23.2,5,15.8,11.8,55135,104096,4.7,5.6,14.28,30.4,0.6,62.2,11,14,0.1,16,23,12,110598
8039,CO,Elbert County,91.817,14.86,8.86,0,10,10.1,16,-5.882352941,15.84585094,9.1,25.7,6.4,17,13.1,27874,132685,3.4,3.6,18.82,9.2,0.7,82.8,6,13,0.07,16,25,13,123083
8041,CO,El Paso County,38.6082,8.14,3.39,1,10,10.1,0,0,26.45143509,8.3,27.7,5.3,18.3,13,742999,90363,5.4,5.5,14.04,18.7,5.5,65.6,7,15,0.12,19,28,13,88794
8043,CO,Fremont County,65.052,17.64,10.38,1,10,10.1,62,1.639344262,28.51853752,11.2,29.3,8.1,21.3,15.8,49634,62664,4.3,9,22.91,13.2,3.3,77.8,9,17,0.15,20,29,16,61015
8045,CO,Garfield County,51.2119,13.24,4.24,1,10,10.1,4,-20,51.61820221,8.4,26.9,5.5,18.8,12.7,62479,91131,3.4,5.3,14.76,32.6,0.6,61.5,12,15,0.11,19,27,13,94696
8047,CO,Gilpin County,100,13.58,9.45,0,10,10.1,8,-20,17.61440277,9.5,26.5,6.7,16.5,13.2,5901,95361,3.1,6.9,22.28,7.4,2.6,84.8,4,13,0.11,15,25,12,88589
8049,CO,Grand County,65.9233,14.8,7.2,0,10,10.1,0,0,0,8.5,25.4,6.2,15.8,11.8,15895,88612,4.1,3.1,20.92,10.2,0.2,76.8,10,12,0.1,15,25,12,93257
8051,CO,Gunnison County,50.1056,12.88,5.23,1,10,10.1,4,-20,2.824602604,6.4,22.8,4.6,12.9,8.9,17241,84527,4.7,6,15.1,10,0.4,84.1,6,11,0.1,13,24,9,79658
8053,CO,Hinsdale County,42.73,14.84,7.48,0,10,10.1,5,0,9.776000023,10.7,25.7,8.4,16.6,11.4,1005,75972,0,0,30.95,1.9,0.3,86.6,10,12,0.11,14,26,12,71541
8055,CO,Huerfano County,53.1948,16.31,14.57,1,10,10.1,0,0,11.77597523,13.9,28.5,9.6,24.5,14.7,6972,52526,8,11.4,34.77,30.6,0,62.9,8,19,0.18,22,29,16,47855
8057,CO,Jackson County,52.11,15.68,10.12,0,10,10.1,3,-25,36.28676224,12.9,28.9,10,23.5,16.6,1372,47667,9.2,11.5,32.58,10.5,1.3,86.6,14,20,0.16,21,28,17,96811
8059,CO,Jefferson County,31.9883,4.5,3.46,1,10,10.1,0,0,27.36680984,8.2,25.1,5.7,14.2,10.6,579377,110656,3.9,3.6,17.89,16.1,1.1,75.2,6,13,0.1,14,25,11,102146
8061,CO,Kiowa County,100,35.63,21.46,0,10,10.1,59,-3.278688525,23.17457962,12.1,29.1,9.8,24.8,18.1,1376,58618,0.1,5.9,22.02,12.9,0,83.1,9,20,0.12,23,30,20,55523
8063,CO,Kit Carson County,56.1142,18,7.21,0,10,10.1,0,0,100,10.7,30.1,7.9,20.8,13.1,7023,70259,2.4,7.2,19.85,20.2,0.1,74.9,12,15,0.13,19,30,13,55304
8065,CO,Lake County,45.2271,22.86,3.37,1,10,10.1,3,0,26.20176888,7.9,26.5,4.9,15.1,9.4,7380,96575,2.2,5.6,15.12,32.8,0.1,58.3,8,12,0.11,15,26,9,86215
8067,CO,La Plata County,63.1117,14.85,7.76,1,10,10.1,0,0,45.2265625,8.2,24.9,5.9,14.9,11.3,56331,86056,3.8,7.9,20.82,12.9,0.2,76.1,8,12,0.12,14,25,12,83542
8069,CO,Larimer County,39.6225,7.55,5.19,1,10,10.1,11,10,14.84756374,6.9,20.4,5,13.2,9,367368,93765,4.8,4.7,17.36,12.9,1,79.2,7,11,0.11,13,21,9,88519
8071,CO,Las Animas County,55.9332,22.71,10.15,1,10,10.1,38,5.555555556,23.25361824,13.7,30.9,8.9,26.5,15.6,14413,52074,5.6,12.7,26.03,38.8,1.6,54.2,11,21,0.18,25,32,17,52067
8073,CO,Lincoln County,52.1106,17.56,8.16,0,10,10.1,4,0,31.78989983,10.3,30.1,7.4,22.5,16,5550,62861,1.4,4.4,18.27,15.2,5.5,74.1,9,18,0.13,21,30,16,58034
8075,CO,Logan County,61.0927,19.82,8,1,10,10.1,0,0,22.92798233,10.4,29.3,7.4,22.7,17.1,20892,51829,5.4,12,19.11,17.2,3.6,75.5,9,18,0.13,22,30,18,55415
8077,CO,Mesa County,44.1412,11.07,6.63,1,10,10.1,0,0,24.19042397,9.4,29.9,6.6,19.2,14.8,158601,73658,5.4,6.6,21.07,15.5,0.6,78.4,10,16,0.13,19,30,16,66339
8079,CO,Mineral County,58.33,15.66,12.74,0,10,10.1,17,-19.04761905,32.49342346,10.6,27,8.2,19.4,13.4,729,56250,9.1,2.6,32.65,6.3,0,85.3,7,14,0.12,17,27,13,37108
8081,CO,Moffat County,44.9015,15.8,4.98,1,10,10.1,0,0,12.79665852,10.3,29.7,7.3,23.5,18.2,13207,73849,4.5,6.4,16.61,16.8,0,76.5,10,19,0.14,23,30,19,73875
8083,CO,Montezuma County,65.0177,21.45,10.75,1,10,10.1,0,0,42.14102554,11.6,30.3,8.4,22.2,15.5,26412,65244,3.9,7.4,24.98,12.5,0.7,70.5,11,18,0.14,21,30,17,60809
8085,CO,Montrose County,63.2905,21.84,10.45,1,10,10.1,7,40,14.41067028,11,33,7.9,20.7,14.4,43807,72120,4.4,8.1,26.02,21.5,0.4,73.1,11,16,0.13,20,34,16,67113
8087,CO,Morgan County,38.991,12.96,4.62,1,10,10.1,8,0,21.99109459,9.9,30.9,6.4,21.5,14.1,29520,73278,5.3,9.7,16.04,38.4,2,54.6,12,18,0.13,21,31,14,68541
8089,CO,Otero County,39.7342,16.42,7.21,1,10,10.1,6,-14.28571429,15.04125023,14.5,31.1,9.5,29.7,19.3,18321,54037,6.7,14.5,21.25,42,1.1,52.4,10,26,0.19,28,32,20,52169
8091,CO,Ouray County,80.07,19.25,15.4,0,10,10.1,0,0,11.24135971,10.2,25.1,7.7,16.2,11.6,5087,91020,3.5,4.2,35.78,6.1,0.2,89.1,5,12,0.1,15,25,13,92760
8093,CO,Park County,94.9235,18.01,11.26,0,10,10.1,6,100,5.303781509,9.5,25.9,6.7,16.3,13.1,17907,103670,3.3,2.5,23.8,7.6,0.9,85.3,6,13,0.1,16,25,14,103720
8095,CO,Phillips County,26.5877,9.1,4.83,0,10,10.1,4,0,53.87651825,11.6,29.7,8.5,24.7,16.2,4496,64674,2.9,15,20.55,28.9,0,69.4,12,20,0.13,23,31,18,59367
8097,CO,Pitkin County,53.9326,10.12,5.92,1,10,10.1,3,-25,4.655928135,7.5,21.1,5.6,12.9,8.5,16985,102645,2.5,3.9,22.81,11.4,0.4,80.3,6,10,0.11,13,21,9,109268
8099,CO,Prowers County,49.6151,17.96,7.49,1,10,10.1,4,-42.85714286,9.09630394,11.9,30.8,7.6,24.8,16.1,11910,53508,4.1,10.1,18.82,40.5,1,55,11,22,0.16,25,32,18,50365
8101,CO,Pueblo County,51.4855,20.2,6.91,1,10,10.1,0,0,29.89834785,11.7,31.2,6.9,23.4,14,169356,64010,4.8,11.1,19.73,42.1,1.9,51,8,19,0.16,23,31,15,63801
8103,CO,Rio Blanco County,29.3764,7.66,3.98,0,10,10.1,12,-29.41176471,41.56915665,9.2,27.4,6.6,19.5,15.5,6544,65473,2.4,6,17.47,10.8,0,82,9,16,0.14,20,28,17,72088
8105,CO,Rio Grande County,44.1464,16.94,8.07,1,10,10.1,0,0,8.584569931,10.9,26,6.9,20.2,11.9,11321,64411,10.1,13.4,22.77,40.7,0.3,54.7,12,17,0.13,19,26,12,55574
8107,CO,Routt County,46.2859,10.84,4.16,1,10,10.1,0,0,17.59874916,8.1,25.2,5.8,15.2,12.2,25084,106489,2.4,2.8,18.49,9,0.2,80.1,8,12,0.1,14,24,12,112377
8109,CO,Saguache County,58.6197,27.57,9.8,0,10,10.1,8,-11.11111111,12.07471085,14.4,30.6,9.7,26.6,17.1,6580,50082,10.3,15.8,26.66,36.8,0,54.9,12,22,0.15,25,30,17,47829
8111,CO,San Juan County,100,29.23,12.3,0,10,10.1,5,0,33.83972931,10.1,27.8,7.3,18.6,14,724,77824,9.4,23.1,18.51,18.2,0,76.2,11,15,0.15,18,27,14,102689
8113,CO,San Miguel County,43.6995,9.96,3.46,0,10,10.1,0,0,99.24281311,8.3,25.7,5.9,15.7,11.9,7968,79024,2.7,3.3,18.59,11.7,1,84,7,12,0.11,15,25,12,94927
8115,CO,Sedgwick County,47.95,17.52,10.58,0,10,10.1,6,0,9.766182899,13.9,29.5,11.3,25.3,16,2304,52386,2.9,11.5,24.18,19.4,1,72.7,11,19,0.16,21,30,16,45999
8117,CO,Summit County,53.315,11.19,4.38,1,10,10.1,0,0,18.58574486,7.8,23.5,5.4,15.1,12.1,31017,109773,5,2.9,15.71,17.2,0.4,74.5,9,13,0.09,15,23,12,105135
8119,CO,Teller County,70.4631,16.84,9.48,1,10,10.1,9,-10,9.357598305,9.9,27.6,7.4,17.6,11.9,24825,85361,3.7,3.4,25.07,7.7,0.9,83.9,6,13,0.11,16,27,12,88089
8121,CO,Washington County,64.2655,16.84,11.4,0,10,10.1,5,25,17.70137978,10.2,26.6,7.8,19.4,13.7,4831,67167,3.1,6.4,22.48,11.8,1.1,83.3,10,15,0.11,18,27,14,54255
8123,CO,Weld County,50.2329,11.51,4.6,1,10,10.1,0,0,51.62086868,8.8,31.4,5.4,19.4,12.7,350396,97097,4.8,6.5,12.94,31,1.3,62,9,15,0.11,19,31,13,90675
8125,CO,Yuma County,45.5169,14,7.33,0,10,10.1,29,-9.375,23.12171745,10.7,27.6,7.8,22.9,15,9979,60545,4.5,15.1,18.44,30.3,0.3,66.9,15,19,0.13,22,28,15,61870
10001,DE,Kent County,55.4371,16.99,7.49,1,10,9.9,84,5,41.80578613,12.8,38.9,6.6,25.9,14.6,187604,74477,5.8,7.9,18.28,8.1,26.4,56.5,8,17,0.14,25,39,15,72498
10003,DE,New Castle County,34.9968,6.73,4.24,1,10,9.9,367,-1.078167116,9.398169518,13.1,37.7,6.2,23.1,14,577961,91166,4.8,6.7,17.05,11.8,24.9,52.3,7,16,0.12,22,38,14,86798
10005,DE,Sussex County,66.8448,18.5,13.19,1,10,9.9,0,0,45.39909744,14.2,38,9.5,24.2,13.7,255626,81497,5.3,7.5,30.22,11.5,9.8,72.3,9,16,0.13,23,39,16,78092
11001,DC,District of Columbia,4.5952,1.61,0.62,1,10,10.3,22,4.761904762,49.20795441,7.9,24.7,4.3,14.5,11.2,681294,109870,6.3,11.9,12.79,11.9,41.6,36.5,3,13,0.11,15,25,11,104643
12001,FL,Alachua County,41.1954,14.32,5.37,1,10,10.1,19,5.555555556,46.17378616,10.1,30.2,6,22.9,13.1,285492,61949,4.4,10.5,15.29,12.6,19,57.6,11,18,0.14,24,33,16,61843
12003,FL,Baker County,86.676,28.85,8.84,1,10,10.1,23,9.523809524,34.74637985,11.8,37.8,7.5,30.5,19.1,28430,79836,4.5,10.5,15.25,4.1,10.9,77.6,10,20,0.13,30,38,19,69399
12005,FL,Bay County,51.0736,16.99,7.16,1,10,10.1,65,6.557377049,26.92738533,11.6,35.1,7.8,25.2,15.8,186393,73533,3.9,8.1,18.28,9.2,9.8,72.7,15,17,0.14,24,35,16,70859
12007,FL,Bradford County,78.6162,29.28,9.91,0,10,10.1,9,28.57142857,13.05755806,14.1,38.6,9.3,30.5,20.9,27885,63050,4.7,12.1,18.17,5,15.4,72.9,13,23,0.15,29,39,21,59468
12009,FL,Brevard County,48.4956,13.9,9.45,1,10,10.1,6,20,10.60841465,12.6,32.2,8.2,24.1,13.1,632780,78476,4.8,7.2,24.5,12.2,9.4,70.2,12,15,0.12,22,33,14,77961
12011,FL,Broward County,9.8292,2.49,1.37,1,10,10.1,3,0,8.595787048,14.1,31.9,7.9,27.4,13.4,1977129,77633,5.4,9.3,17.93,32.8,27.4,30.7,13,20,0.11,26,32,13,74367
12013,FL,Calhoun County,80.8184,33.96,10.98,1,10,10.1,179,2.873563218,29.37713432,14.1,43.7,10,31.4,19.8,13492,50517,8,14.9,18.57,5.3,11.4,75.5,16,22,0.17,30,44,20,47523
12015,FL,Charlotte County,59.9761,17.83,19.86,1,10,10.1,47,2.173913043,40.9798317,15.3,33.2,12.3,27,13.9,201064,69952,5.4,5.9,40.55,8.2,5,81.3,12,16,0.14,23,34,16,71381
12017,FL,Citrus County,76.3083,29.28,23.53,1,10,10.1,16,23.07692308,51.98797226,15.2,33.8,12,26.9,13.5,162472,56546,6.4,11.6,36.48,7,1.7,85.3,14,16,0.16,23,35,15,54447
12019,FL,Clay County,49.9952,14.65,6.03,1,10,10.1,6,20,3.267386436,11.5,35.7,7,21.8,13.5,227584,87820,3.8,7.5,17.14,11.4,11.6,67.8,10,16,0.11,21,36,14,82249
12021,FL,Collier County,38.2045,9.77,10.65,1,10,10.1,5,-28.57142857,4.496080399,13.5,25.9,10.4,25.3,11.5,398291,90045,3.9,7,33.82,28.2,6.4,61.4,18,17,0.12,24,27,14,91402
12023,FL,Columbia County,75.4171,28.64,10.94,1,10,10.1,3,0,0.117548287,14.2,38.1,9.7,29.1,19.4,71789,59205,5.3,11.4,20.27,7.9,16.1,70.3,14,22,0.15,28,38,20,58949
12027,FL,DeSoto County,59.6657,32.83,11.3,1,10,10.1,0,0,56.22823334,17.5,43.1,11.6,34.7,19.8,35386,54417,9.5,19.4,23.79,30.1,12.3,54.9,23,27,0.19,33,44,20,54288
12029,FL,Dixie County,83.76,39.72,16.57,0,10,10.1,0,0,7.968082905,15.7,43,11.3,36,22.1,17058,50110,3.3,13.8,23.92,4.6,6,83,17,25,0.16,34,44,24,50966
12031,FL,Duval County,33.8676,10.67,3.4,1,10,10.1,0,0,18.63431168,12.7,33,6.9,27.5,14.9,1023153,71277,4.5,10.4,15.31,12.4,28.2,48.4,12,19,0.13,27,33,15,69455
12033,FL,Escambia County,49.154,14.26,7,1,10,10.1,6,-33.33333333,24.73472214,12.2,32,8,25.3,15.9,325923,67500,5.9,10.8,17.91,7,20.8,61.7,14,19,0.14,24,33,16,70838
12035,FL,Flagler County,70.5924,24.49,16,1,10,10.1,10,0,13.86414814,14.5,33.1,10.5,24.7,13.4,126528,77363,4.4,7,31.32,11.6,8.8,72.4,11,16,0.12,21,33,14,74753
12037,FL,Franklin County,63.7014,29.1,10.17,0,10,10.1,27,22.72727273,34.39649582,14.2,36.8,10.5,28.1,17.7,12553,64105,8.5,10.2,26.5,5.6,10.6,78.4,18,21,0.17,27,38,20,55816
12039,FL,Gadsden County,79.8773,36.74,10.9,1,10,10.1,14,27.27272727,38.36775589,16.9,44.2,9,33.2,17.7,43710,48801,5,21.7,19.91,12.5,52.2,31.3,16,23,0.15,32,44,18,51288
12041,FL,Gilchrist County,84.5288,33.73,14.32,0,10,10.1,287,2.5,29.8547821,13,36.8,9.9,29.3,18.8,19040,63523,3.5,8.2,20.23,8,3,85.1,16,20,0.14,27,37,19,56884
12043,FL,Glades County,99.9733,40.1,21.46,1,10,10.1,3,-25,33.96690369,17.5,38.9,12.6,36.5,20.3,12563,45870,7.1,13.6,25.96,25.7,14.7,54.6,24,27,0.17,34,40,21,55240
12045,FL,Gulf County,78.5842,29.05,11.65,0,10,10.1,30,11.11111111,45.65154648,13.5,38.4,9.4,29,16.8,15131,61179,2.6,12.1,23.74,4.9,13.5,76.6,14,19,0.14,27,38,18,66806
12047,FL,Hamilton County,81.9389,47.33,10.22,0,10,10.1,7,0,10.28848457,16.2,38.9,10.4,35.9,21.9,13616,50144,6.7,13.2,19.69,11.5,30.4,54.5,15,26,0.17,34,40,23,49260
12049,FL,Hardee County,71.8631,38.88,9.79,1,10,10.1,0,0,16.25782013,15.5,39.3,9.6,36.7,19.9,25675,60489,5.9,20.3,16.12,42.3,7.2,46.4,17,28,0.2,36,40,21,53913
12051,FL,Hendry County,59.4833,33.55,6.19,1,10,10.1,0,0,7.862633705,15.6,38.4,8.4,35.7,18.4,42382,56393,4.4,18.7,13.81,57.6,10.5,28.3,23,28,0.17,36,39,19,54619
12053,FL,Hernando County,59.8818,21.67,14.56,1,10,10.1,43,16.21621622,34.32871246,14.8,33.3,10.5,29.4,15.9,207018,66058,5.3,8.8,26.37,17,4.7,72.1,13,19,0.14,26,33,16,64092
12055,FL,Highlands County,64.7796,25.87,21.05,1,10,10.1,117,8.333333333,37.03023911,17.3,34,13.1,33,15.6,105702,54897,6.4,10.9,36,22.2,9.3,63.1,17,21,0.16,30,36,18,51495
12057,FL,Hillsborough County,33.9607,9.54,3.98,1,10,10.1,35,-5.405405405,32.29963303,12,31.4,6.5,23.9,12.8,1522748,79540,4.5,9.2,15.05,30.4,15.3,44.8,13,17,0.13,24,31,13,76528
12059,FL,Holmes County,85.0351,42.11,14.14,1,10,10.1,10,0,8.371204376,13.9,36.1,9.9,30.8,21.6,19513,49343,4.5,11.1,21.21,3.7,5.8,84.2,14,22,0.16,29,36,22,51582
12061,FL,Indian River County,53.5954,16.09,15.28,1,10,10.1,0,0,25.91895866,14.7,31.8,11.1,26,13.5,166936,73491,4.5,7.8,34.85,13.9,7.7,72.5,15,17,0.13,23,33,16,73686
12063,FL,Jackson County,78.165,32.81,11.84,1,10,10.1,4,0,20.75887108,15.6,42.4,9.8,32.1,22,48250,49149,4.5,14.3,20.89,5.4,25.2,63.6,13,24,0.15,30,43,23,50923
12065,FL,Jefferson County,81.1643,31.67,12.88,0,10,10.1,64,18.51851852,26.70121956,15.4,38.3,9.3,27.8,17.9,15091,61212,7.4,15.5,24.48,5.1,27.8,60.3,15,20,0.14,26,38,19,59967
12067,FL,Lafayette County,83.3194,42.26,9.49,0,10,10.1,51,-8.928571429,32.71481323,14.7,39.9,10.4,32.9,21.9,8161,62757,10.9,15.5,21.42,12.8,17.5,67.2,16,26,0.16,32,40,23,58096
12069,FL,Lake County,62.5504,20.55,14.92,1,10,10.1,35,2.941176471,37.92317963,14.9,34.2,9.7,26.2,14.8,412924,73161,5,6,26.61,18.8,10.2,63.6,13,18,0.12,24,35,16,70784
12071,FL,Lee County,45.8954,14.57,10.49,1,10,10.1,638,-0.931677019,6.120080948,14,30.6,10.1,23.6,12.2,817666,76107,4,8.1,28.93,24.7,7.6,62,16,16,0.13,21,31,13,71811
12073,FL,Leon County,45.6155,12.4,5,1,10,10.1,29,7.407407407,33.04531479,10,30.8,5.8,21.6,12.3,297542,66287,5.7,10.1,14.79,8.2,30.2,53.2,10,17,0.13,23,33,14,66063
12075,FL,Levy County,81.1492,39.2,15.75,1,10,10.1,10,0,43.97163391,14.2,38.6,10.6,31.6,18.2,45391,56750,4.1,13.9,25.12,10.4,7.7,76.3,17,20,0.15,29,39,18,53214
12077,FL,Liberty County,86.4815,40.2,8.41,0,10,10.1,27,12.5,41.51036453,13.6,41,8.7,31.3,21.2,7687,58671,6.6,14.2,14.11,6.4,11.5,76.6,13,24,0.17,31,41,21,51523
12079,FL,Madison County,74.537,36.73,12.1,0,10,10.1,12,33.33333333,50.55872726,17.1,36.3,10.4,38.2,22,18089,48485,5.8,14.6,22.9,5.8,35.5,53.7,16,28,0.15,37,37,23,52713
12081,FL,Manatee County,38.0822,8.2,9.25,1,10,10.1,235,6.818181818,22.10618782,14.2,33.1,9.8,27,15.1,429792,78457,4.6,5.9,28.51,18.3,7.6,67.6,14,18,0.12,25,34,16,79213
12083,FL,Marion County,68.3624,27,16.3,1,10,10.1,58,5.454545455,35.30324936,15.6,38.4,11,32.3,16.7,400078,61010,4.8,10,28.69,17,11.6,65.5,14,20,0.14,29,39,17,58584
12085,FL,Martin County,49.1147,11.85,14.41,1,10,10.1,279,5.681818182,18.59252548,13.1,26.5,10.4,23.6,13.4,162176,82943,4.9,7.2,32.19,15.9,4.7,74.8,14,15,0.12,21,28,15,76430
12086,FL,Miami-Dade County,6.978,2.09,0.78,1,10,10.1,69,9.523809524,40.43917465,15.3,30.5,7.7,31.9,13,2738356,71753,4.6,11.3,16.94,69.3,14.1,12.6,15,22,0.14,30,30,13,72030
12087,FL,Monroe County,46.3981,12.11,9,1,10,10.1,202,1.507537688,18.05746078,12.6,30,8.6,24.5,13.5,81860,87738,2.9,7.1,24.73,24.6,6.8,63.7,15,16,0.12,23,30,14,85639
12089,FL,Nassau County,79.0132,20.57,12.2,1,10,10.1,94,8.045977011,36.42605209,12,32.8,8.4,20.4,12.6,97859,89804,4.5,7.2,23.91,5.7,5.5,83.4,9,14,0.12,19,33,13,92766
12091,FL,Okaloosa County,51.9388,13.97,6.67,1,10,10.1,11,-8.333333333,13.38519859,10.9,33.4,6.8,21.1,14.7,216599,81998,3.8,6.6,16.64,11.3,9.1,69.3,12,16,0.12,21,34,15,81990
12093,FL,Okeechobee County,73.5999,37.3,11.86,1,10,10.1,32,18.51851852,28.64965439,15.2,39.7,10.2,34.7,20.4,40816,57984,4.4,14.1,20.01,26.1,7.5,61.8,17,26,0.16,33,40,21,54297
12095,FL,Orange County,26.5385,8.52,2.5,1,10,10.1,47,6.818181818,45.94790268,11.6,32.6,6,23,12.4,1471937,79719,5.5,9.9,13.03,33.8,19.1,35.9,13,18,0.12,23,33,13,78487
12097,FL,Osceola County,42.2669,16.73,4.41,1,10,10.1,16,14.28571429,39.8200531,13.4,31.3,6.6,28.6,13.3,427415,72637,5.4,11.1,13.4,56,9.9,27.2,13,21,0.14,28,31,13,76416
12099,FL,Palm Beach County,20.3025,4.69,4.07,1,10,10.1,78,-12.35955056,32.93350983,13.2,29.6,9.6,26.2,12.1,1533806,83581,5.5,7.8,24.84,24.4,18.1,49.6,16,18,0.12,24,31,13,84789
12101,FL,Pasco County,50.6986,15.28,8.75,1,10,10.1,74,15.625,29.31243324,12.3,34.4,8.1,23.4,13.5,611444,70492,4.9,7.7,21.95,18.6,6,67.5,12,16,0.13,22,35,14,72065
12103,FL,Pinellas County,18.2489,5.15,3.91,1,10,10.1,15,25,33.79681015,12.6,31.9,9.7,25.6,15,963481,72646,4.4,7.1,26.39,11.2,9.4,71,13,18,0.13,24,32,16,70684
12105,FL,Polk County,55.8196,20.99,10.2,1,10,10.1,7,0,11.99570084,14.6,40.9,8.6,30.2,16.3,790694,65978,4.8,11,19.5,29.2,14.1,50.8,15,22,0.14,30,42,17,66709
12107,FL,Putnam County,80.2232,40.19,15.65,1,10,10.1,4,33.33333333,29.74574471,16.5,39.2,11.3,33.7,20.8,75164,47934,7.4,17.4,23.8,11.2,14.7,69.3,16,25,0.17,32,40,22,51585
12109,FL,St. Johns County,59.6451,12.56,8.81,1,10,10.1,0,0,42.66410446,9.8,26.7,6.9,17,8.9,306934,109839,3.3,4.3,21.05,9.1,4.9,77.4,8,11,0.1,16,27,9,106281
12111,FL,St. Lucie County,49.3023,16.45,11.13,1,10,10.1,77,13.23529412,32.30312729,14.8,34.1,9.2,28.4,14.6,360500,71457,6.1,8.5,24.56,21.8,20.9,51.1,14,19,0.12,27,35,15,66876
12113,FL,Santa Rosa County,63.9845,16.54,8.18,1,10,10.1,0,0,10.65250301,10.9,31.5,7.2,24,14.8,198472,91922,4.5,6.5,16.74,6.9,5.5,78.4,10,16,0.12,23,31,15,87581
12115,FL,Sarasota County,36.3245,7.74,11.22,1,10,10.1,11,22.22222222,34.56222534,12.6,27.7,10.4,22.5,11.6,459547,83416,3.7,5.7,37.51,10.7,3.9,80,13,14,0.12,19,29,13,78218
12117,FL,Seminole County,32.2281,6.75,3.47,1,10,10.1,3,200,40.7327919,11.2,31.5,6.5,21,12.3,481470,85761,4.2,6.2,16.63,23.9,11.1,54.7,10,15,0.11,20,31,12,80698
12119,FL,Sumter County,69.8988,17.15,26.11,1,10,10.1,3,50,47.75818253,16.5,32.2,13.6,24.9,10.6,143408,76508,5.4,6.5,57.68,6.4,6.3,83.6,10,15,0.13,21,35,14,79334
12121,FL,Suwannee County,85.4999,35.7,16.64,0,10,10.1,0,0,23.49192238,14.3,44.6,10.1,29.4,19.6,45342,56658,6.3,11.3,21.23,11.8,9.5,72.6,14,21,0.15,27,45,20,56009
12123,FL,Taylor County,82.8791,34.6,13.28,1,10,10.1,3,50,3.315357208,15.2,42.9,10.3,31.3,19.9,21503,49073,5.4,13.9,21.24,4.3,19,71.5,14,22,0.14,29,43,20,50556
12125,FL,Union County,86.7283,38.37,8.62,1,10,10.1,0,0,61.25427628,13.7,42.5,8.6,31.6,20.6,15701,64146,4.8,15.5,16.6,5.4,14.7,70,12,23,0.14,31,43,21,60843
12127,FL,Volusia County,43.0032,13.77,9.07,1,10,10.1,7,0,24.61774063,12.5,32.9,8.3,24.1,13.5,579622,70044,4.1,7.6,25.38,16.3,10.3,67.6,12,16,0.13,23,34,15,66111
12129,FL,Wakulla County,86.586,25.96,9.39,0,10,10.1,0,0,1.771997452,12,38,7.4,23.9,17.3,35387,81895,3.3,5.4,16.51,4.9,13.7,76.7,12,17,0.1,23,37,17,72916
12131,FL,Walton County,79.1655,27.57,11.85,1,10,10.1,9,-35.71428571,38.41773224,11.8,31.5,8.2,22.3,15.7,82948,81986,4.9,8.6,20.08,8.6,4.1,81.2,13,16,0.13,21,31,16,82259
12133,FL,Washington County,84.1083,40.64,12.75,0,10,10.1,16,0,30.29283524,13.7,41.2,9.2,30.9,20.7,25529,58210,3.6,11.4,18.81,4,13.4,75.9,17,23,0.17,30,41,22,54678
13001,GA,Appling County,81.2916,37.18,10.57,1,10,10,0,0,30.14131165,15.1,40.6,8.7,32.1,18.4,18493,46651,3.1,18.5,18.55,10.8,18.1,67.5,18,22,0.18,31,41,19,51054
13003,GA,Atkinson County,87.5048,49.47,9.44,0,10,10,3,-50,20.00658417,16.4,42.2,8.9,35.3,20.5,8337,42347,4.8,23.2,14.23,27.5,13.6,53.6,23,28,0.19,35,42,20,44890
13005,GA,Bacon County,79.5352,37.75,10.43,0,10,10,30,-23.07692308,32.24439621,14.5,41.2,8.4,32.8,21.3,11109,44694,2.6,17.5,17.85,8.5,13.4,72.2,17,24,0.19,32,41,22,48915
13007,GA,Baker County,99.6006,49.38,15.28,0,10,10,0,0,39.64612198,19.9,42.2,11.2,34.7,17.5,2790,46012,6.7,14,27.2,4.2,36.8,50.9,13,24,0.16,31,42,17,47850
13009,GA,Baldwin County,67.4509,29.76,8.53,1,10,10,0,0,4.349430561,14.3,37.6,7.3,29.9,16.3,43642,54403,6.2,14.7,17.22,2.9,41.3,51.4,15,22,0.15,30,40,18,51206
13011,GA,Banks County,99.7571,44.29,12.47,0,10,10,3,0,10.24220371,12.9,37,7.9,30.8,21.5,19264,77063,2.9,10.6,17.4,7.3,2.7,85.6,15,23,0.15,30,37,22,70067
13013,GA,Barrow County,71.5872,22.2,5.96,1,10,10,7,0,41.10068512,11.4,40.1,6.1,24.9,14.4,89886,80653,3.7,7.9,12.88,15.3,13.7,62.8,14,18,0.12,25,40,14,72075
13015,GA,Bartow County,80.3709,28.8,7.98,1,10,10,9,-10,21.28458214,11.7,38,6.8,26.5,15.4,113113,82243,4.7,7.6,14.6,10.6,10.4,73.3,15,19,0.13,26,38,15,78771
13017,GA,Ben Hill County,63.3493,30.15,8.35,1,10,10,0,0,14.96889305,17.3,41.9,9.4,37.1,22.5,17089,41758,3.1,19.7,18,6.8,37.9,53.3,14,28,0.18,36,42,23,40325
13019,GA,Berrien County,78.1135,38.96,10.26,0,10,10,0,0,16.62614822,14.6,38.8,9,32.3,20.3,18352,52876,3.7,17.4,17.56,6.1,11.2,79.1,14,23,0.19,31,39,20,50581
13021,GA,Bibb County,43.1236,16.69,5.79,1,10,10,0,0,13.75553417,15.7,48.1,7.9,32.8,17.5,156578,51234,8.1,19.5,16.45,4.7,54.7,34.3,13,23,0.17,32,49,18,51569
13023,GA,Bleckley County,84.3996,40.91,12.19,1,10,10,9,80,51.31022644,13.1,41.2,7.8,27.5,15.5,12430,62008,5.9,15.5,18.14,3.8,26,67.4,12,20,0.16,27,42,17,58877
13025,GA,Brantley County,91.0387,49.19,11.15,0,10,10,3,-25,0.646144032,13.8,39.7,8.9,32.5,20.9,18315,58239,2.8,11.3,17.36,3.1,3.2,90.8,19,22,0.17,31,39,21,57325
13027,GA,Brooks County,76.7882,37.96,12,1,10,10,21,-19.23076923,53.0310936,18.5,42.3,10,36.8,21,16293,46807,5,17.7,22.02,6.8,32.8,53.4,15,27,0.18,35,42,21,46796
13029,GA,Bryan County,77.0421,20.32,6.59,1,10,10,9,28.57142857,36.66392136,9.8,37.7,5.3,21.7,14,48263,103408,5.3,5.8,10.92,8.2,13.2,69.7,10,15,0.11,22,37,14,97746
13031,GA,Bulloch County,60.024,24.18,6.45,1,10,10,0,0,7.268864155,10.8,36.3,5.6,23.7,14.1,82683,58810,8.2,12.3,12.41,5.2,28.1,61.5,15,19,0.16,25,39,16,54787
13033,GA,Burke County,69.5734,31.15,8.41,1,10,10,59,13.46153846,31.67127419,15.8,45,7.8,31.1,18.5,24470,53014,5,18.6,17.7,3.6,45,48,13,23,0.14,30,45,19,51388
13035,GA,Butts County,82.3911,30.98,9.35,1,10,10,0,0,97.65144348,13,40.2,7,29.4,18.6,26496,69241,3.2,7.1,15.76,3.9,24.3,64.2,13,21,0.14,29,40,19,59622
13037,GA,Calhoun County,76.9435,44.94,8.2,0,10,10,4,-33.33333333,37.49126053,17.6,46.6,8.4,37,23.7,5498,46940,6,17.6,17.32,5.5,58.4,32.7,16,31,0.16,37,47,24,41260
13039,GA,Camden County,73.8444,23.36,7.15,1,10,10,36,5.882352941,41.24746323,11.8,37.3,6.7,27.2,17.4,56970,74378,5.4,9.7,15.34,7.6,16.2,68,12,20,0.15,27,38,18,72185
13043,GA,Candler County,72.8339,41.66,9.62,0,10,10,24,4.347826087,40.02790451,16.3,44,9.6,35.9,21.2,11043,49581,2.5,10.2,19.11,12.8,22.4,58.5,19,27,0.17,35,44,22,49332
13045,GA,Carroll County,75.8601,28.37,7.94,1,10,10,3,50,1.867678642,11.4,36.3,6.3,25.1,14.3,124569,73714,5.9,12.6,14.21,8.6,18.2,66.7,14,18,0.15,25,37,15,71083
13047,GA,Catoosa County,66.1663,16.86,8.21,1,10,10,53,3.921568627,39.19661713,11.3,36.7,7.1,24.6,14,68634,74639,4.3,7.6,18.66,4,1.3,87.8,12,16,0.14,24,37,14,70315
13049,GA,Charlton County,79.7881,35.34,9.77,0,10,10,0,0,7.746882915,14.7,42.1,8.4,32.2,21,12818,61276,14,18.1,14.28,15.4,24.8,54.4,15,25,0.16,32,42,21,52191
13051,GA,Chatham County,39.5345,11.7,5.09,1,10,10,113,4.62962963,38.89902878,12.5,35.5,6.2,23,13,300879,71097,5.9,9.5,16.74,8.3,38.4,45.3,13,17,0.13,23,36,14,70556
13053,GA,Chattahoochee County,100,39.63,3.72,1,10,10,8,0,7.233941555,7.5,38.1,3.7,24.8,15.2,8887,61042,9.1,13.5,4.47,17.9,19.3,54.1,9,23,0.17,30,43,18,57550
13055,GA,Chattooga County,64.8357,31.57,9.35,1,10,10,12,-14.28571429,29.49828529,14.3,38.9,9.1,33.2,20.2,25036,50285,5.4,15.1,18.68,5.7,8.9,81,16,24,0.18,32,39,21,51225
13057,GA,Cherokee County,58.2236,10.19,5.54,1,10,10,19,-13.63636364,35.88869858,11.2,35.9,6.7,22.9,13.7,281032,108115,3.2,5.5,15.84,12.4,7,73.9,12,16,0.11,22,35,13,104220
13059,GA,Clarke County,45.7328,24.74,3.63,1,10,10,0,0,1.640862584,10.7,33.6,5.6,24.9,13.2,129609,53625,5.2,12.7,12.5,11.8,25.6,54.1,14,21,0.17,27,37,15,54550
13061,GA,Clay County,60.29,37.19,12.93,0,10,10,23,9.523809524,44.88624954,19.4,43.6,10.5,32.7,15.4,2850,49147,4.5,17.8,29.16,0,60.5,37.3,14,23,0.17,30,45,17,37858
13063,GA,Clayton County,41.735,16.83,3.06,1,10,10,0,0,40.54055405,14.9,45.6,5.8,33.9,18,298924,59806,7.2,14.7,10.71,14.5,68.5,7.8,16,25,0.12,34,45,18,57974
13065,GA,Clinch County,58.7443,36.07,6.85,0,10,10,7,-50,6.05555439,16.5,45.1,9.2,37.3,22.6,6759,45847,2.1,18.4,17.84,6.6,25.7,63.3,18,28,0.2,36,45,23,45718
13067,GA,Cobb County,38.8992,8.02,3.38,1,10,10,4,33.33333333,0,9.7,29,5,16.7,9.5,775208,102738,4.5,5.7,13.65,15.1,26.4,47.1,12,13,0.1,17,29,10,99134
13069,GA,Coffee County,73.8774,34.64,7.74,0,10,10,4,0,0.85790509,14.7,41.3,7.6,34,20.4,43347,50683,4.4,20.5,14.58,13.5,28,55.6,18,24,0.16,34,41,21,49804
13071,GA,Colquitt County,74.7722,34.98,9.96,1,10,10,7,16.66666667,17.90078163,15.3,40.1,8.2,36.4,21.2,46224,49341,4.3,19,16.11,20.8,22.8,53.5,18,27,0.18,36,40,22,47821
13073,GA,Columbia County,51.184,9.84,4.78,1,10,10,150,-1.315789474,24.62758827,12,36.3,6.5,24.4,15.2,162434,95592,4.8,5.9,15.12,8,18.7,63.2,9,17,0.11,24,36,15,97031
13075,GA,Cook County,74.7282,35.58,9.62,0,10,10,3,-40,0.341046095,15.2,40.6,8.2,33.1,19,17532,53651,3.6,13.5,16.16,7.6,27.6,60.5,16,25,0.17,32,41,20,50258
13077,GA,Coweta County,74.8124,18.24,8.14,1,10,10,3,0,50.5700531,11.1,44.4,6.1,22.2,13.5,152852,95548,3.1,5.4,15.19,8.2,18.2,67.3,12,16,0.11,22,44,14,93326
13079,GA,Crawford County,100,42.28,13.16,0,10,10,10,-37.5,42.93122101,15.4,41.7,8.7,30.6,18.9,12225,67116,2.4,7.7,20.2,3.9,21,71.9,15,20,0.16,29,41,19,61519
13081,GA,Crisp County,53.0436,26.29,7.24,1,10,10,20,33.33333333,42.98202133,16.3,44.3,8.8,32.1,18,19790,45105,7.5,18.5,19.77,3.6,44.8,48.2,13,23,0.18,31,45,19,43174
13083,GA,Dade County,80.4852,27.93,11.82,0,10,10,4,0,5.748695374,11.5,35.5,7.6,24.4,14.8,16165,64568,3.2,6,20.99,2.9,1.1,91.5,13,17,0.13,24,36,16,58644
13085,GA,Dawson County,79.8879,21.48,12.05,0,10,10,0,0,47.74458313,11.1,35,7.3,22.5,12.6,30242,92991,3.5,7.4,19.51,7.3,1.9,85.7,14,15,0.13,21,35,12,89330
13087,GA,Decatur County,63.991,28.48,8.68,1,10,10,3,-25,22.17981911,16.2,39.8,8.5,32.6,18.7,29195,53317,6.3,19.6,17.12,7.1,41.9,48.5,15,24,0.17,31,40,18,50452
13089,GA,DeKalb County,27.0719,9.57,2.23,1,10,10,4,-20,20.73412132,12.6,33.8,5.6,21.6,13.3,765351,80644,6.4,9.7,13.76,10.6,50.4,27.9,13,18,0.11,21,34,13,77722
13091,GA,Dodge County,72.4405,33.17,9.25,0,10,10,0,0,25.5206852,15,44.4,8.3,30.1,16.9,19805,51587,6.1,13.5,19.79,3.6,30.9,63.8,15,21,0.18,29,45,18,46462
13093,GA,Dooly County,63.9134,32.63,9.06,1,10,10,0,0,0,17.2,43.6,8.9,33,18.1,10984,60987,3.6,11,22.25,8.3,46.9,40.8,16,24,0.15,31,44,19,50396
13095,GA,Dougherty County,58.7718,32.48,7.29,1,10,10,5,-28.57142857,2.223319054,17.7,43.6,8.4,32.6,18.2,83091,49044,10.2,19.2,17.38,3.3,70.2,22.8,14,26,0.17,32,44,19,45863
13097,GA,Douglas County,63.1755,20,5.48,1,10,10,18,0,36.70776749,13.7,43.3,6,27,14.9,147888,82984,6.2,8.7,12.21,12.2,49.2,31.1,12,20,0.11,27,43,15,79672
13099,GA,Early County,69.144,35.61,11.9,0,10,10,12,-29.41176471,34.6473732,17.2,44.6,8.9,34.9,19.9,10603,54083,6.7,19.5,19.9,0.6,53.2,41.1,16,25,0.15,33,45,21,43444
13101,GA,Echols County,100,45.3,9.86,0,10,10,35,-2.777777778,55.90834808,13.2,41.9,6.9,29.6,17.8,3709,59489,1.7,13.4,12.29,21.1,6.3,58.1,17,22,0.14,29,42,18,50311
13103,GA,Effingham County,86.1047,22.42,7.91,1,10,10,4,0,0,10.2,39.3,5.5,23.5,15.1,69143,88438,5.5,5,12.48,6.6,14.4,72.9,10,16,0.11,23,39,15,83900
13105,GA,Elbert County,88.4275,40.75,14.43,1,10,10,176,-10.20408163,29.51616096,15.6,42.1,8.9,32.4,18.9,19849,58450,4.6,10.2,21.16,5.9,22.3,62.2,15,23,0.16,31,42,20,50367
13107,GA,Emanuel County,72.611,35.67,10.19,1,10,10,5,-37.5,17.33922577,15.1,42.6,8.2,34,21.7,23026,52772,8.9,21.1,16.4,4.8,31.3,57.7,16,26,0.18,33,43,22,46017
13109,GA,Evans County,70.0335,29.89,9.28,0,10,10,0,0,69.66612244,16.1,44.5,8.6,35.8,21.4,10757,53259,4.3,15.7,17.08,12.3,28,55,18,27,0.16,35,45,22,50831
13111,GA,Fannin County,83.0688,28.21,17.85,0,10,10,21,10.52631579,34.41807556,15.6,38.5,10.7,30.1,17.2,25742,57073,3.7,10.1,30.94,3.3,0.4,91.8,16,20,0.16,28,39,20,60037
13113,GA,Fayette County,58.9865,9.73,7.15,1,10,10,12,9.090909091,20.3705368,12.2,31.2,6.4,20.9,10.2,122244,111978,3.8,3.9,20.01,8.6,25.3,55.5,9,13,0.09,20,31,11,108579
13115,GA,Floyd County,68.4246,26.75,9.69,1,10,10,4,-20,4.122252464,13.6,39.7,8.2,30.5,17.8,99693,65565,4.2,12.2,16.8,12.4,13.6,68.8,14,23,0.17,30,40,19,61058
13117,GA,Forsyth County,66.282,10.11,5.7,1,10,10,6,0,19.55669785,9.3,32.2,5,19.1,10.3,267287,143784,3.5,3,12.7,10.1,4.2,61.8,9,12,0.09,19,31,10,136347
13119,GA,Franklin County,75.7552,34.31,12.27,0,10,10,159,9.655172414,38.85668182,13.4,36.2,8.3,30.2,18.2,24234,53046,5.9,17.3,19.12,5.4,8.8,80.9,20,22,0.17,29,37,19,53221
13121,GA,Fulton County,29.5159,8.96,2.82,1,10,10,6,-14.28571429,18.11921501,10,30,4.8,19.8,10.6,1076561,95292,5.4,8.4,12.7,8.2,42.1,36.8,10,14,0.12,20,30,11,94510
13123,GA,Gilmer County,91.4907,33.89,16.23,1,10,10,37,5.714285714,25.03327179,14.1,37.1,9.6,26.9,14.6,32426,74499,2.7,11.8,27.03,12.3,0.3,83.6,17,17,0.16,24,37,15,62317
13125,GA,Glascock County,100,35.85,15.09,0,10,10,0,0,55.79811096,13.7,37.5,8.5,28.9,17.8,2932,54934,1.6,7.7,18.49,3.2,7.2,86.5,11,20,0.16,27,37,18,54862
13127,GA,Glynn County,49.0483,16.33,7.83,1,10,10,5,25,16.73374557,13.9,35.4,7.9,26,13.1,85447,69799,3.7,11.5,22.7,7.8,24.1,61.8,16,17,0.14,24,36,14,70067
13129,GA,Gordon County,71.1514,28.86,8.12,1,10,10,3,-25,1.283699393,13.8,40.1,8.5,31.5,20.2,59100,63650,3.7,8.3,15.84,16.3,3.4,75.8,17,24,0.15,31,40,20,64795
13131,GA,Grady County,71.5319,29.09,10.55,0,10,10,0,0,0,16.2,41.6,9.2,35.4,19,26108,58980,3.7,14.3,18.96,13.3,28.8,56,18,24,0.16,34,42,19,52456
13133,GA,Greene County,81.2582,34,18.07,1,10,10,0,0,3.655838251,16.3,38.4,10.1,28.6,13.8,20109,86272,3.4,7.7,30.89,7.2,29.5,59.2,13,18,0.12,26,39,15,79890
13135,GA,Gwinnett County,38.8562,9.71,2.73,1,10,10,25,-7.407407407,49.44193268,12.5,33.7,5.3,23.1,11.9,979864,87890,4.2,8.5,11.31,23.7,27.8,30.6,17,17,0.11,23,33,12,84076
13137,GA,Habersham County,78.6338,27.46,12.11,1,10,10,21,40,35.00927353,12.9,36.1,8.1,30.3,16.9,47793,67309,2.7,9.2,19.35,16.1,3.2,75.4,18,22,0.15,30,37,18,71753
13139,GA,Hall County,58.1086,18.25,7.07,1,10,10,0,0,6.123374939,13.1,34.9,7.7,29.3,17,212705,80901,3.5,8.9,16.29,29.1,6.7,57.9,17,21,0.14,28,35,17,78309
13141,GA,Hancock County,79.7226,38.79,11.93,1,10,10,6,-45.45454545,32.75984573,21.1,47.1,10.5,37.8,21.3,8650,40082,6.3,21.7,25.2,0.7,69.7,27.3,13,28,0.17,35,48,22,40099
13143,GA,Haralson County,73.7305,28.58,9.57,1,10,10,0,0,2.828284502,11.3,34.1,6.9,27.9,18.5,31285,72127,4.4,10.2,15.47,2.1,5,89,13,18,0.15,28,34,19,59384
13145,GA,Harris County,89.7543,19.93,11.26,0,10,10,0,0,38.14222717,12.8,33.2,7.2,24.1,14.7,36086,97302,5.9,7.8,19.23,4.9,15.5,74.2,9,16,0.11,23,33,15,91977
13147,GA,Hart County,84.6414,37.74,14.65,0,10,10,5,0,0.744213521,14.1,35.6,8.5,28,15.5,26939,59385,3.4,8.7,22.63,4.3,17,73.9,15,19,0.14,27,36,17,53100
13149,GA,Heard County,92.5454,33.52,11.69,0,10,10,0,0,0.942879975,13.5,41.3,8.3,29.2,19.1,11773,65868,4.3,14.6,17.64,2.8,7.8,84.4,14,21,0.18,28,41,20,57670
13151,GA,Henry County,69.2917,16.32,5.98,1,10,10,0,0,22.30296326,12.8,39.6,5.4,23.9,13,249960,83146,6.2,7.5,12.49,8.3,51.2,32.4,10,17,0.09,24,39,13,80908
13153,GA,Houston County,50.7992,14.72,5.19,1,10,10,0,0,33.28503036,11.3,39.1,5.7,26.2,13.7,169649,80698,5.1,9.1,13.71,7.6,32.2,51.4,12,17,0.12,27,39,14,75266
13155,GA,Irwin County,70.1746,30.2,10.34,0,10,10,0,0,22.43472099,15.4,40.2,8.8,32.2,19.1,9285,51384,4,19.9,18.1,7.2,24.1,66.3,14,23,0.16,30,40,19,52918
13157,GA,Jackson County,86.0299,26.31,9.96,1,10,10,0,0,0.684712052,11.7,41.9,6.6,27.1,16.9,84757,89544,3.4,4.6,14.51,10.9,7.6,75.8,13,19,0.12,27,42,17,84439
13159,GA,Jasper County,88.553,40.35,11.19,0,10,10,5,-28.57142857,19.42942238,13.9,40,7.9,29.9,18.4,15929,60134,7.2,9.9,17.52,5,16.3,74.1,14,21,0.14,29,40,19,67681
13161,GA,Jeff Davis County,78.3277,40.77,9.37,1,10,10,0,0,32.85692596,15.6,41.2,9.1,34.3,22.3,14924,40283,6.7,18.2,15.69,14,12,67.4,17,27,0.19,33,41,23,47635
13163,GA,Jefferson County,59.9579,28.34,8.47,0,10,10,6,-14.28571429,31.90497398,18.6,44.2,9.2,37.6,22.6,15341,53014,5.8,13.9,18.68,3.6,52.7,41.1,17,29,0.14,36,44,23,45829
13165,GA,Jenkins County,62.4901,32.71,8.79,0,10,10,0,0,5.59421587,17.4,44.1,9.2,37.9,23,8711,44389,3.9,18.9,21.25,9.2,37.1,52.7,16,29,0.19,37,45,23,42539
13167,GA,Johnson County,81.2604,29.47,10.64,0,10,10,0,0,0.74863106,17.1,42.7,10,36.1,22.5,9190,51028,7.4,20.2,20.32,1.8,32.8,61.5,17,28,0.17,35,43,23,51602
13169,GA,Jones County,82.3218,27.82,9.85,1,10,10,16,14.28571429,16.86185455,14.1,40.2,7.9,29.3,17.5,28673,75500,3.8,7.4,18.01,2.2,24.3,69.3,11,20,0.13,28,40,18,65524
13171,GA,Lamar County,67.9076,24.31,9.47,1,10,10,3,0,0.749194503,13.3,40.9,7.3,28.3,17,19571,67062,4.1,5.7,17.66,3.4,27.1,66.4,13,21,0.13,28,42,18,63622
13173,GA,Lanier County,67.4013,29.87,6.71,0,10,10,3,50,0.790486634,16,41.2,9.4,34.3,21.3,10221,47186,4,21,15.19,7.4,24.2,64.7,17,27,0.21,33,41,21,54586
13175,GA,Laurens County,71.4339,34.66,9.76,1,10,10,0,0,15.87765884,15.3,41.2,8.3,32.2,18.9,49798,55010,5.2,19.2,18.36,3.3,36.5,56.3,13,23,0.17,31,42,20,56867
13177,GA,Lee County,69.1795,18.85,5.74,1,10,10,0,0,0.428093284,11.5,37,6.1,24.9,15.2,33626,89168,3.3,3.8,13.85,3.4,23.7,66.3,11,17,0.11,25,37,15,80806
13179,GA,Liberty County,57.0626,27.24,3.65,1,10,10,0,0,2.332094669,11.6,44.1,5.2,26.7,15.7,67397,60456,7.9,13,10.13,12.7,40.8,36.5,12,22,0.14,29,46,17,57699
13181,GA,Lincoln County,81.7891,35.41,14.76,0,10,10,0,0,0.00543633,15.7,37.5,9.1,28.8,16,7854,56907,2.8,12.5,25.77,1.5,27.2,68.2,15,20,0.16,27,38,17,58502
13183,GA,Long County,87.4064,35.94,5.58,0,10,10,6,-33.33333333,3.279469967,11.9,41.7,5.9,28.8,18.3,18374,68808,6.8,14.5,9.8,13.1,22.9,53,15,22,0.16,30,41,18,63146
13185,GA,Lowndes County,53.1205,21.38,5.07,1,10,10,0,0,0.406187087,12.2,37.6,6.5,27.6,16.4,119965,58541,5.1,14.3,13.27,7.1,37,50.6,13,22,0.15,29,40,18,54984
13187,GA,Lumpkin County,87.6325,31.7,11.42,0,10,10,6,-14.28571429,20.7910862,10.9,32.8,7.1,24.7,13.6,34505,77448,5.7,8.3,18.6,5.8,2,88.7,15,18,0.13,25,35,16,72676
13189,GA,McDuffie County,68.9997,29.82,8.95,0,10,10,3,0,3.432868958,15.6,43.6,8.2,31.4,16.4,21718,56733,1.9,18.1,18.96,3.7,40.1,53.1,13,22,0.14,30,44,17,53389
13191,GA,McIntosh County,78.9472,29.36,14.19,1,10,10,0,0,12.15620899,19.1,42.2,11.2,33.4,18.6,11312,50273,3.2,15.5,29.6,2.7,28,63.2,16,22,0.16,29,42,18,56573
13193,GA,Macon County,65.6293,30.3,7.1,0,10,10,0,0,34.61050415,20.3,48.1,10,42.4,25.7,11864,41031,7.2,21.5,19.02,4.7,58.4,32.5,21,33,0.17,41,48,26,41895
13195,GA,Madison County,91.8576,37.54,12.26,0,10,10,3,-40,17.58192444,13.9,39.3,8.7,30.5,18.7,31528,61963,3.9,12.3,18.38,7.4,9.4,77.8,16,22,0.18,29,39,19,65296
13197,GA,Marion County,88.4527,36.75,11.67,0,10,10,34,-17.07317073,30.23033905,16.9,39.8,9.7,33.5,19.1,7509,51667,4.8,15.9,21.8,8,27.2,57.4,18,25,0.14,32,40,20,51270
13199,GA,Meriwether County,75.345,33.29,11.81,0,10,10,16,6.666666667,33.60984802,16.8,40.7,9,32.9,19.1,20929,57340,6.6,13,21.37,0.8,39.1,56.8,16,23,0.17,31,41,20,54428
13201,GA,Miller County,71.9956,29.03,12.4,0,10,10,5,25,22.31151009,16.9,40.9,10.4,35.8,20.4,5850,51425,3.9,21.8,22.53,3.3,28.2,64.9,14,25,0.18,33,42,22,50799
13205,GA,Mitchell County,62.5186,30.14,7.89,1,10,10,0,0,5.213443279,17.7,46.4,8.9,35.7,20.8,21058,57613,5.9,17.7,18.63,5.2,45,45.8,15,27,0.19,35,47,22,48774
13207,GA,Monroe County,86.6391,28.27,11.59,0,10,10,12,0,48.62423706,13.1,37.6,7.7,26.5,16,29664,83183,2.7,8.2,19.14,2.9,22.1,71.9,11,19,0.13,25,38,17,80692
13209,GA,Montgomery County,79.582,32.13,11.01,0,10,10,5,0,28.08143997,15.7,42.1,8.5,33.4,20.7,8640,51941,7.5,17.3,17.84,7.5,23.4,64.8,14,25,0.15,33,43,22,53248
13211,GA,Morgan County,90.5534,25.87,13.56,1,10,10,4,-20,17.65766716,12.4,36,7.3,24.1,13.3,21078,78111,2.4,7.9,20.5,3.8,20.5,73.4,12,15,0.12,22,36,14,69090
13213,GA,Murray County,81.4343,35.04,8.24,1,10,10,0,0,8.88775444,12.9,38.1,8.1,31.3,18.2,40562,69253,4.5,12,15.05,16.1,0.6,79.6,16,22,0.16,31,38,18,63836
13215,GA,Muscogee County,30.2304,10.39,3.11,1,10,10,0,0,0.024667736,15.4,41.6,6.8,31.2,17,203711,58073,6.3,14.8,14.77,8.5,46.1,36.7,12,23,0.16,31,42,17,52492
13217,GA,Newton County,74.5285,26.67,7.15,1,10,10,7,-30,24.21165276,13.6,42.3,6.1,27.7,16.5,118152,77179,6.6,8.9,13.43,7.1,47.3,38.8,12,20,0.12,28,42,17,76151
13219,GA,Oconee County,83.5935,12.68,8.89,1,10,10,3,50,3.674234867,10,33.4,6,19.8,11.9,43551,121217,3,4.3,16.78,5.8,3.4,82.1,8,13,0.1,19,33,12,114230
13221,GA,Oglethorpe County,97.2699,39.3,13.75,0,10,10,3,0,15.46710396,13.8,36.3,8.3,29.1,17.2,15509,75034,3.1,9.7,19.14,6.8,15.4,73.1,15,20,0.13,27,36,17,67249
13223,GA,Paulding County,71.2692,20.22,5.16,1,10,10,0,0,3.063549995,10.9,39.1,5.6,25.2,15.4,178909,98031,4.5,5.1,11.74,8.7,23.1,61,10,18,0.1,25,39,15,93773
13225,GA,Peach County,69.7209,29.39,8.47,1,10,10,4,0,0.585454345,14.3,41.6,7.1,28.8,16.1,28560,71293,6.6,11.7,16.73,9.4,41.4,42.9,13,21,0.15,29,43,18,68464
13227,GA,Pickens County,93.2288,27.76,15.36,1,10,10,0,0,33.75243378,12.5,36.9,8,25.7,14.4,34951,78930,3,7.9,22.98,4,0.6,91.5,13,16,0.15,23,37,14,78032
13229,GA,Pierce County,81.5899,34.63,10.84,0,10,10,28,-22.22222222,47.57657623,13.6,40.1,8.5,28.7,17,20202,60517,2.6,8,17.1,5.3,9.9,82,15,20,0.15,27,40,17,56330
13231,GA,Pike County,94.8425,25.84,11.66,0,10,10,17,0,39.61697769,11.3,34.7,7,24.9,14.6,19903,86719,3.4,7.1,15.82,2.3,8.4,86.1,13,17,0.11,24,34,14,80652
13233,GA,Polk County,72.704,31.36,9.25,1,10,10,0,0,0.502377987,13.2,41.7,7.5,31,18.4,43785,58515,5.9,13.8,15.38,13.9,11.9,70.4,16,22,0.17,31,42,19,56271
13235,GA,Pulaski County,77.327,31.02,11.48,0,10,10,3,0,20.98886871,15.6,43,8.7,33.8,19.4,9939,50406,3.2,16.7,23.22,5.7,30.6,61.3,17,23,0.15,32,44,20,46123
13237,GA,Putnam County,80.9015,31.14,15.25,1,10,10,3,-25,14.02994823,16.3,41.7,9.7,31.2,16.6,22855,72096,3.7,12.8,24.85,7.2,22,64.5,15,20,0.15,28,42,17,59068
13239,GA,Quitman County,99.93,44.66,22,0,10,10,10,-16.66666667,26.35525322,20.9,43.3,11.8,34.9,18.2,2264,40179,28.6,9.7,37.19,0.8,52.5,42.8,14,24,0.15,31,44,20,42480
13241,GA,Rabun County,76.5163,31.31,16.42,0,10,10,7,16.66666667,10.38309002,14.5,36.5,9.6,27,15.7,17312,67493,1.3,8.3,28.84,8.8,0.8,86.7,19,17,0.16,24,37,16,60085
13243,GA,Randolph County,54.2178,29.92,9.64,1,10,10,0,0,18.57472992,23.6,47.3,12.5,44.3,23.7,6196,28380,10.9,23.2,22.18,4.2,67.4,26.8,15,34,0.18,42,49,26,39926
13245,GA,Richmond County,54.0692,23.67,5.55,1,10,10,5,-16.66666667,9.818974495,15.2,43.7,6.8,30.1,17.7,206069,55637,8.5,17,15.32,5.8,55.7,31.4,14,24,0.16,30,44,19,52073
13247,GA,Rockdale County,61.1429,21.75,6.32,1,10,10,0,0,28.54841042,15.4,45.1,6.9,29.4,15.3,95281,77247,5.9,8.9,15.81,10.9,57.5,24,14,21,0.1,29,45,15,76081
13249,GA,Schley County,66.3176,28.35,8.65,0,10,10,0,0,91.35905457,14.5,38.2,8,29.3,16.6,4513,56875,7.6,11.5,14.62,1.4,14.6,82.6,11,21,0.16,28,38,18,60750
13251,GA,Screven County,80.0097,35.88,11.13,0,10,10,4,0,13.43457699,16.7,42.5,8.8,31.8,20,14130,52792,4.6,11.3,20.72,2.7,39,55.1,14,24,0.15,30,42,21,49034
13253,GA,Seminole County,69.4839,30.58,13.95,1,10,10,0,0,4.200976372,17.5,41.7,10,31.6,17.9,9156,49495,6,13.4,25.74,3.1,33.5,61.9,13,23,0.17,30,42,19,49423
13255,GA,Spalding County,63.1837,25.51,8.73,1,10,10,4,0,37.40323639,14.8,40,8,31.4,18.3,68892,62071,7.3,13.6,19.1,6.1,35.8,53.4,15,23,0.15,31,40,19,56834
13257,GA,Stephens County,74.224,29.05,11.37,1,10,10,3,-50,7.968778133,14.1,37.5,8.8,29.8,17.2,27012,54754,5.4,10.5,21.23,4,8.1,80.6,14,21,0.15,28,38,18,50685
13259,GA,Stewart County,76.9717,41.7,9.74,0,10,10,6,-14.28571429,28.24745369,15.4,42.4,7.5,36.5,20.8,4869,33250,5.5,16.9,16.16,4.2,67.7,25.3,16,30,0.17,36,43,21,41227
13261,GA,Sumter County,57.6901,28.13,8.16,1,10,10,11,37.5,15.25892925,16,42.5,7.9,31.9,17.1,29061,42653,4.7,18.5,17.73,6.2,49.8,38.5,15,25,0.16,32,44,19,43835
13263,GA,Talbot County,97.9157,44.2,15.95,0,10,10,4,33.33333333,11.64321232,19.8,43.6,10.2,35.4,19.2,5742,41597,3.3,20.8,27.39,0.6,53.7,40.4,14,26,0.15,33,44,21,41656
13265,GA,Taliaferro County,100,52.14,20.5,0,10,10,0,0,0.01352498,20.2,43.3,10.4,35.6,18.8,1558,52500,5,20.4,29.46,4.4,45.9,39.4,12,24,0.15,32,43,20,46469
13267,GA,Tattnall County,76.9634,35.79,8.43,1,10,10,0,0,46.79844284,14.3,46,7.9,32.9,20.1,24208,50747,6.7,20.3,15.43,10.7,26.7,57.3,17,25,0.16,33,46,20,48998
13269,GA,Taylor County,66.1571,32.67,9.31,0,10,10,13,0,9.528587341,18.5,42.6,10,37.2,22.4,7786,41788,2.6,21.7,21.95,1,37.8,58.5,15,29,0.2,36,43,24,44708
13271,GA,Telfair County,51.1984,28.05,5.98,1,10,10,3,200,20.39979172,17.8,45.7,9.4,37.9,21.7,11831,50929,5.2,21.2,18.95,15,35.5,48.3,16,30,0.22,37,46,22,42203
13273,GA,Terrell County,50.9703,23.16,8.48,1,10,10,0,0,0.051881574,19.6,46.8,9.9,37.3,21.3,8850,46171,4.1,25.6,20.9,2.6,59.9,36.7,15,28,0.18,35,47,22,45616
13275,GA,Thomas County,70.0671,30.6,10.2,1,10,10,3,-25,3.693866014,15.1,38.9,8.1,27.9,16.7,45777,60736,5.6,12.7,19.05,3.9,34.9,57,13,21,0.16,26,39,17,54989
13277,GA,Tift County,57.9445,21.39,7.16,1,10,10,7,16.66666667,16.89274025,14.9,41.6,7.8,32.6,17.4,41438,53255,2.8,15.9,15.92,13.2,29.5,52.9,17,23,0.15,32,42,18,53295
13279,GA,Toombs County,64.4828,28.42,7.78,1,10,10,6,0,27.93112564,14.2,42.1,7.8,29.4,16.4,27102,52621,4.4,16,17.08,12.1,23.6,57.5,16,22,0.18,29,43,17,48866
13281,GA,Towns County,90.056,33.65,24.02,0,10,10,10,11.11111111,33.19406128,15,36,11.1,26.5,12.4,12913,59135,4.6,8.5,36.93,3.3,1.4,92.9,14,15,0.17,23,37,14,60563
13283,GA,Treutlen County,63.7031,28.2,8.15,1,10,10,3,-50,30.25550461,16.5,42.8,9.6,36.1,21,6376,55518,7.7,5.8,18.7,1.5,30.6,62,15,28,0.21,35,43,22,45699
13285,GA,Troup County,64.8468,23.47,7.53,1,10,10,3,200,2.087917805,14.2,41.7,7.1,29,16.4,70330,56776,5.3,12.7,15.89,4.7,36,53.9,14,20,0.15,28,42,16,60839
13287,GA,Turner County,56.4955,23.04,8.56,1,10,10,0,0,29.76153755,17.8,43.2,9.8,36.6,21.3,8939,36799,12.2,15.6,19.34,4.8,36.4,53.9,16,27,0.18,35,44,22,42769
13289,GA,Twiggs County,93.0972,44.07,14.89,0,10,10,3,0,17.91399384,17.6,42.2,9.4,33.4,18,7803,56324,3.8,15.4,24.55,1.1,39.4,54.8,14,22,0.14,30,42,19,50700
13291,GA,Union County,88.3624,30.82,22.88,0,10,10,0,0,2.033337831,15.5,36.9,10.8,28.6,16.4,26304,66176,2.6,8.3,34.17,3.8,0.7,92.5,16,18,0.15,26,37,18,65505
13293,GA,Upson County,65.8135,28.27,9.87,1,10,10,0,0,4.652295589,15.5,41.7,8.9,32.6,19.5,28029,55429,3.9,13.9,18.61,2.7,25.8,66.4,14,23,0.17,31,42,20,54439
13295,GA,Walker County,73.3481,28.92,10.77,1,10,10,4,33.33333333,0,13.3,41.5,8.1,32.6,19.4,68762,59469,3.9,9.4,19.64,2.9,3,89.3,15,22,0.16,32,42,20,58363
13297,GA,Walton County,81.5903,22.74,9.3,1,10,10,25,4.166666667,29.93385506,13,35.8,7.2,27.7,17.3,103313,84945,5.3,8.4,16.31,6.6,18.7,67.9,13,20,0.13,27,36,18,79829
13299,GA,Ware County,73.1512,31.46,11.12,1,10,10,0,0,9.908490181,14.8,39.2,8.8,32.3,20.4,35976,47448,5.9,17,17.14,5.1,29.7,61.2,15,25,0.17,32,40,21,40901
13301,GA,Warren County,70.5839,37.21,13.17,0,10,10,3,0,14.25403976,18.6,44.1,9.4,34.6,19.3,5170,44289,10,19.5,23.37,1.1,56,39.2,15,24,0.15,32,45,20,48308
13303,GA,Washington County,75.2558,33.28,9.81,1,10,10,3,0,21.84391212,16.7,43.3,8.2,33.4,19.6,19849,46023,8,11.6,18.27,2.2,53.1,41.7,13,24,0.14,32,43,20,48809
13305,GA,Wayne County,79.3656,34.74,9.45,1,10,10,0,0,3.223530054,14.6,41.6,8.4,32.5,21,30949,53427,7.2,17.7,16.11,6.3,19.5,70.3,15,24,0.17,31,41,21,55797
13307,GA,Webster County,89.2041,42.6,13.02,0,10,10,42,-2.325581395,31.29934883,19.2,42.9,10.8,35.5,19.3,2381,46792,4.2,17.6,19.45,4.4,56.1,38.7,17,26,0.17,33,44,21,45036
13309,GA,Wheeler County,99.9307,50.48,11.87,0,10,10,166,-10.27027027,25.18185616,16.3,47.1,9.1,34.6,24.4,7335,40539,5,22.3,17.68,4.3,37,56.5,18,30,0.17,35,48,25,41163
13311,GA,White County,82.4548,30.31,14.8,0,10,10,0,0,0,12.3,35.2,8.4,23.6,14.1,28810,70666,3.8,8.3,23.24,3.8,1.9,88.9,16,16,0.15,22,36,15,66962
13313,GA,Whitfield County,61.8768,26.25,6.72,1,10,10,21,5,34.19851303,14.4,36.7,7.9,31.2,18.3,103598,67070,5.2,11.1,14.95,37.2,3.4,55.5,21,24,0.15,31,37,18,63111
13315,GA,Wilcox County,56.3136,26.33,9.58,0,10,10,48,2.127659574,27.02601814,15.3,41,8.8,32.3,19.5,8798,54138,5.5,15.1,19.88,3.8,32.1,59.1,17,24,0.16,31,42,20,45726
13317,GA,Wilkes County,73.7805,37.8,12.77,0,10,10,51,8.510638298,30.44875908,17.1,43.4,9.2,34.1,18.4,9549,52043,1.5,14.9,24.18,4.8,39.4,51.6,16,23,0.15,32,44,20,48635
13319,GA,Wilkinson County,85.472,39.06,13.44,0,10,10,0,0,25.49351501,17.1,43.2,9.2,34.5,20.2,8747,45465,4.8,18.9,20.56,3.3,37.7,55.6,13,24,0.15,33,44,21,51498
13321,GA,Worth County,79.2079,28.67,11.25,0,10,10,10,-9.090909091,34.73273087,15.3,39.1,8.6,31.8,18.1,20451,58694,6.9,18,20.39,2.4,25.1,66.2,14,22,0.16,30,39,19,50830
15001,HI,Hawaii County,76.2237,24.3,10.7,1,9,8.9,0,0,25.87591553,11.9,25.6,7.4,20.5,12.9,205769,78639,6,10.3,23.81,11.7,0.8,29.9,5,16,0.14,19,26,14,73092
15003,HI,Honolulu County,27.1641,5.07,3.35,1,9,8.9,3,0,23.31882095,13.1,25.4,5.9,23.1,11.2,1001146,106195,4.7,6.1,19.57,9.4,2.2,17.2,4,16,0.12,22,26,12,102382
15007,HI,Kauai County,64.6017,14.79,9.49,1,9,8.9,6,20,7.918600559,12.6,22.6,6.9,21.2,13.1,73731,97668,3.8,7.1,22.42,10.6,0.8,28.7,4,15,0.12,20,23,14,90084
15009,HI,Maui County,40.1296,8.81,4.64,1,9,8.9,0,0,47.53199005,12.3,24,6.7,21.5,13,164522,97161,5.5,6.3,20.74,10.6,0.8,29,5,15,0.12,20,24,13,83764
16001,ID,Ada County,34.3259,7.18,3.11,1,10,9.6,12,0,8.194577217,8.7,28.8,5.7,18.3,11.6,518935,91502,3.1,5.2,16.24,9.8,1.3,80.9,8,13,0.1,18,29,12,90513
16003,ID,Adams County,75.82,27.59,15.53,0,10,9.6,12,20,38.69860077,14.2,31.8,10.3,26.9,15,4744,61808,7.4,13.5,30.12,5,0.2,87,11,17,0.15,23,32,15,59829
16005,ID,Bannock County,44.5553,14.46,5.34,1,10,9.6,4,-20,13.03024864,10.1,36.4,6.5,22.5,13.6,89454,66499,4.3,7.8,15.32,9.9,0.8,80.3,8,17,0.12,22,37,14,67371
16007,ID,Bear Lake County,59.8592,15.35,11.4,0,10,9.6,0,0,20.93270683,11.4,33.5,8.1,23.2,12.9,6650,75260,2.6,3.8,21.2,3.8,0.5,93.2,10,15,0.11,21,34,14,67519
16009,ID,Benewah County,62.2809,24.62,11.97,0,10,9.6,0,0,100,13,34.3,9.1,26.4,16.4,10142,59794,3.7,8.9,23.92,3.8,0.5,83.6,15,19,0.15,25,34,17,60872
16011,ID,Bingham County,71.2682,25.47,8.19,1,10,9.6,23,-8,19.27433205,10.8,41,6.8,25.9,14.2,49664,77878,5.4,8.5,15.18,17.8,0.2,73.7,11,18,0.12,26,41,15,73409
16013,ID,Blaine County,57.4356,20.77,7.51,0,10,9.6,3,0,5.392698765,10.4,25.9,7.1,20.1,10,24951,92566,2.1,5,22.7,21.8,0.3,71.9,15,13,0.09,18,26,10,94471
16015,ID,Boise County,94.84,31.53,15.14,0,10,9.6,4,-20,20.32626534,12.5,31.9,8.9,24.3,13,8273,78774,3.4,4.3,28.27,5.1,0.2,83.5,11,15,0.11,22,31,14,74433
16017,ID,Bonner County,72.5488,22.79,12.84,1,10,9.6,0,0,100,11.7,26.9,8.8,22.9,13.7,51049,66979,4.8,7,26.4,4,0.3,89,14,16,0.13,21,27,15,68030
16019,ID,Bonneville County,46.8683,13.18,4.16,1,10,9.6,4,-20,7.845727444,9.9,35,6.3,23,12.8,129523,79068,4.6,6.8,13.86,14.5,0.3,80.2,10,16,0.11,23,35,13,74948
16021,ID,Boundary County,87.0465,28.47,14.44,0,10,9.6,4,0,21.51783371,12.6,31,8.8,25.7,14.7,13172,67237,2.6,12.4,23.48,5.7,0.3,81.5,17,17,0.15,23,31,15,65044
16023,ID,Butte County,62.01,21.28,10.26,0,10,9.6,3,-25,27.16462135,14.6,35.6,10.6,28.8,15.9,2684,53015,4.4,15.6,20.27,6.4,0,88.7,12,20,0.16,26,36,17,57678
16025,ID,Camas County,100,44.47,15.94,0,10,9.6,0,0,7.192126274,11.1,32.9,7.6,21.3,12.3,1124,57955,0,3.6,19.31,14,0,75.9,13,15,0.1,21,33,13,72175
16027,ID,Canyon County,43.5611,16.46,4.5,1,10,9.6,0,0,46.63837814,10.5,37.2,6.2,25.5,14.4,250790,76488,3.7,7.7,14.54,26,0.7,67.1,14,19,0.11,26,38,15,72059
16029,ID,Caribou County,48.9508,14.27,6.91,0,10,9.6,0,0,28.34237289,10.4,33,7.2,23.8,13,7162,68782,1.9,7.6,18.12,5.7,0.2,90.5,12,15,0.09,23,33,13,70183
16031,ID,Cassia County,66.8187,25.01,8.8,1,10,9.6,4,-20,0.810922503,10.7,38,6.7,27.3,13.5,25483,70830,2.4,8.2,14.49,30.1,0.5,64.4,13,18,0.11,27,39,14,68267
16033,ID,Clark County,100,50.7,13.14,0,10,9.6,6,20,17.76106262,13.3,35.3,8.1,29.7,14.3,849,55208,2.1,8.8,12.13,28.7,0,63.1,22,23,0.12,29,36,15,55625
16035,ID,Clearwater County,58.3049,20.43,13.73,0,10,9.6,0,0,26.69005203,13,32.3,9.8,26.4,13.8,9012,60000,4.5,8.9,29.01,4.6,0.2,87.6,10,17,0.14,24,33,15,58757
16037,ID,Custer County,57.41,25.98,10.53,0,10,9.6,0,0,24.63639069,13,33.1,9.7,24.1,13,4470,67574,2,5.2,36.55,4.5,0.3,88.4,12,15,0.14,22,33,14,58294
16039,ID,Elmore County,60.5543,24.91,5.63,1,10,9.6,19,-5,27.6422863,10.4,35.6,6.4,26.3,15,29321,65359,6,6.7,14.79,18.2,2.8,69.5,13,19,0.13,27,37,16,64247
16041,ID,Franklin County,67.7487,19.4,8.19,0,10,9.6,10,42.85714286,16.70469475,10,32.8,6.7,24.2,16.5,15056,71950,2.4,6.2,14.94,7.4,0.1,89.4,11,18,0.11,24,33,18,80768
16043,ID,Fremont County,66.7658,24.27,9.74,1,10,9.6,5,0,25.49324417,11.1,33.7,7.7,22.9,13.6,13943,72683,3.9,8.9,18.27,12.4,0.3,82.7,14,16,0.12,22,34,14,72061
16045,ID,Gem County,75.0808,27.42,14.23,1,10,9.6,4,0,48.03680801,11.4,31.4,8.1,23.2,13.1,20614,64605,2.9,8.3,23.07,9.7,0,83.5,14,16,0.13,22,31,14,62479
16047,ID,Gooding County,46.9295,19.14,5.65,0,10,9.6,3,50,97.42762756,12.6,36.9,8.2,29.7,16.5,15931,63559,3.8,8.8,18.45,31.5,0.1,63.1,18,22,0.13,29,37,17,65662
16049,ID,Idaho County,68.503,32.43,14.83,0,10,9.6,0,0,21.45865631,13.6,32.1,10.5,30.1,16.1,17432,66325,3.7,8.6,29.39,4,0.1,89.1,14,19,0.13,28,33,18,57210
16051,ID,Jefferson County,84.3867,30.45,7.86,1,10,9.6,0,0,37.02455521,10.1,37.3,6.4,25.4,15.5,33154,86679,2.7,7.6,11.93,11,0,85.7,10,17,0.09,25,37,16,81566
16053,ID,Jerome County,69.8638,27.94,8.12,1,10,9.6,7,-36.36363636,27.75485229,12.1,39.9,7.3,29.1,15.7,25173,71724,3.6,11.3,13.36,39.2,0.1,56.8,18,22,0.12,29,40,16,62543
16055,ID,Kootenai County,51.3516,13.78,7.18,1,10,9.6,0,0,13.47897243,9.9,34.4,7,21.3,12.9,181996,81861,3.3,5.6,20.11,5.7,0.3,85.6,11,14,0.11,20,34,13,75235
16057,ID,Latah County,32.2874,9.8,5.41,1,10,9.6,3,0,27.47352028,8.1,26.6,5.6,16,9.7,41049,65424,6.8,10.1,14.81,5.2,1,84.5,9,14,0.12,17,29,11,63916
16059,ID,Lemhi County,72.2665,30.11,15.71,0,10,9.6,5,0,19.56664276,13,32.5,10,25.1,13.4,8249,53202,2,12.8,30.91,3.9,0.1,91.5,13,17,0.13,23,33,15,57562
16061,ID,Lewis County,65.2521,23.88,13.52,0,10,9.6,0,0,12.63171959,14.2,35.9,10.1,29.2,16.5,3682,51615,2.4,11.1,28.33,4.3,1.1,81.7,12,19,0.16,27,36,18,53212
16063,ID,Lincoln County,100,42.83,11,0,10,9.6,5,-16.66666667,9.722384453,11.7,36.4,7,28.7,15.7,5358,71453,4.9,6.7,15.4,32.4,0.6,62.2,16,21,0.12,29,37,16,65511
16065,ID,Madison County,51.002,22.46,3.58,1,10,9.6,3,50,8.907499313,5.1,29,3.4,23.9,11.4,54618,60160,8.3,12.9,5.39,9.8,1,83.5,9,20,0.13,28,37,16,58236
16067,ID,Minidoka County,64.9825,26.82,9.26,1,10,9.6,17,0,14.12134743,12.4,34.3,7.5,29.3,15.6,22208,70377,3.4,12.2,16.1,37,0.1,58.8,14,22,0.13,29,35,16,68029
16069,ID,Nez Perce County,35.1599,10.63,6.47,1,10,9.6,4,-20,18.63011169,11.5,35,7.7,23.5,13,42697,72599,2.6,8.3,21.07,4.4,0.2,85.5,9,16,0.13,22,36,14,70340
16071,ID,Oneida County,63.63,24.05,9.73,0,10,9.6,3,50,16.90173149,11,31.8,7.7,22.9,12.4,4768,74954,1.4,8.3,19.9,4.4,0.4,91.8,8,15,0.12,22,32,13,67137
16073,ID,Owyhee County,63.7043,22.62,9.39,0,10,9.6,13,18.18181818,16.52416611,12.5,34.4,8.1,28.4,15.6,12503,64406,2,7.7,19.31,24.8,0.5,67.8,19,20,0.13,27,35,16,60701
16075,ID,Payette County,60.3015,21.72,9.62,1,10,9.6,0,0,49.60342026,12.9,37.5,8.7,30,16.6,26771,67673,3.2,8.4,19.75,17.9,0.1,75.5,13,21,0.12,28,37,16,67532
16077,ID,Power County,43.7353,19.52,5.41,0,10,9.6,0,0,20.76579857,12.2,37.3,7.8,28.7,14.7,8133,61146,5.6,8.4,16.98,34.3,0.4,60.5,14,20,0.12,28,38,15,68403
16079,ID,Shoshone County,44.1792,17.96,9.08,1,10,9.6,6,0,31.50845718,15,34.9,10.7,32.8,19.9,13785,55527,5.3,8.4,23.32,4.1,1,88.7,11,23,0.17,30,35,20,59937
16081,ID,Teton County,86.39,22.83,5.48,0,10,9.6,0,0,34.48548889,9.3,30.1,5.7,19.1,11.7,12425,99805,1.2,7.3,14.31,17.3,0,79.3,14,14,0.09,18,29,11,94895
16083,ID,Twin Falls County,33.1161,11.22,4.6,1,10,9.6,4,-20,36.56457901,10.2,36.2,6.7,24.4,12.9,93734,67409,3,8.3,16.59,18,0.8,75.3,12,17,0.12,24,37,13,66664
16085,ID,Valley County,67.7406,24.15,12.15,0,10,9.6,3,0,14.35338402,13.8,34.6,9.9,26.2,15.4,12389,76078,4.8,5.3,27.03,5.4,0,90.1,11,18,0.13,23,34,15,84024
16087,ID,Washington County,49.4776,19.15,11.26,0,10,9.6,3,0,12.87992096,13.6,37.6,9.5,27.5,13.8,11142,54000,5.2,10.9,26.6,16.5,0.3,77.6,10,19,0.16,26,39,15,57369
17001,IL,Adams County,43.3957,9.08,7.01,1,9,9.2,4,-20,12.16018677,11.7,38.6,7.7,23.1,15.8,64754,66220,3.9,8.7,20.57,2.1,2.8,90,5,17,0.13,23,40,18,63424
17003,IL,Alexander County,100,49.64,16.96,1,9,9.2,37,-2.631578947,21.75310516,18.4,42.8,10.5,33,21,4875,47043,6.5,10.2,24.92,0.7,32.9,62.9,6,25,0.17,31,43,23,45550
17005,IL,Bond County,74.453,22.52,10.97,1,9,9.2,8,0,7.037456036,12.6,36.6,8.1,27.7,20.4,16716,65959,4.5,8,18.77,2,6.1,85.9,6,22,0.14,27,38,22,66162
17007,IL,Boone County,57.1047,11.63,6.98,1,9,9.2,0,0,32.15522385,12.4,39.5,7.1,26,17.2,53230,84571,7.4,6.9,16.75,25.6,2.3,68,7,19,0.12,25,40,17,83129
17009,IL,Brown County,69.6378,17.88,7.24,1,9,9.2,0,0,18.54969597,11.8,40.3,6.9,26.5,19.4,6322,67917,3.1,7.1,16.28,6.7,17.8,74.1,5,21,0.12,26,41,20,76076
17011,IL,Bureau County,82.0345,23.49,15.41,1,9,9.2,7,-12.5,18.48204041,14.4,37.5,9.6,29,18.7,32866,69257,4.3,8.2,23.17,10.2,0.6,84.6,6,20,0.13,26,38,19,66854
17013,IL,Calhoun County,83.7317,21.82,16.07,0,9,9.2,7,-22.22222222,29.17994308,12.2,34.7,8.3,22.3,14,4330,93203,3.2,5.6,25.43,0.8,1.5,94.3,5,15,0.12,20,35,15,72574
17015,IL,Carroll County,77.2884,21.09,16.65,1,9,9.2,1278,-12.76450512,7.359408379,13,35.6,8.7,25.1,14.8,15576,60758,3.1,8.9,24.19,5.3,3.9,87.8,7,17,0.12,23,36,15,61982
17017,IL,Cass County,40.2134,10.01,7.54,1,9,9.2,6,20,8.742949486,13.1,38.4,7.9,27.1,17,12784,68125,4.2,9.9,18.05,22.9,4,69.9,9,20,0.13,26,39,18,64413
17019,IL,Champaign County,28.8291,6.12,3.44,1,9,9.2,0,0,0.831333697,9.3,32.5,5.2,22.7,13.6,208741,63683,4.3,7.2,13.89,8.3,13.4,62.4,7,17,0.13,24,36,16,62169
17021,IL,Christian County,45.9772,12.19,7.27,1,9,9.2,12,9.090909091,38.1834259,12.3,36.4,8.1,25.2,17.2,33538,62611,4.6,6.7,20.27,3.3,2.1,91,6,18,0.13,23,36,17,72650
17023,IL,Clark County,80.5191,25.22,14.08,1,9,9.2,0,0,7.301186085,11.6,35.4,7.5,22.4,14.8,15266,72927,3.7,6.4,20.27,1.9,0.5,95,6,15,0.11,21,35,15,66923
17025,IL,Clay County,63.5269,20.77,10.87,1,9,9.2,5,-54.54545455,11.80333996,13.5,38.4,8.9,27,18.6,13052,60417,4.8,10.5,20.89,2,0.3,94.8,7,20,0.15,25,38,19,54837
17027,IL,Clinton County,69.5134,15.51,9.2,1,9,9.2,154,-5.521472393,22.5007019,11,35.3,7,23.5,15.2,36954,86588,3.4,5.6,18.82,4.1,3.1,90.1,5,16,0.1,23,35,16,88977
17029,IL,Coles County,38.9354,12.92,6.04,1,9,9.2,3,0,41.85269547,11.7,37.1,7.4,25.3,16.4,46777,56478,6.1,11.6,18.37,3.9,3.6,88,6,19,0.16,24,39,17,57728
17031,IL,Cook County,7.4643,1.8,1.01,1,9,9.2,0,0,18.49959946,11.9,32.8,5.8,21.6,12.2,5182090,83498,7,9.9,15.96,26.8,21.8,40.1,9,18,0.12,21,33,12,80547
17033,IL,Crawford County,62.1369,17.12,9.13,1,9,9.2,5,-28.57142857,15.30440998,12,36.8,7.6,23.7,17.2,18511,71674,3,7.9,19.77,2.7,3.4,90.3,5,18,0.12,23,37,18,64168
17035,IL,Cumberland County,70.761,18.84,10.82,0,9,9.2,3,0,39.30257797,12.2,37.6,8.1,23,15.8,10334,73327,1.4,5.7,21.03,0.4,0.2,95,5,16,0.12,22,37,17,71741
17037,IL,DeKalb County,56.0321,18.34,5.25,1,9,9.2,0,0,23.93146706,9.9,33.9,5.8,21.6,13,100703,70724,6.8,10.1,13.92,14.5,6.8,71,7,17,0.13,22,36,14,69439
17039,IL,De Witt County,55.6377,12.76,8.95,1,9,9.2,5,0,20.98704338,12,36.6,7.7,23,16.1,15373,71678,4,5.4,20.7,3.5,1,92.7,5,16,0.12,22,37,17,74553
17041,IL,Douglas County,44.9855,14.55,6.79,1,9,9.2,7,40,11.06833363,11.9,36.4,7.6,25.8,18.3,19751,77320,2.5,6,18.63,8.5,1.2,87.4,10,19,0.11,25,37,19,82895
17043,IL,DuPage County,22.9193,3.3,2.63,1,9,9.2,0,0,66.29724121,10.9,29.5,5.7,18.5,9.4,930024,112096,4.9,4.7,17.34,16.1,4.8,62.2,6,13,0.09,18,29,10,107032
17045,IL,Edgar County,64.0819,18.2,12.23,1,9,9.2,5,0,1.75941956,13.6,37.3,9.3,26.6,17.5,16535,59941,4.4,8.1,24.67,1.5,0.7,95.8,6,19,0.13,24,37,18,59330
17047,IL,Edwards County,59.8532,16.7,9.93,0,9,9.2,4,-33.33333333,28.42948151,12.6,37,8.4,23.5,15.8,6075,60519,5.6,10.6,22.55,1.5,0.1,94.7,6,17,0.14,22,37,17,59867
17049,IL,Effingham County,63.9071,13.9,8.79,1,9,9.2,0,0,13.74381828,10.7,35.2,6.9,20.7,13.3,34522,80404,2.1,7.1,18.83,2.8,0.3,94.2,5,14,0.12,20,36,14,72158
17051,IL,Fayette County,81.6011,35.3,12.29,1,9,9.2,3,-25,43.20999908,12.2,37,7.8,24.1,16.1,21315,60944,3.8,9.4,19.54,3,3.2,88.3,7,18,0.14,23,37,17,61952
17053,IL,Ford County,50.1916,15.85,8.91,1,9,9.2,0,0,21.10228157,11.6,37.7,7.3,23.6,16.7,13406,62439,5.5,6.9,19.6,5.3,0.3,89.4,6,17,0.13,23,38,18,71110
17055,IL,Franklin County,57.9744,22.01,10.65,1,9,9.2,0,0,1.347945571,14.1,39.7,9.2,29.2,20.1,37323,56740,7.7,12.8,20.99,2,0.4,94.1,7,21,0.17,27,40,20,52533
17057,IL,Fulton County,53.2703,19.03,8.76,1,9,9.2,9,12.5,31.40756416,13.5,39.4,8.7,26.8,18.5,33020,60599,6.7,8.8,21.47,2.5,2.8,91.7,6,20,0.13,25,39,19,62914
17059,IL,Gallatin County,100,42.47,20.49,0,9,9.2,9,12.5,29.06369781,14.8,38.5,10,29.3,19.5,4819,59219,9.2,10.1,25.25,1.2,1.1,95,7,21,0.17,27,38,20,56852
17061,IL,Greene County,46.2332,14.81,7.41,1,9,9.2,10,-23.07692308,34.92441559,13.1,37.8,8.5,26.7,18.5,11683,62192,4.9,10.4,20.83,1.1,0.8,95.8,7,19,0.14,25,38,19,59146
17063,IL,Grundy County,59.9026,12.02,6.84,1,9,9.2,0,0,15.72477913,10.2,35.3,6,21.3,13.5,53219,92235,4.6,4.7,15.09,12,2.3,82.4,4,15,0.1,21,35,13,91254
17065,IL,Hamilton County,63.394,17.23,10.99,1,9,9.2,5,-37.5,26.31279755,13.3,37.4,8.9,25.8,17.3,7916,65746,5.1,8.7,22.94,0.7,0.2,94.7,7,19,0.14,24,38,18,65472
17067,IL,Hancock County,86.0677,27.19,16.79,1,9,9.2,3,-25,22.80031967,12.6,34.8,8.5,22.7,14.1,17281,65865,4.2,11.3,24.63,2.3,0.7,94,6,16,0.14,21,35,15,63408
17069,IL,Hardin County,74.6559,27.64,15.64,0,9,9.2,5,25,17.23320007,14.7,37.9,9.8,27.9,19.2,3605,54271,2.8,5.9,29.85,0.9,1.4,95.7,5,20,0.16,26,38,21,51216
17071,IL,Henderson County,67.6889,21.35,13.69,0,9,9.2,3,50,7.534502983,13.5,36.7,9.3,25.5,15.6,6193,62227,7.8,11.8,27.61,1.2,0.3,93.7,6,17,0.12,23,37,17,62610
17073,IL,Henry County,62.2197,14.07,9.98,1,9,9.2,72,-2.702702703,20.95264435,11.1,34.3,7.1,21.4,13.9,48643,71911,4.8,6.1,21.77,6.9,1,87,5,16,0.11,21,35,15,73198
17075,IL,Iroquois County,83.1142,27.78,15.53,1,9,9.2,19,-5,20.78019524,13.5,38.3,8.8,26.7,16.7,26449,66255,4.5,8.4,22.6,8.3,0.8,87.2,7,18,0.13,24,38,17,64995
17077,IL,Jackson County,56.1175,22.1,7.69,1,9,9.2,11,22.22222222,33.77307129,11.9,36.1,7.2,26.5,16.5,53064,48763,7.5,11.2,16.54,5.3,13.9,71.3,8,21,0.16,27,39,19,48289
17079,IL,Jasper County,74.5345,18.11,12.49,1,9,9.2,11,22.22222222,26.85769653,11.8,35,7.7,21.7,14.3,9180,74755,4.2,7,20.98,1.3,0.1,96.8,6,15,0.12,20,35,15,69924
17081,IL,Jefferson County,67.2436,21.88,10.37,1,9,9.2,126,7.692307692,34.40926743,12.8,38.6,8.1,25.3,17.6,36550,63118,5.8,10.6,19.97,2.8,5.8,83.6,7,19,0.14,24,39,18,60543
17083,IL,Jersey County,84.2429,18.12,12.33,1,9,9.2,19,-13.63636364,26.51126289,11.7,37.5,7.6,23.5,16.3,21274,80361,3.4,5.6,20.64,1.6,0.6,94.6,5,17,0.11,23,38,18,70158
17085,IL,Jo Daviess County,70.2307,16.63,14.63,1,9,9.2,0,0,22.9281044,13.5,34.3,9.4,23,13.3,21851,73993,3.6,4.3,29.93,4.2,0.8,91.9,6,15,0.11,20,34,14,74426
17087,IL,Johnson County,79.3072,34.5,12.65,0,9,9.2,5,0,18.92343903,12.3,36,7.8,24.6,16.6,13376,62528,3.5,14.7,19.66,4.5,7.8,80.1,7,19,0.14,24,37,18,63160
17089,IL,Kane County,31.1841,4.65,3.16,1,9,9.2,10,0,16.21201706,11.3,37.5,5.9,21.6,12,517255,103163,4.8,5.6,15.54,33.4,4.7,54,9,16,0.1,21,37,12,97543
17091,IL,Kankakee County,45.5446,12.63,6.4,1,9,9.2,3,-25,25.99467468,12.7,39.7,7.3,24.3,16.2,106635,71281,4.9,8.7,17.85,12.7,14.3,68,6,19,0.13,24,40,17,68451
17093,IL,Kendall County,63.344,11.05,4.58,1,9,9.2,7,-12.5,29.86500549,9.5,37,4.8,19.9,11.4,137675,111601,4.3,4.5,11.23,22.4,7.6,62,5,14,0.08,20,36,11,114606
17095,IL,Knox County,45.3161,13.03,8.17,1,9,9.2,45,-2.173913043,44.28705215,13.7,37.9,8.8,27.8,17.4,49046,57030,5.1,8.4,22.24,6.4,8,79.9,7,21,0.15,26,39,19,57569
17097,IL,Lake County,41.0269,6.91,4.37,1,9,9.2,29,3.571428571,30.70049095,11.9,31.8,6.2,21.8,12.9,714223,110416,5.2,5.8,15.79,24.9,6.3,56.2,7,17,0.1,21,32,13,108349
17099,IL,LaSalle County,52.4891,13.77,7.83,1,9,9.2,15,-28.57142857,35.99180222,12.6,36.7,7.9,24.5,16.1,108714,73045,5.4,10.6,19.93,11.2,2.5,82.1,6,18,0.13,23,37,17,72225
17101,IL,Lawrence County,71.9314,25.9,9.73,1,9,9.2,7,-30,12.6741333,13.3,37.7,8.5,29.1,20.8,15031,55324,8.1,10.4,18.49,2.1,6.2,83.8,7,22,0.15,28,38,21,55411
17103,IL,Lee County,61.4646,15.89,9.45,1,9,9.2,43,-10.41666667,41.76534653,13.3,37.6,8.4,25.8,17.8,33869,70292,5.2,7.4,21.34,7.6,5.3,83.4,6,19,0.13,24,38,19,66598
17105,IL,Livingston County,54.2265,15.82,8.32,1,9,9.2,0,0,25.23221016,12.2,37.7,7.8,25.2,17,35565,73790,3.5,8.2,20.14,5.8,3.4,87.7,6,18,0.12,25,38,19,68544
17107,IL,Logan County,60.9691,13.97,8.87,1,9,9.2,3,-25,13.1759119,12.1,38.4,7.5,25.4,17.4,27713,66358,4,10.2,19.52,3.5,5.4,85.9,5,18,0.13,24,39,18,64779
17109,IL,McDonough County,47.6416,15.73,7.21,1,9,9.2,0,0,35.62559509,11.8,36.2,7.8,25.5,16.1,26920,52795,7.9,9.9,19.31,3.5,5.6,85.2,6,20,0.15,25,39,19,50487
17111,IL,McHenry County,63.9425,9.95,6.17,1,9,9.2,0,0,8.527275085,10.8,34.7,6.3,21.1,13.5,312591,104802,4.7,4.3,16.48,16.1,1.4,76.1,5,15,0.09,20,34,13,101205
17113,IL,McLean County,47.2676,11.42,4.34,1,9,9.2,3,0,13.36881924,10,34,6,21.8,13.5,171556,79905,3.1,7.1,14.57,6.4,8.4,76.2,5,16,0.11,22,35,14,79622
17115,IL,Macon County,50.1694,11.82,8.49,1,9,9.2,0,0,22.79635239,12.9,36.5,7.6,26.6,17.2,101849,62666,6.8,9.7,21.02,2.9,16.2,73.3,5,19,0.14,26,37,18,61033
17117,IL,Macoupin County,56.4357,15.32,9.47,1,9,9.2,4,0,37.4295845,13.2,38.1,8.8,26.5,18.1,44350,70805,3.7,9.6,21.57,1.4,1.5,93.5,6,18,0.14,24,38,18,70256
17119,IL,Madison County,59.8666,16.07,8.19,1,9,9.2,4,0,15.83029652,10.9,35.3,6.7,21.1,13.8,264238,75793,4.6,7.6,18.52,4.3,7.7,81.8,5,15,0.12,21,36,15,73194
17121,IL,Marion County,62.8699,22.22,10.42,1,9,9.2,3,0,38.51073074,13.3,38.2,8.4,26.9,18.8,37000,61240,5.9,10.8,20.2,2.2,2.9,89.1,7,20,0.15,26,39,20,54774
17123,IL,Marshall County,65.472,17.23,12.06,0,9,9.2,3,200,2.526267529,13.3,36.5,9,26.6,17.6,11647,71585,3.8,8.1,24.04,3.5,0.4,92.1,6,19,0.13,24,37,19,70246
17125,IL,Mason County,69.3164,24.19,12.23,1,9,9.2,6,-25,14.25238514,13,35.6,8.7,24.4,15.8,12745,62845,4.9,10.8,23.06,1.6,0.5,94.2,6,17,0.14,22,35,16,62146
17127,IL,Massac County,61.4104,20.69,10.67,1,9,9.2,38,-28.30188679,34.2260704,14.4,38.4,9.1,27.3,17.9,13865,65116,3.8,10.4,21.99,2.9,6.4,86.3,7,19,0.14,24,38,18,58202
17129,IL,Menard County,80.5951,17.99,12.1,1,9,9.2,3,0,23.02398872,11.5,35.2,7.5,22.6,15.4,12095,82176,3.5,6.7,20.78,1.7,0.5,94.8,5,16,0.11,22,35,17,80964
17131,IL,Mercer County,84.5984,22.17,15.03,1,9,9.2,0,0,9.91201973,12.5,36.9,8.3,23.9,15.6,15495,74182,3.2,6.5,21.87,3.4,0.6,93.1,5,17,0.11,22,37,16,77098
17133,IL,Monroe County,78.8671,11.3,10.04,1,9,9.2,4,-20,23.79331398,10.2,33.2,6.6,18.9,12.3,35036,102880,1.9,4,19.73,1.9,0.6,95,3,12,0.08,18,33,12,103032
17135,IL,Montgomery County,66.2328,21.84,10.88,1,9,9.2,0,0,29.11160851,12.5,36.2,8.1,26.1,18.1,27942,63620,4.7,7.3,21.5,2.2,3.3,91.7,6,19,0.14,24,36,19,60599
17137,IL,Morgan County,58.4231,18.45,9.65,1,9,9.2,0,0,31.42423248,12.6,36.9,8,25,17.3,33021,66306,5.4,7.7,20.89,2.9,4.9,87.2,6,18,0.14,24,37,18,64268
17139,IL,Moultrie County,66.2437,15.87,10.63,1,9,9.2,0,0,0.13452217,11.1,35.2,7.3,23.2,15.9,14424,71784,2.2,7.8,18.99,1.7,1,95.1,9,17,0.11,23,36,17,72928
17141,IL,Ogle County,64.152,16.16,8.43,1,9,9.2,7,0,14.30712509,12.7,35.8,8.1,26,17.9,51495,82132,5,5.7,19.95,11.9,1.2,83,6,20,0.12,25,36,19,78109
17143,IL,Peoria County,50.8984,15.85,7.18,1,9,9.2,3,-25,6.384786606,12,35,6.7,25.1,15.5,179645,65108,6.2,10.1,18.27,6,17.2,66.1,6,18,0.13,25,36,17,62873
17145,IL,Perry County,76.4364,25.12,10.77,1,9,9.2,27,3.846153846,16.76107788,14.1,39.2,9.3,29.4,20.8,20639,62118,4.6,12.5,20.28,3.7,7.6,84.9,7,23,0.16,28,40,21,62830
17147,IL,Piatt County,72.4556,14.06,10.72,1,9,9.2,41,-8.888888889,36.7529068,11,33.9,7.2,20.9,13.7,16695,94811,2.8,4.9,21.14,1.6,1.2,94.8,5,14,0.1,19,34,14,81611
17149,IL,Pike County,66.6094,26.44,11.9,1,9,9.2,6,0,14.27293301,12.9,37.1,8.7,25.5,17.6,14469,59777,3.9,11,21.78,2.1,0.6,94.7,7,18,0.14,24,37,19,58733
17151,IL,Pope County,83.9897,29.56,17.51,0,9,9.2,35,12.90322581,25.55683708,15.1,37.2,10.4,26.8,16.7,3739,60050,2.8,9.3,28.99,3,4.8,88.7,6,18,0.16,24,38,18,58093
17153,IL,Pulaski County,84.8388,42.75,16.04,0,9,9.2,0,0,17.0063858,17.2,42.6,9.5,31.1,19.9,5015,42463,4.3,17,23.37,1,33.6,61.9,6,24,0.18,29,43,21,50863
17155,IL,Putnam County,99.7934,22.81,17.77,0,9,9.2,0,0,66.50731659,12,34.4,8,21.7,14.2,5601,75590,4.2,4.4,24.62,6.6,0.3,88.6,6,15,0.12,21,35,16,75469
17157,IL,Randolph County,55.5685,17.26,9.59,1,9,9.2,4,0,21.42266655,12.8,37.3,8.2,25.9,17.6,30058,68131,5,10.1,21.27,3.8,8.2,85.1,7,19,0.13,25,38,18,70526
17159,IL,Richland County,41.325,12.2,7.37,1,9,9.2,0,0,62.59046555,12.6,37.4,8.5,24.5,15.4,15598,62455,3.1,6.6,20.73,2,0.3,93.4,6,17,0.14,22,37,16,57119
17161,IL,Rock Island County,33.2336,9.66,4.99,1,9,9.2,7,0,6.524307251,12.8,36.9,7.4,23.8,13.7,142757,67159,5.6,11,20.36,14.2,10.9,67.4,7,17,0.13,23,37,14,63457
17163,IL,St. Clair County,52.7859,16.61,6.22,1,9,9.2,16,0,39.30905533,12.8,38.1,6.7,22.4,15.6,253694,73854,6,9.5,17.35,5.1,27.7,59.1,6,18,0.12,22,38,16,66007
17165,IL,Saline County,54.813,21.06,9.65,1,9,9.2,6,50,7.865147591,13.8,39.6,8.8,27.5,19.5,23213,53117,7.7,14.2,21.52,2.2,3.1,91.3,7,20,0.17,26,40,20,53318
17167,IL,Sangamon County,42.8328,8.65,5.85,1,9,9.2,12,-40,22.91357803,11.5,37.9,6.7,23.5,15.3,194947,75357,5.4,8.5,19.42,2.9,12.5,77.3,6,17,0.12,23,38,16,73004
17169,IL,Schuyler County,54.5801,18.15,9.49,1,9,9.2,0,0,16.04257965,13.8,39.7,9,26.4,17.7,6787,65948,5,8.2,25.7,2.7,3.7,90.2,7,19,0.16,24,39,18,64444
17171,IL,Scott County,100,28.69,18.04,0,9,9.2,4,-33.33333333,9.000461578,11.8,35.4,7.8,22.6,13.7,4937,66705,2.7,7.9,23.13,1.6,1,95.4,5,15,0.13,20,35,14,67157
17173,IL,Shelby County,76.2249,22.59,13.48,1,9,9.2,6,-25,11.7794838,13,36.7,8.7,27.1,18.5,20720,72095,3,5.6,23.67,1.2,0.2,96,5,19,0.12,25,37,20,68618
17175,IL,Stark County,100,32.16,19.92,0,9,9.2,3,0,25.14866638,12.6,37.2,8.2,24.4,17.1,5308,62878,2.3,7.2,22.89,2.9,1.2,90.7,6,18,0.13,23,38,18,69523
17177,IL,Stephenson County,45.0484,11.17,9.23,1,9,9.2,4,-20,8.532649994,13.9,41.5,8.8,26,17,43768,64043,4.3,8.9,24.38,5.6,8.5,78.9,6,19,0.13,24,42,18,64926
17179,IL,Tazewell County,64.855,14.87,10.14,1,9,9.2,9,28.57142857,21.30784607,11.5,35.5,7.3,23.2,14.8,130290,77982,3.6,5.8,19.86,2.7,1.6,91.9,5,16,0.11,21,35,15,73659
17181,IL,Union County,64.1752,21.96,10.77,1,9,9.2,90,-1.098901099,44.46630096,13.2,37,8.6,24.6,16.6,16997,55728,3.9,12.4,22.94,5.5,0.9,89.5,8,18,0.17,23,38,18,64452
17183,IL,Vermilion County,54.9734,17.35,8.98,1,9,9.2,9,-35.71428571,32.29441452,14,40.4,8.8,29.3,18.4,72386,56877,6.1,12.8,20.31,5.6,14.7,76.7,6,21,0.14,28,41,20,51813
17185,IL,Wabash County,45.626,11.95,7.47,1,9,9.2,55,-5.172413793,26.41692734,13.5,37.2,8.9,26.2,17.5,11119,57086,4.4,11.2,22.56,2.1,0.5,93.4,5,19,0.14,25,38,19,64466
17187,IL,Warren County,44.8347,11.33,8.21,1,9,9.2,5,0,32.56999969,13,36.9,8.1,26.4,17.5,16447,67385,3.6,9.2,19.98,11.1,2.7,81.1,8,20,0.13,25,38,18,64493
17189,IL,Washington County,66.9417,15.16,10.67,1,9,9.2,4,0,17.51904678,11.5,35.8,7.6,23.4,15.8,13627,78224,4.3,4.5,21.63,1.6,1.2,94.8,5,16,0.1,22,36,17,74848
17191,IL,Wayne County,65.2995,21.66,11.31,1,9,9.2,48,-14.28571429,37.81700897,13.1,37,8.7,24.6,16.8,15973,55521,3.4,12.2,21.97,2.1,0.3,95,8,18,0.14,23,37,17,56071
17193,IL,White County,56.1823,19.91,10.61,1,9,9.2,11,-8.333333333,36.42648697,14.5,38,9.9,29.9,20.4,13619,54813,4,13.4,23.43,1.6,0.6,95.2,6,22,0.15,27,38,21,56768
17195,IL,Whiteside County,51.6535,12.88,9.06,1,9,9.2,0,0,1.729610324,12.3,34.9,7.8,24.4,14.8,54947,67500,4.4,8.3,21.78,13.3,1.2,80.9,6,17,0.13,23,35,16,68641
17197,IL,Will County,49.4501,8.25,4.41,1,9,9.2,4,33.33333333,15.16388798,10.9,36.7,5.4,20.9,12.2,701462,109984,4.9,5.5,14.58,19.8,11.6,58.6,6,15,0.09,21,37,13,103587
17199,IL,Williamson County,67.2293,22.24,10.38,1,9,9.2,9,28.57142857,17.9331646,12.3,38.4,7.6,25.6,18,66876,65604,5,9.7,19.64,2.9,4.3,87.9,6,18,0.14,24,38,19,60704
17201,IL,Winnebago County,36.1955,9.2,4.77,1,9,9.2,3,200,2.9533391,13.6,38.1,8.1,28.5,17.8,283292,65837,7.3,11.1,18.54,15.5,11.6,63.8,7,22,0.15,28,39,19,65795
17203,IL,Woodford County,63.9257,12,8.21,1,9,9.2,4,-20,1.902977228,11.7,34.3,7.8,23.8,16.1,38312,91483,3.5,4.4,19.36,2.1,0.6,93.5,5,17,0.1,22,34,16,90169
18001,IN,Adams County,74.6922,25.18,9.44,1,12,11.6,7,-12.5,6.284608841,14.4,39.3,9.5,34.6,23.3,36227,65289,2.8,7.3,16.34,4.8,0.3,92.7,12,24,0.13,33,40,24,66567
18003,IN,Allen County,50.8684,14.58,5.98,1,12,11.6,8,-42.85714286,19.34316254,12.6,38.1,7.3,27.4,18.3,392378,70737,4.7,9.6,15.62,9,10.5,69.8,9,19,0.13,27,38,19,66194
18005,IN,Bartholomew County,63.3826,17.9,8.4,1,12,11.6,3,-40,21.29577065,11.8,34.2,7.2,26,15.8,83536,79901,4.1,7.1,16.7,9.2,1.8,77.7,8,17,0.14,25,34,16,79870
18007,IN,Benton County,69.6554,26.04,10.21,0,12,11.6,4,-33.33333333,4.844373703,14.2,40.3,9.4,33.6,22.3,8735,65875,3.9,11.2,17.31,7.3,0.7,88.9,10,22,0.15,32,40,23,64671
18009,IN,Blackford County,51.8148,17.26,9.29,1,12,11.6,0,0,15.60542679,14.7,37.7,10.1,33.1,21.4,11950,51326,3.7,10.8,22.02,2.4,0.6,93.8,8,21,0.17,31,38,22,51799
18011,IN,Boone County,57.013,8.35,5.92,1,12,11.6,5,-16.66666667,6.404714108,10.3,35.8,6.3,23.3,16.1,74718,111250,2.8,3.5,14.98,4.3,3,86.2,5,15,0.1,23,36,16,103970
18013,IN,Brown County,93.0443,25.26,14.77,0,12,11.6,4,-42.85714286,34.23010254,13.9,37.4,9,27.5,16.6,15606,78528,2.2,5.3,26.62,1.9,0.3,94.2,7,17,0.13,25,37,17,72141
18015,IN,Carroll County,71.8267,19.03,10.75,1,12,11.6,5,-16.66666667,13.91098881,12.9,38.7,8.3,28.4,18.8,20535,65645,3.1,4.6,20.72,4.6,0.3,92.5,8,18,0.13,27,39,20,71740
18017,IN,Cass County,52.7453,16.17,8.62,1,12,11.6,5,0,28.97801399,14.3,40.2,9.1,32.6,20,37680,56403,4.6,9.5,18.8,18.6,1.2,74.1,10,21,0.15,31,40,20,54436
18019,IN,Clark County,44.2326,9.21,5.4,1,12,11.6,12,-7.692307692,34.03365707,11.8,41.2,7.1,28.1,18.2,124354,74214,4,6.7,16.72,6.9,7,79.6,7,19,0.13,28,41,19,71718
18021,IN,Clay County,62.3214,15.39,9.1,1,12,11.6,10,-9.090909091,19.82676506,12.6,42.3,8,30.2,20.1,26409,70010,3.2,7.4,18.88,2,0.5,94,7,19,0.14,30,42,21,62834
18023,IN,Clinton County,51.1851,13.34,7.67,1,12,11.6,40,8.108108108,31.72100639,12.8,39,8,30.3,18.6,32944,65019,2.6,5.9,16.2,19.5,0.5,77.8,10,19,0.13,29,39,19,66119
18025,IN,Crawford County,96.226,38.48,14.53,0,12,11.6,0,0,19.56399536,15,41.4,9.7,32.4,21.6,10499,49640,3.5,16.5,20.84,1.6,0.2,95.3,10,23,0.18,31,41,23,56019
18027,IN,Daviess County,59.4546,21.79,7.08,1,12,11.6,7,-30,23.99036407,13.1,38,8.8,33.5,22.1,33658,68503,1.5,8.2,16,6.5,1.6,87.4,16,22,0.13,32,38,23,76778
18029,IN,Dearborn County,79.2422,17.64,10.34,1,12,11.6,7,133.3333333,8.402619362,11.5,35.5,7.4,24,15,51094,84735,1.9,4.7,19.25,1.6,0.3,94.1,7,15,0.12,22,35,15,82578
18031,IN,Decatur County,62.7306,17.2,9.12,1,12,11.6,5,-16.66666667,7.439126968,11.7,41.6,7.4,28.4,17.2,26422,69783,2.7,7.3,18.16,2.5,0.4,93.1,7,17,0.13,27,42,17,71150
18033,IN,DeKalb County,72.2459,20.55,9.65,1,12,11.6,6,50,10.89033508,11.5,37.6,7.2,27.1,17.4,43807,74331,4.5,6.8,17.42,3.1,0.1,93.6,8,16,0.13,26,38,18,68933
18035,IN,Delaware County,55.5759,18.99,9.12,1,12,11.6,6,0,4.581583023,12.4,37.2,8,28.4,19.7,112280,58127,5.8,11.5,17.6,3.3,5.2,84.3,8,22,0.17,29,40,23,55704
18037,IN,Dubois County,51.6605,9.63,6.49,1,12,11.6,6,-14.28571429,17.24259377,12.5,38.1,7.9,27.5,18.3,43614,75979,2.3,7.2,18.76,10,0.8,86.9,8,18,0.12,27,38,19,74001
18039,IN,Elkhart County,48.268,12.59,5.47,1,12,11.6,5,-28.57142857,14.19507504,13.1,42,7.9,31.1,18.8,207132,68561,3.6,9,15.42,20.1,4.7,69.9,13,21,0.13,31,43,20,69262
18041,IN,Fayette County,61.5439,18.51,10.22,1,12,11.6,32,-13.51351351,51.31670761,15.5,41,10.2,35.6,25.1,23334,59321,3.4,12,20.57,1.4,1.4,93.7,8,25,0.18,34,41,26,60483
18043,IN,Floyd County,52.2564,9.98,6.31,1,12,11.6,4,-20,36.12319565,12.5,36.7,7.9,27.1,17.9,80918,79704,4.1,7.3,17.65,4.3,4.8,85.3,7,18,0.12,26,36,18,79008
18045,IN,Fountain County,64.4749,19.88,10.67,1,12,11.6,0,0,0.039656114,12.9,39.1,8.3,28.7,18.3,16617,62542,4.7,8.1,19.76,3,0.6,93.4,8,18,0.15,27,39,19,63747
18047,IN,Franklin County,84.9529,22.59,11.6,0,12,11.6,11,-8.333333333,51.5453949,11.8,37.9,8,26.6,15.7,23020,78074,3.9,3.9,20.3,1.2,0.1,95.7,8,16,0.12,25,38,16,77456
18049,IN,Fulton County,65.737,19.55,10.26,1,12,11.6,5,-28.57142857,18.18729591,14.2,41.6,9.6,30.1,19.6,20312,61360,6.8,12.1,20.51,5.5,0.5,89.5,9,20,0.15,28,42,20,60258
18051,IN,Gibson County,61.4019,16.55,9.31,1,12,11.6,12,0,26.96425629,13.3,40.2,8.5,31.3,22.2,33000,67573,2.3,7.6,18.2,2.3,1.8,90.1,6,21,0.13,30,40,23,67497
18053,IN,Grant County,50.7086,17.32,7.98,1,12,11.6,0,0,27.29800415,14,41.7,8.8,32.6,19.7,66295,53522,6.3,15.3,19.26,5.5,4.8,82.6,8,21,0.17,32,43,22,53872
18055,IN,Greene County,70.638,23.5,10.57,1,12,11.6,4,-50,33.00910187,14,40.4,8.9,31.4,21.7,31021,62094,6,10.5,20.37,2.1,0.5,95.2,8,21,0.17,30,41,23,59626
18057,IN,Hamilton County,60.0704,7.59,5.3,1,12,11.6,10,11.11111111,13.60258484,9.1,28.5,5.2,17.6,10.4,365056,121530,2.8,2.9,13.88,5.6,4.4,78.6,4,11,0.09,17,28,10,121231
18059,IN,Hancock County,76.0345,14.91,9.4,1,12,11.6,0,0,24.41493797,11.3,36.2,7,25.4,16.7,84037,93186,2.7,2.4,17.3,3.5,3.5,88.1,6,16,0.11,24,36,17,94581
18061,IN,Harrison County,88.9758,23.52,12.06,0,12,11.6,5,-16.66666667,8.286190987,12.7,36.9,8.5,28.1,18.2,39859,74475,3.5,5.4,19.22,2.4,0.8,94.2,7,17,0.12,26,37,19,75443
18063,IN,Hendricks County,67.98,9.22,7.42,1,12,11.6,0,0,25.24716949,11.5,39.3,6.2,24.7,15.3,183344,101144,2.6,4,15.05,5.2,10,77.3,6,15,0.1,24,39,15,95323
18065,IN,Henry County,66.487,20.72,11.12,1,12,11.6,8,-27.27272727,31.38291931,14.1,44.1,8.6,31.4,21.7,48970,63150,3.7,9.9,19.58,2.3,2.2,92.1,7,21,0.16,30,44,23,62048
18067,IN,Howard County,52.5409,15.32,7.92,1,12,11.6,0,0,8.577236176,13.1,41.4,8.2,29.2,18.8,83752,64027,5.8,8.8,19.86,4.1,7.3,82.6,7,19,0.15,28,42,20,61548
18069,IN,Huntington County,64.7077,17.09,9.66,1,12,11.6,14,16.66666667,19.46721458,12.8,38.7,7.9,27.1,17.5,36798,66301,3.5,5.6,18.7,3.2,0.7,92.9,7,17,0.14,26,39,19,67462
18071,IN,Jackson County,55.9683,17.12,8.07,1,12,11.6,5,0,5.172517776,13.5,43.3,8.6,33.9,21.6,46660,70262,2.6,8.4,16.16,14.4,0.6,79.5,8,22,0.14,33,43,23,69753
18073,IN,Jasper County,62.6298,13.5,8.05,1,12,11.6,75,-3.846153846,34.40982437,12,38.3,7.7,27,17,33234,77314,4.9,6.1,18.67,7.6,0.7,86.9,7,17,0.13,26,38,17,75027
18075,IN,Jay County,82.1649,30.76,11.97,1,12,11.6,14,-30,23.96469307,14.8,42.1,9.7,35.3,22.7,20229,54969,4.4,9.6,18.29,4.6,0.3,92.8,9,22,0.15,33,42,23,61030
18077,IN,Jefferson County,59.5909,19.27,8.49,1,12,11.6,7,-12.5,7.166318417,12.8,38,8.2,29.1,18.9,32998,64577,4.4,9,19.21,3.5,1,91,9,20,0.16,29,38,20,62153
18079,IN,Jennings County,85.2751,27.88,10.4,1,12,11.6,20,11.11111111,35.36664581,12.9,41.9,8,31,20.8,27562,69322,4.6,8.2,17.48,3.5,0.3,92.8,8,19,0.16,30,42,22,61695
18081,IN,Johnson County,58.9286,12.34,7.03,1,12,11.6,166,0,32.56227493,11.9,42.3,6.7,28.4,17.5,166315,90454,3,5.5,15.74,4.3,3.2,83.9,6,17,0.12,28,42,18,91676
18083,IN,Knox County,47.4529,11.3,8.27,1,12,11.6,8,0,14.91217804,12.6,37.5,8.4,27.6,17.8,36007,61237,3.1,9.9,19.1,3,1.7,89.4,7,18,0.15,26,38,18,57242
18085,IN,Kosciusko County,73.3223,19.8,10.08,1,12,11.6,0,0,10.6302681,12.3,39,7.8,27.4,15.9,80442,75317,2.8,6.8,18.08,9.7,0.6,85.2,10,17,0.13,26,40,17,72726
18087,IN,LaGrange County,85.4163,27.22,9.25,1,12,11.6,9,-10,19.00014877,12.2,41.5,8.1,31.7,21.9,40805,84487,4.2,5.5,14.57,4.5,0.3,93.4,31,23,0.11,32,42,23,81738
18089,IN,Lake County,39.9126,11.65,5.19,1,12,11.6,20,0,18.32712173,13.7,38.3,7.7,30.5,17,500379,71493,6.1,11.1,17.87,20.9,22.7,51.4,7,20,0.14,29,38,17,69182
18091,IN,LaPorte County,60.3062,17.4,8.37,1,12,11.6,8,14.28571429,10.36982822,14,39.7,8.4,30.2,19.4,111917,71055,4.8,9.3,19.44,7.6,10.3,76,8,20,0.15,29,40,20,64204
18093,IN,Lawrence County,66.2238,21.29,9.93,1,12,11.6,8,33.33333333,28.69270515,13.8,39.7,9.3,31.5,19.7,45102,66468,3.5,8.5,20.5,2,0.2,93.3,7,20,0.14,30,40,21,64958
18095,IN,Madison County,58.6719,20,9,1,12,11.6,0,0,14.57728672,13.3,39.3,8.1,29.9,21.5,131900,63037,5.9,9.7,18.81,5.4,6.1,82,8,21,0.16,29,40,23,62000
18097,IN,Marion County,34.0879,12.59,3.46,1,12,11.6,7,-12.5,9.052998543,13.2,39,6.8,28.4,17.2,975809,66346,5,11.5,13.16,13.8,27.1,49.5,10,22,0.14,29,39,18,66653
18099,IN,Marshall County,70.3694,20.01,9.97,1,12,11.6,0,0,0,13.1,35.5,8.2,28.6,18,46284,71808,2.6,7.8,18.98,11.9,0.6,84.9,11,19,0.13,28,36,19,70390
18101,IN,Martin County,62.6284,18.75,9,1,12,11.6,0,0,1.097332239,13.9,39.5,9.5,31.7,22.9,9830,68594,2.4,10.4,20.99,1.4,0.4,94.6,8,22,0.15,30,40,24,60862
18103,IN,Miami County,69.6368,25.49,9.1,1,12,11.6,4,100,0.703386724,13.2,41.8,8.3,29.6,20.8,35712,61139,6.6,11.5,18.18,3.7,3.7,86.9,8,21,0.16,29,42,22,59297
18105,IN,Monroe County,40.1474,11.08,4.55,1,12,11.6,0,0,18.87968826,9.1,34,5.9,22.8,13.6,140965,65868,5.5,7.8,14.65,4.8,3.5,80.7,7,16,0.15,24,38,16,60553
18107,IN,Montgomery County,58.241,16.28,8.89,1,12,11.6,0,0,28.61433029,13.6,42.2,9.1,30.9,20.5,38312,71479,3.3,5.5,18.85,6.2,0.9,89,9,20,0.15,29,43,21,69928
18109,IN,Morgan County,70.4134,15.12,8.77,1,12,11.6,0,0,2.595131874,13.1,38.3,8.3,29.8,20,72659,79429,4.2,7.4,18.14,2.1,0.8,93.5,7,19,0.13,28,38,20,74193
18111,IN,Newton County,80.5583,28.29,13.36,0,12,11.6,14,0,40.44406891,13.7,41.6,8.8,31.2,21,13922,75481,6.5,11,20.25,8.4,1.1,85.6,10,20,0.15,29,42,21,70836
18113,IN,Noble County,65.2965,17.69,8.14,1,12,11.6,4,33.33333333,31.64577293,11.9,36.2,7.5,27.3,18.1,47495,71723,3.2,8.4,17.1,11.3,0.3,85.1,11,18,0.12,27,37,19,66072
18115,IN,Ohio County,62.7654,9.29,9.77,0,12,11.6,0,0,9.482639313,13.7,38.4,9.3,28,17.5,5999,70392,1.3,6.8,23.55,1.9,0.1,94.8,7,17,0.13,25,38,18,70757
18117,IN,Orange County,64.7681,25.3,9.26,1,12,11.6,4,33.33333333,11.94150448,13.7,41.3,8.8,28.9,19.6,19767,65873,3.1,7.7,20.8,1.8,1.2,93.3,9,19,0.16,27,42,21,59750
18119,IN,Owen County,83.0776,30.08,11.6,0,12,11.6,4,0,17.64956093,14.5,40.4,9.2,31.9,21.5,21604,62464,3,8.8,21.3,1.5,0.8,95,10,21,0.15,30,40,22,62247
18121,IN,Parke County,82.2624,29.05,13.23,1,12,11.6,7,-12.5,4.334608078,13.5,38.3,8.8,30.5,20,16406,68485,4.4,15,20.54,0.8,1.6,94.3,12,20,0.15,29,38,21,70989
18123,IN,Perry County,60.9371,16.33,7.48,1,12,11.6,3,0,12.95516968,12.8,40.7,8.4,28.6,18.8,19270,61151,4.5,12.2,19.51,1.6,2.1,92.5,7,18,0.14,27,41,19,63098
18125,IN,Pike County,86.5387,25.17,13.86,0,12,11.6,47,14.63414634,31.75575066,13.5,41.7,8.9,30.3,20.1,12154,71334,3.2,6.4,21.51,1.1,0.4,95.4,7,19,0.14,29,42,21,66716
18127,IN,Porter County,59.3413,10.9,7.17,1,12,11.6,3,-25,17.95147514,11.4,36.9,7.1,26.2,16.2,174818,87972,4.7,7.7,18.28,11.7,4.3,79.1,6,17,0.12,25,37,17,79398
18129,IN,Posey County,78.3976,15.5,10.95,1,12,11.6,5,0,16.5880146,11.8,36.6,7.7,24,15.3,25116,78129,1.8,7.8,20.88,1.5,0.7,93.2,5,15,0.12,22,36,15,76228
18131,IN,Pulaski County,72.8916,27.3,11.52,1,12,11.6,4,0,0.136355817,13.8,41,9.2,30.3,20.1,12441,62792,1.8,7.8,21.37,4.2,0.2,91.3,9,20,0.15,29,41,22,70303
18133,IN,Putnam County,72.3647,19.46,9.37,1,12,11.6,3,-25,2.045055628,11.7,38.8,7.5,26.5,17.8,37280,78378,3.1,5.4,17.35,2.3,3.3,90.6,7,18,0.13,26,39,19,73137
18135,IN,Randolph County,78.0568,27.13,12.99,1,12,11.6,5,-28.57142857,30.86360168,14.2,38.9,9.6,34.4,21.1,24387,60791,4.5,13.7,20.63,5.3,0.7,90.7,8,21,0.16,32,39,22,58725
18137,IN,Ripley County,63.0644,16.42,8.73,1,12,11.6,3,0,15.87148476,12.6,37.5,8.3,28.5,18.7,29095,70573,3,8.2,18.76,2,0.7,94.2,7,18,0.13,27,37,19,66942
18139,IN,Rush County,62.1238,20.81,9.24,1,12,11.6,3,0,4.594595909,13.1,41.3,8.3,28.4,18.2,16739,66473,4.3,9.3,19.46,1.9,0.6,94.4,8,18,0.15,27,42,19,65326
18141,IN,St. Joseph County,40.0812,9.88,6.01,1,12,11.6,23,-8,40.16163254,12.5,37.1,7.3,28.5,16.1,273040,66868,5.2,9.1,16.86,10.5,12.3,68.9,9,19,0.14,28,38,17,65977
18143,IN,Scott County,73.2025,27.65,9.37,1,12,11.6,0,0,22.38351822,14.2,40,9.4,34.1,23,24526,56352,3.3,10.8,17.07,2.6,0.4,93.5,8,24,0.18,33,40,23,62584
18145,IN,Shelby County,66.9934,15.51,9.9,1,12,11.6,0,0,0,13.4,40,8.4,30.2,20.7,45265,72190,3.6,11.6,18.65,5.6,1.4,89.8,8,20,0.14,29,40,21,71548
18147,IN,Spencer County,77.1135,17.49,11.25,0,12,11.6,34,-15,37.90548706,12.4,35.6,8.2,26.6,16.9,19955,74506,3.3,4.7,20.63,3.6,0.6,93.2,7,16,0.12,26,36,18,77467
18149,IN,Starke County,75.0053,27.3,11.58,1,12,11.6,3,0,4.743662357,13.3,40,8.6,29.6,19,23365,63960,3.4,9.7,20.65,4.3,0.5,91,9,19,0.16,28,40,20,61259
18151,IN,Steuben County,79.5441,23.09,11.88,1,12,11.6,15,-6.25,38.79411697,12.3,33.8,8.1,23,13.5,34726,74911,7.2,6.9,21.87,4.5,0.7,91.4,8,15,0.12,21,34,14,71355
18153,IN,Sullivan County,79.0253,27.76,10.87,1,12,11.6,5,-28.57142857,18.24990082,13.1,38.2,8.5,30.7,21,20780,56204,4.4,9.8,18.95,1.9,3,90.4,8,20,0.15,29,38,21,59148
18155,IN,Switzerland County,84.5924,32.35,11.82,0,12,11.6,0,0,6.403787136,13.6,39.8,8.8,31.3,20.8,9909,65343,4.2,9.2,18.76,0.6,0.3,94.6,9,19,0.17,30,40,21,60219
18157,IN,Tippecanoe County,50.5415,19.2,3.9,1,12,11.6,6,-25,38.61706161,10,31.1,5.8,23.4,14.2,189071,60636,3.3,9.6,12.28,10.3,6.2,71.6,8,19,0.15,27,35,18,61681
18159,IN,Tipton County,76.7641,19.86,13.59,1,12,11.6,4,-20,9.224858284,12.5,36.2,8.5,27.2,16,15346,76156,2.3,8.2,22.15,3.3,1.1,92.8,7,16,0.14,25,36,16,76188
18161,IN,Union County,66.118,20.86,8.87,0,12,11.6,7,-12.5,34.43942261,13,40.4,8.3,29.3,19.7,6985,76424,4.3,7.2,21.07,2.5,0.6,95.1,7,19,0.12,28,40,20,64648
18163,IN,Vanderburgh County,42.9417,12.35,5.78,1,12,11.6,0,0,33.23987961,11.9,38.8,7.3,28.1,16,180117,61648,4.2,8.9,18.3,3.8,8.4,80.3,7,18,0.15,28,39,17,60923
18165,IN,Vermillion County,59.6846,18.9,10.29,1,12,11.6,3,0,2.005925894,13.1,40.6,8.4,30.8,19.8,15421,60200,4.6,10.2,20.04,1.5,0.7,95.3,7,21,0.16,31,41,22,58743
18167,IN,Vigo County,74.7406,29.48,9.69,1,12,11.6,4,0,4.540975094,12.5,39.2,7.6,28.7,19,106109,52976,5.7,13.6,17.37,3.2,5.8,84,8,20,0.17,29,41,21,50665
18169,IN,Wabash County,65.9771,21.92,10.82,1,12,11.6,0,0,8.036211014,13.2,36.7,9,29.3,18.4,30844,66806,3.4,7.2,21.82,3.2,0.9,92.2,7,18,0.14,27,37,19,60668
18171,IN,Warren County,79.67,17.67,12.36,0,12,11.6,0,0,6.422805786,12.8,36.3,8.5,27.8,19.5,8464,82425,4.4,6.2,21.41,1.5,0.1,94.2,6,18,0.15,26,37,21,74750
18173,IN,Warrick County,66.5247,12.58,8.54,1,12,11.6,5,-28.57142857,10.87645721,11.3,40.3,7,22.5,14.4,65261,89844,3.1,4.9,18.69,2.5,1.7,89.5,5,14,0.11,21,40,14,87293
18175,IN,Washington County,79.3773,26.95,9.71,1,12,11.6,4,-20,15.74483871,13.3,42.2,8.4,30.5,20.2,28212,64641,3.2,8.1,18.55,1.5,0.3,95.3,9,19,0.15,29,42,21,55682
18177,IN,Wayne County,60.1895,24.13,9.3,1,12,11.6,0,0,7.412939548,14.2,39.1,8.8,32.9,22.2,66397,55692,5.4,13.7,19.73,4,3.8,85.7,10,21,0.16,31,39,23,52956
18179,IN,Wells County,72.6282,21.18,11.15,1,12,11.6,3,0,16.97654915,12.5,40.7,7.9,30.4,19.8,28420,71957,2.6,4.6,18.65,4,1,92.2,7,18,0.12,29,41,20,69833
18181,IN,White County,66.6754,17.1,11.01,1,12,11.6,27,12.5,27.52601814,13.4,39.2,8.8,30.3,19,24717,67303,3.5,6.4,21.17,10.7,0.5,85.8,9,19,0.13,29,39,20,67077
18183,IN,Whitley County,74.2847,16.64,10.22,1,12,11.6,3,-25,10.1113224,11.8,34.7,7.6,27,17.5,34618,78083,3.3,7.7,19.19,2.8,0.2,91.9,7,16,0.12,26,35,18,76326
19001,IA,Adair County,64.0011,18.85,12.65,0,7,6.9,4,-33.33333333,9.956210136,12.9,41.6,8.3,28,15.7,7460,68092,4,4.9,22.57,3.2,1.4,93.1,5,15,0.11,26,42,17,67873
19003,IA,Adams County,58.8392,17.75,11.77,0,7,6.9,5,25,14.13348389,13.2,38.3,8.5,26.8,16,3622,71875,3.9,3.9,24.19,1.7,0.3,94.5,6,15,0.1,25,39,18,63399
19005,IA,Allamakee County,54.3628,14.12,9.85,1,7,6.9,5,0,16.62055969,13.2,38,8.8,29,16.6,14092,70694,2.5,6.8,23.12,9.1,1.8,86.5,8,16,0.11,27,38,17,65586
19007,IA,Appanoose County,55.7828,18.68,11.19,1,7,6.9,3,-25,6.878715038,14.5,43.2,9.3,31.9,18.8,12184,54934,3.9,9.1,23.65,2,0.8,93.8,7,18,0.15,29,43,20,54629
19009,IA,Audubon County,64.4887,19.35,13.08,0,7,6.9,3,0,29.88311005,13.3,41.1,8.7,28.9,18.5,5599,58229,1.3,7.3,25.45,2.5,0.5,93.8,6,17,0.11,27,42,20,64977
19011,IA,Benton County,71.7877,13.65,10.05,1,7,6.9,5,-16.66666667,8.913966179,12.3,42.1,7.8,28.2,16.7,25724,86962,2,3.6,19.8,2,0.4,94.4,4,16,0.1,26,42,17,86364
19013,IA,Black Hawk County,39.3252,11.7,4.9,1,7,6.9,5,-16.66666667,28.74804878,11.4,37.5,6.9,27.6,18.5,131049,66417,4.6,9,17.66,5.2,9.1,78.1,6,18,0.12,27,39,20,61558
19015,IA,Boone County,50.6493,11.15,7.79,1,7,6.9,0,0,22.55412292,10.7,38.6,6.6,24.3,14.6,26668,83531,1.5,3.7,19.96,2.9,1.2,92.9,4,14,0.09,24,39,16,77381
19017,IA,Bremer County,53.9298,9.76,8.92,1,7,6.9,11,0,21.62915039,10.8,38.4,6.7,24.3,15,25204,86784,3.3,3.9,19.76,2.1,1.1,92.3,4,14,0.08,23,40,16,79410
19019,IA,Buchanan County,68.265,17.74,10.29,1,7,6.9,3,0,23.29896545,11.7,41,7.4,24.6,15.8,20694,78236,2.8,6.3,18.63,1.9,0.6,95,6,14,0.1,22,41,16,80402
19021,IA,Buena Vista County,50.7665,14.35,9.48,1,7,6.9,3,0,12.63006115,12.4,40.3,6.8,28.9,15.3,20753,71719,5.5,4.8,16.25,29.4,3.3,52.1,11,18,0.09,28,41,16,65671
19023,IA,Butler County,76.3326,20.7,14.58,0,7,6.9,0,0,9.223778725,12.9,39.9,8.3,27.7,15.5,14268,73715,3.1,6.5,23.17,1.7,0.2,94.6,6,14,0.11,25,40,16,73033
19025,IA,Calhoun County,67.7615,18.29,15.74,0,7,6.9,3,50,14.85280228,12.5,38.5,8.3,27.1,15.7,9803,64964,2.6,5.3,23.67,2.7,1.6,91.3,6,15,0.1,25,39,16,63597
19027,IA,Carroll County,45.6464,10.04,7.54,1,7,6.9,6,20,2.506485701,12.1,41.4,7.7,26.2,16.6,20594,72930,1.8,4.7,21.18,3.5,0.5,91.9,5,16,0.09,25,42,18,61806
19029,IA,Cass County,48.6817,14.37,10.27,1,7,6.9,7,-12.5,29.71593094,13.7,44.5,8.6,30.5,18.4,13096,63013,1.4,10.7,23.37,2.7,0.9,93.5,7,19,0.13,29,45,20,59509
19031,IA,Cedar County,70.7049,13.98,11.54,1,7,6.9,5,0,32.06416702,11.5,38.1,7.2,24.9,15,18349,80602,2.3,4.8,21.03,2.8,0.4,93.2,5,14,0.09,24,38,16,77777
19033,IA,Cerro Gordo County,34.9561,8.13,6.35,1,7,6.9,15,15.38461538,22.07529068,12.8,38.1,8.3,28.3,15.9,42632,68189,2.6,5.9,23.54,5.6,1.9,88.2,5,16,0.11,26,38,17,63161
19035,IA,Cherokee County,58.9044,14.22,12.17,1,7,6.9,3,50,10.91892719,13.5,40.1,8.7,30.4,17,11600,71269,2.5,6.4,24.87,5.4,1,88.6,6,16,0.11,27,40,18,70197
19037,IA,Chickasaw County,63.5317,15.27,10.71,1,7,6.9,0,0,9.852791786,12.1,37.4,8.4,26.4,15.7,11807,75675,1.6,6.1,22.62,4.6,0.5,92.6,6,15,0.09,24,38,16,73547
19039,IA,Clarke County,48.582,14.78,7.7,1,7,6.9,0,0,11.31129551,13.7,41.7,8.2,33.1,19.1,9662,71641,4.2,3.9,19.91,16.8,0.1,77.5,7,20,0.14,32,43,21,65162
19041,IA,Clay County,43.0522,12.56,7.44,1,7,6.9,6,0,30.06417084,11.7,40,7.6,26.7,16.3,16461,65428,3.5,6.6,22.39,4.7,0.3,91.1,5,15,0.11,25,41,18,72021
19043,IA,Clayton County,66.9781,19.01,11.64,0,7,6.9,4,100,8.395184517,13.3,40.6,8.7,29,16.7,17013,67242,2.5,6.3,25.04,2.3,0.6,95,8,16,0.13,26,41,17,65814
19045,IA,Clinton County,46.2323,12.64,7.93,1,7,6.9,15,0,23.25174713,12,40.5,7.8,27.5,16.6,46268,66981,3.4,8.6,20.27,3.6,3.1,89,6,17,0.12,27,41,18,67095
19047,IA,Crawford County,62.302,20.36,10.85,1,7,6.9,3,0,31.3008461,14.5,43.9,8.3,32.9,17.8,16277,67027,3.8,12.6,17.99,30.8,0.9,62.1,10,20,0.14,31,45,18,64170
19049,IA,Dallas County,58.2697,7.96,5.6,1,7,6.9,4,-33.33333333,4.032167435,8.8,32.7,5,18.2,11.2,107968,102379,2.3,4.8,12.87,6.9,3,80.9,4,11,0.08,18,32,11,102189
19051,IA,Davis County,69.3678,20.39,10.18,0,7,6.9,4,100,22.23357964,12.2,40.1,8,28.9,18.2,9157,77194,2.7,5.1,18.14,2.4,0,93.8,14,18,0.09,27,40,19,66410
19053,IA,Decatur County,54.1488,20.93,10.02,0,7,6.9,3,0,19.68704796,11.4,35.6,7.4,28.3,15.8,7759,59044,1.9,10.8,21.12,3.5,1.3,90.2,7,17,0.13,27,38,18,54409
19055,IA,Delaware County,75.6817,17.76,11.87,1,7,6.9,0,0,75.99986267,11.6,40.1,7.5,24.5,14.4,17558,74989,2,6.2,21.55,1.7,0.1,94.1,5,14,0.09,23,41,16,69339
19057,IA,Des Moines County,50.2074,12.76,9.14,1,7,6.9,0,0,18.57673645,12.8,36.5,7.8,29.2,16.5,38487,62928,3.1,9.5,21.25,3.7,4.7,84.5,6,16,0.13,27,37,17,60599
19059,IA,Dickinson County,56.7804,12.62,13.9,1,7,6.9,4,-20,0,13.2,36.5,8.9,26.6,16.7,17990,75432,3,4.5,28.23,2.9,0,93.4,5,16,0.1,24,37,18,80922
19061,IA,Dubuque County,44.9699,9.31,6.89,1,7,6.9,3,-25,11.33162785,11.3,40.6,7,28.6,17.5,99030,77630,3.7,5.8,19.34,3.3,2.9,88.3,4,17,0.1,28,42,19,72749
19063,IA,Emmet County,46.2261,14.21,9.31,1,7,6.9,4,0,10.00475693,12.9,38,8.3,27.2,16.6,9262,63730,1.7,7.1,24.08,10.2,1.6,85.2,8,16,0.12,26,39,17,61500
19065,IA,Fayette County,56.4447,17.06,9.98,1,7,6.9,3,50,9.641195297,13.4,38.9,8.7,30.7,18.5,19288,60165,3.2,7.6,22.94,3.1,0.8,91,6,18,0.12,29,40,20,62103
19067,IA,Floyd County,55.52,14.43,9.7,1,7,6.9,6,0,8.575946808,12.8,42.6,8.3,28.4,16.5,15328,68557,3.3,7.2,23,3.9,1.4,88.7,6,16,0.11,26,43,17,67582
19069,IA,Franklin County,58.8883,18.02,11.5,1,7,6.9,4,-20,19.7424202,13.3,40.3,8.5,30.3,17.4,9956,59894,3.8,9.2,21.56,16.5,0.7,80.2,7,18,0.11,29,41,19,71041
19071,IA,Fremont County,99.6946,32.69,19.53,0,7,6.9,0,0,33.63263702,12,35.9,7.7,23.7,14.2,6514,71621,0.8,5.3,24.18,3.4,0.4,91.4,5,13,0.1,22,36,15,72129
19073,IA,Greene County,59.1055,17.12,11.83,1,7,6.9,0,0,37.79862976,13,41,8.5,28.9,15.9,8688,63409,2.3,5.7,24.39,3.5,0.1,92.3,6,16,0.12,27,42,18,63082
19075,IA,Grundy County,56.7819,11.4,9.2,0,7,6.9,3,0,24.54718971,11.1,38.6,7.2,24,15.1,12384,87205,2,3.8,20.99,1.8,0.6,94.9,4,13,0.08,22,39,16,81093
19077,IA,Guthrie County,66.8532,16.66,12.54,0,7,6.9,0,0,1.254435658,11.7,39.1,7.6,24.9,14.3,10688,77711,3.2,6.7,24.24,3.1,0.6,92.4,6,15,0.1,24,40,16,78027
19079,IA,Hamilton County,49.6543,13.3,7.95,1,7,6.9,5,25,5.148017406,12.1,35.4,7.7,25.8,15.1,14886,72432,4.8,6.1,21.21,10.1,1,83.8,7,15,0.11,24,35,15,71731
19081,IA,Hancock County,55.2578,13.37,9.3,0,7,6.9,0,0,23.99578476,11.8,35.7,7.7,26.4,15.7,10671,70601,1.9,8.2,23.93,6,0.4,90.1,6,16,0.11,25,36,18,67979
19083,IA,Hardin County,45.1514,11.26,8.13,1,7,6.9,6,0,16.18694878,12.9,38.5,8.1,28.1,17.8,16639,65069,4.3,6,23.85,5.5,1.1,90.1,7,17,0.11,27,39,19,67903
19085,IA,Harrison County,62.3289,14.81,10.69,1,7,6.9,0,0,18.50899696,12.8,40.1,7.7,29.6,19.5,14632,79535,2.3,4.8,20.13,2.2,0.1,94.4,6,18,0.1,28,40,21,63139
19087,IA,Henry County,70.0579,20.83,11.34,1,7,6.9,28,40,8.568649292,12,40,7.4,28.9,18.7,20004,67436,1.5,8.7,20.15,5.5,2.5,86.2,6,17,0.11,28,41,20,65627
19089,IA,Howard County,61.2536,14.69,11.75,1,7,6.9,4,0,15.59039974,12.6,37.6,8.2,28.1,17.2,9445,67446,1.9,6.6,20.46,3.3,0.8,93,7,16,0.1,25,37,17,67552
19091,IA,Humboldt County,54.3793,17.51,10.09,1,7,6.9,3,-25,25.41497803,13.3,43.2,8.3,28.8,16.9,9591,71946,5,9.7,21.63,5.7,0.3,90.4,6,16,0.12,27,43,18,72307
19093,IA,Ida County,55.8767,16.1,10.63,0,7,6.9,6,-14.28571429,18.71199226,12.3,37.1,7.9,25.9,15.4,6911,63073,2.4,6.6,22.18,4.1,0.3,91.5,5,15,0.11,24,37,16,71238
19095,IA,Iowa County,60.8563,14.26,9.61,0,7,6.9,6,-14.28571429,28.2858181,11.5,36,7.5,26.4,15.6,16507,71223,1.9,4.3,20.29,3.4,0.3,92.5,5,14,0.1,24,36,15,75419
19097,IA,Jackson County,64.2662,16.08,10.7,1,7,6.9,26,-10.34482759,29.15248489,13.1,41.9,8.3,30.1,17.8,19390,74186,5.1,5.8,22.2,1.6,1,93.6,6,16,0.11,28,42,18,74910
19099,IA,Jasper County,53.0509,12.41,7.84,1,7,6.9,3,-25,1.139075398,11.1,39,7,24.2,15.9,37954,71311,5.7,5.3,19.76,3.1,1.5,90.8,5,14,0.1,23,39,16,72394
19101,IA,Jefferson County,50.7364,15.3,7.38,1,7,6.9,0,0,27.53685379,13.7,37.1,9.1,28.3,16.5,15705,61620,8,6.3,26.69,4.1,2.4,82.4,8,17,0.12,26,37,17,58146
19103,IA,Johnson County,33.7664,6.27,3.5,1,7,6.9,5,0,12.76156712,8.4,28.4,4.7,18.5,11,156639,74935,3.8,7.2,13.3,6.7,7.6,74.8,6,13,0.1,20,31,13,74665
19105,IA,Jones County,54.4874,13.36,8.61,1,7,6.9,3,50,19.7417984,12.1,39.2,7.8,25.3,16.4,20896,73531,3.6,9.4,21.34,2.6,2.5,91.5,5,15,0.11,24,39,17,74193
19107,IA,Keokuk County,79.9787,26.87,14.23,0,7,6.9,4,33.33333333,25.56454468,13.1,40,8.4,29.2,17.7,9924,62329,4.5,10.7,22.5,2.3,0.3,94.6,6,16,0.13,27,40,18,65656
19109,IA,Kossuth County,61.9383,17.42,12.27,1,7,6.9,6,-25,15.93783092,13.1,36.4,9,28.8,14.8,14516,67697,1.9,4.5,25.39,4.5,0.7,91.7,7,16,0.11,27,38,17,66667
19111,IA,Lee County,56.0367,18.55,8.97,1,7,6.9,11,22.22222222,28.09868813,13.5,41,8.6,30.7,17.4,32893,62382,4.5,8.6,22.22,3.5,2.4,90.3,6,18,0.13,29,41,18,60053
19113,IA,Linn County,39.7917,7.9,4.64,1,7,6.9,3,0,13.27684593,11.3,36.8,6,23.3,13.5,230004,77649,3.5,6.2,17.3,4.1,5.9,82.4,5,14,0.1,23,37,14,73079
19115,IA,Louisa County,65.3391,21.95,9.68,0,7,6.9,4,-20,22.25393105,14.4,45,8.4,34.7,19.2,10678,77354,3,6.8,20.1,16.4,0.9,77,8,19,0.11,32,45,19,76120
19117,IA,Lucas County,68.4738,21.26,13.49,1,7,6.9,0,0,16.34312057,14.4,41.6,9.5,33,20.3,8716,61793,5.2,12.1,21.99,2.9,0.3,94,6,18,0.14,29,41,20,59540
19119,IA,Lyon County,75.3737,15.16,11.55,0,7,6.9,0,0,8.881569862,10.7,38,7,25.7,15,12162,76746,2.3,3.8,19.08,3.9,0.4,93.4,5,14,0.08,24,39,16,74790
19121,IA,Madison County,58.1693,9.57,7.69,1,7,6.9,0,0,20.69611549,10.4,38.8,6.4,22.6,13.1,16926,90855,3.5,3.3,17.69,2.3,0.7,94.3,5,12,0.08,21,38,13,84509
19123,IA,Mahaska County,56.2465,16.74,9.42,1,7,6.9,6,-14.28571429,16.99526787,11.6,42.2,7.3,26.6,15.1,22021,70940,3.5,8.2,19.07,2.5,1.1,91.6,6,15,0.12,25,42,15,71332
19125,IA,Marion County,57.3446,11.95,8.12,1,7,6.9,7,0,11.95119572,10.2,37.8,6.6,22.9,12.6,33642,78680,2.2,6.2,19.37,2.3,0.4,93.3,4,12,0.1,21,38,13,79709
19127,IA,Marshall County,54.2897,15.16,8.72,1,7,6.9,0,0,29.64593124,12.4,40.2,7.3,27.9,16.3,40114,73315,4.3,6.7,18.2,24.6,1.6,66,8,19,0.12,27,41,17,64005
19129,IA,Mills County,63.2994,14.36,8.49,1,7,6.9,3,-25,10.654006,12.2,40.9,7.5,28.4,17.7,14568,90753,2,5,20.05,3.9,0.4,92.7,4,16,0.09,27,41,18,82260
19131,IA,Mitchell County,65.8911,19.81,13.15,1,7,6.9,4,100,24.44960976,12.1,44.1,7.5,29,18.3,10575,71365,1.2,6.8,21.65,2.4,0.3,95.1,7,16,0.09,28,45,20,74249
19133,IA,Monona County,54.9538,16.68,12.15,1,7,6.9,4,-20,15.89166355,13.5,40.2,8.7,28.7,17.5,8557,68377,1.6,6.4,24.35,2.7,0.2,92.8,6,17,0.12,27,41,20,59814
19135,IA,Monroe County,52.462,16.81,9.24,0,7,6.9,0,0,22.32505035,11.3,37.2,6.8,26.2,16,7513,70996,3.1,6.6,20.6,2.1,1.2,94.8,5,15,0.11,25,38,17,65959
19137,IA,Montgomery County,47.0792,13.06,9.26,1,7,6.9,95,20.25316456,19.41256714,13.5,39.6,8.5,29.8,18.3,10214,63666,2.6,10.3,23.12,0.8,1.8,92,6,18,0.13,28,40,19,60487
19139,IA,Muscatine County,47.0082,11.9,6.53,1,7,6.9,10,-9.090909091,30.62080193,12.3,37.6,7.2,26.3,15.9,42559,69396,3.2,11.4,18.07,18.8,2.2,75,6,16,0.11,25,38,17,66309
19141,IA,O'Brien County,45.662,12.03,7.69,1,7,6.9,5,-16.66666667,6.12349081,13.3,38.3,8.8,31.9,17,14126,68356,1,9.3,21.16,7.6,1.7,87,7,17,0.12,29,39,18,69914
19143,IA,Osceola County,56.5032,17.8,10.12,1,7,6.9,0,0,10.91896534,13.1,39.3,8.2,28.1,16.5,6100,69239,3.4,11.7,22.77,10.6,0.5,84,8,17,0.11,27,40,18,72569
19145,IA,Page County,52.6469,19.99,8.64,1,7,6.9,3,0,11.15406609,13.1,43.6,8.3,29.8,18.6,15131,57953,5,7.5,24.22,3.3,1.7,90.3,5,18,0.13,28,44,19,60695
19147,IA,Palo Alto County,54.8151,14.29,10.53,1,7,6.9,23,-8,13.87704849,12.2,40.8,7.7,25.6,15,8863,72781,2.2,9.3,22.23,3.5,1.6,91.3,6,15,0.11,24,42,16,64952
19149,IA,Plymouth County,54.8573,11.26,8.42,1,7,6.9,3,0,21.9498806,11.1,37,7.1,25.6,15.8,25747,83251,2.2,4.3,19.79,6.4,2.4,88,6,15,0.09,25,38,17,74765
19151,IA,Pocahontas County,58.4721,20.42,11.39,0,7,6.9,9,12.5,1.549149275,12.7,36.9,8.2,27,14.1,7046,61875,5.4,6.2,23.87,5.8,0.7,88.6,7,14,0.1,25,37,15,68654
19153,IA,Polk County,25.5393,5.66,2.46,1,7,6.9,14,16.66666667,23.14751244,10.5,39,5.8,24.5,17.7,503175,83576,4.4,7.1,13.97,10.4,7.3,73.2,7,17,0.1,24,39,18,79509
19155,IA,Pottawattamie County,49.4085,12,7.01,1,7,6.9,6,20,15.37181759,12.8,42.5,7.5,27.4,18.1,93424,73602,3.8,8,18.74,9.1,1.8,84.5,6,17,0.12,26,43,18,70768
19157,IA,Poweshiek County,39.0304,8.18,7.61,1,7,6.9,0,0,4.204685688,11.5,40.6,7.3,27.7,15.9,18545,67391,3.6,6,21.39,3.5,0.9,89.8,5,16,0.11,27,42,18,73434
19159,IA,Ringgold County,66.8983,23.14,13.76,0,7,6.9,0,0,22.12738991,13.4,41,8.6,30.2,16.9,4645,73346,3.3,3.4,23.66,2.2,0.4,94.7,6,16,0.1,27,41,17,61463
19161,IA,Sac County,63.6729,16.89,12.6,0,7,6.9,4,-20,24.27519798,12.1,40.4,7.8,25.8,14.9,9689,73838,4.4,5.3,24.26,4.4,0.5,91.8,6,14,0.1,24,41,16,72395
19163,IA,Scott County,28.721,5.47,3.79,1,7,6.9,7,0,50.37526321,11.1,39.1,6.6,24.8,13.8,174608,78277,3.7,7.3,17.53,7.4,7.1,77,5,15,0.11,24,39,14,77100
19165,IA,Shelby County,66.8124,16.85,13.11,1,7,6.9,4,-20,28.17407227,13.1,34.9,8.7,27.3,16.4,11778,72738,3.2,7.6,23.13,4.4,0.3,91.3,6,16,0.1,24,35,17,68695
19167,IA,Sioux County,39.562,7.25,4.69,1,7,6.9,4,0,8.885196686,10.2,32.6,6.4,27.6,14.8,36212,86098,1.5,4.1,16.2,14.3,0.6,82.8,6,15,0.08,27,34,16,85985
19169,IA,Story County,40.6177,14.32,4.18,1,7,6.9,0,0,39.98677826,7.6,30.8,4.6,19.7,10.2,100466,69685,4.8,5.6,13.21,5.2,2.7,81,5,13,0.1,22,36,13,71539
19171,IA,Tama County,67.1881,20.95,11.23,1,7,6.9,6,0,32.32698822,14,41,8.5,30,17.9,16868,70781,3.8,10.8,20.97,11.7,0.9,78.4,7,18,0.12,29,41,19,66288
19173,IA,Taylor County,54.7626,14.41,10.7,0,7,6.9,4,33.33333333,7.821951389,13.3,40,8.7,31.1,17.7,5868,67740,2.9,7.4,22.87,8.1,0.2,88.9,7,17,0.1,28,40,18,59116
19175,IA,Union County,45.2746,11.58,8.88,1,7,6.9,4,-20,10.71243572,11.8,37.2,7.9,28.2,17,11993,57772,4,9.7,20.76,3.8,0.8,91.9,6,17,0.12,27,38,19,59066
19177,IA,Van Buren County,87.6103,28.97,16.47,0,7,6.9,16,-11.11111111,19.18579483,13.9,40.9,8.7,30.2,18.7,7241,61161,4.1,13.3,23.57,1.8,0.4,94.4,9,18,0.12,28,41,20,57666
19179,IA,Wapello County,71.3987,28.53,10.57,1,7,6.9,0,0,8.122254372,13.9,41.6,7.8,32.2,20,35362,64766,4.3,11.6,18.37,13.4,3,75.6,8,20,0.14,31,42,21,61642
19181,IA,Warren County,50.7199,8.23,6.65,1,7,6.9,6,20,12.41837883,11,42.2,6.6,27,16.5,54409,94588,3.4,2.7,16.75,3.7,0.7,91.9,4,15,0.08,26,42,17,92695
19183,IA,Washington County,50.857,11.08,6.92,1,7,6.9,0,0,15.43868256,11.6,40.4,7.3,27.3,15,22561,75647,2.2,6.3,20.11,7.8,1,88.7,8,15,0.1,25,41,15,75136
19185,IA,Wayne County,74.9216,29.39,15.2,0,7,6.9,3,-25,18.50721741,13.8,38.7,9.3,32.9,20.9,6532,61964,2.9,7.3,22.58,1.2,0.2,93.7,8,20,0.12,31,39,23,59904
19187,IA,Webster County,56.8884,19.75,9.4,1,7,6.9,3,-25,28.70120239,11.6,37.8,7,25.2,13.9,36886,68975,4.8,6.4,19.85,6.6,3.3,83.9,8,14,0.12,24,39,15,63557
19189,IA,Winnebago County,38.2544,10.98,6.11,1,7,6.9,3,0,11.51422596,11,38.3,7,22.7,12.2,10583,67642,3,8.8,22.12,5.8,2,89,5,13,0.1,21,39,13,65086
19191,IA,Winneshiek County,61.5697,12.51,9.46,1,7,6.9,6,50,34.41383743,10.1,34.8,6.8,22,11.6,19873,79066,2.3,4.9,23.31,3.1,0.4,93.3,5,12,0.1,21,37,13,80932
19193,IA,Woodbury County,30.8714,8.2,4.43,1,7,6.9,3,0,27.53731537,12.4,38,6.7,29.9,16.9,106247,73658,4.1,10.7,15.87,19.1,4.9,67.1,8,19,0.12,30,39,18,65984
19195,IA,Worth County,74.2494,20.31,12.7,0,7,6.9,3,0,37.73703003,12.4,40,7.9,26.3,14.7,7350,78008,3.5,5,22.91,3.5,0.8,93.3,5,14,0.1,24,40,15,75449
19197,IA,Wright County,35.7528,9.46,7.99,1,7,6.9,4,-20,26.92323303,14.3,41.4,9.4,31.4,17.3,12791,67190,1.8,14.4,22.1,19.9,0.4,75.5,6,18,0.12,29,42,18,74189
20001,KS,Allen County,42.4681,12.59,8.24,1,11,11.3,0,0,93.74360657,13.4,40.5,8.6,30.1,19.1,12483,60689,7.9,5.9,20.98,4.3,2.8,88.5,11,18,0.15,28,41,20,54761
20003,KS,Anderson County,60.5577,18.62,11.03,0,11,11.3,0,0,36.63934708,13.6,36.2,8.8,27.9,18.6,7834,70614,4.1,7.5,20.7,1.8,1.1,90.9,11,18,0.14,26,36,20,61742
20005,KS,Atchison County,47.8988,13.95,7.96,1,11,11.3,4,0,46.42926025,11.9,38.5,7.7,25.2,15.9,16208,61112,4.6,7.2,18.08,3.8,3.5,86.7,8,17,0.14,25,41,18,65818
20007,KS,Barber County,41.5438,14.56,8.98,0,11,11.3,4,33.33333333,31.97620964,14.5,41.4,9.4,26.6,17.4,4069,61926,1.2,7.1,23.77,6.3,0.1,88.7,11,17,0.16,25,42,19,59514
20009,KS,Barton County,44.3642,15.43,7.2,1,11,11.3,0,0,100,13.2,40.8,8,25.7,15.4,25097,58851,3.9,10.7,20.76,16.7,0.6,78.9,12,17,0.15,25,41,17,58568
20011,KS,Bourbon County,51.5813,20.27,9.14,1,11,11.3,3,50,30.79007721,13.6,41.9,8.6,30.9,20.1,14394,59238,5.3,9.3,20.01,3.1,1.7,88.8,10,19,0.14,29,43,21,54428
20013,KS,Brown County,79.0818,26.82,14.22,1,11,11.3,0,0,36.69281387,13.3,41.3,8.4,27.6,16.1,9343,62233,5.2,8.5,22.35,4.7,1.6,81.5,11,16,0.14,26,41,17,58989
20015,KS,Butler County,65.9607,16.1,8.25,1,11,11.3,0,0,59.14782333,11,40.2,6.5,24.1,15.4,68287,81610,3.4,6,16.24,5.8,1.9,85.7,8,14,0.11,23,40,16,76742
20017,KS,Chase County,100,34.16,21.18,0,11,11.3,0,0,17.82066154,13.9,38.4,9.4,28.4,16.3,2561,56484,0.9,4.7,25.22,8.4,1.1,86.3,9,17,0.12,25,39,17,62302
20019,KS,Chautauqua County,67.57,32.16,15.67,0,11,11.3,3,-25,28.49446869,15.6,39.7,10.4,29.9,18.3,3370,56438,3.6,9.8,24.04,5,0.8,80.1,13,19,0.16,27,40,20,49510
20021,KS,Cherokee County,70.3924,27.74,11.11,1,11,11.3,6,20,30.11460495,14.2,42.3,9.1,29.5,18.5,19151,57668,3.3,8.7,20.24,3,0.8,85.3,11,19,0.15,28,42,19,55853
20023,KS,Cheyenne County,48.54,12.1,10.22,0,11,11.3,0,0,27.86965179,14.4,39.2,9.5,28.7,16.2,2628,55429,2.5,12.7,26.22,9.4,0.1,87.2,14,18,0.14,27,40,18,52424
20025,KS,Clark County,100,33.33,21.99,0,11,11.3,6,50,14.04752445,12.1,38.2,7.8,26.4,13.9,1974,63043,2.8,4.4,22.85,5.4,0,87.3,9,15,0.14,25,39,15,64998
20027,KS,Clay County,49.884,13.79,8.49,1,11,11.3,3,50,32.65597534,13.7,39.7,9.1,29.8,18.5,8048,66176,1,12.3,24.18,3.5,2.4,90,9,18,0.14,28,40,20,66389
20029,KS,Cloud County,46.4979,16.6,9.74,1,11,11.3,20,5.263157895,22.05111885,13.5,40.9,8.6,28.5,16.6,8898,58770,2.5,6.3,21.44,3.9,0.8,89.3,10,17,0.13,27,42,18,60403
20031,KS,Coffey County,80.4165,21.57,13.24,1,11,11.3,0,0,15.70393848,14.3,39.6,9.3,31.5,20.7,8308,70346,6.4,6.5,22.5,3.9,0.6,91.3,9,19,0.13,29,40,21,67933
20033,KS,Comanche County,56.06,11.66,12.96,0,11,11.3,0,0,36.84334183,12.9,37.9,8.5,25,14.7,1729,54545,1.7,6.2,29.15,2,0.4,94.7,8,14,0.13,23,39,16,51956
20035,KS,Cowley County,43.2581,13.18,7.18,1,11,11.3,4,0,21.44834709,13.1,41.1,8.2,29.4,16.6,34411,57878,3.9,11.7,18.94,12.2,2.4,76.9,10,18,0.15,28,42,18,57549
20037,KS,Crawford County,59.896,23.23,8.15,1,11,11.3,0,0,31.27020645,11.3,40.7,6.9,24.1,15.9,39008,52844,4.1,14.1,15.95,7.5,1.5,83.4,10,17,0.17,24,43,17,52285
20039,KS,Decatur County,38.5626,14.27,9.28,0,11,11.3,5,0,21.9339447,14.6,37.9,9.9,28.2,17.3,2726,53870,4.1,6.2,29.75,4.8,1.1,90.5,11,17,0.14,25,39,19,54613
20041,KS,Dickinson County,49.9568,17.01,8.59,1,11,11.3,5,-16.66666667,23.86684608,12.8,38.6,8.1,25.4,16,18445,68417,2.8,4.9,21.09,5.7,0.1,88.4,9,15,0.12,23,39,16,63417
20043,KS,Doniphan County,83.1392,26.75,13.26,0,11,11.3,0,0,47.19613647,11.7,37.7,7.4,25.3,16.7,7503,74028,1.6,10,20.17,3.5,3,88,9,17,0.12,26,39,19,63765
20045,KS,Douglas County,29.9238,6.67,3.18,1,11,11.3,4,33.33333333,36.91391754,9.1,34.8,5.3,20,14.5,120302,69746,4.2,5.3,13.9,7.2,4.2,76,9,15,0.13,21,38,17,68561
20047,KS,Edwards County,50.9258,15.55,9.11,0,11,11.3,0,0,97.43516541,14.5,42.1,8.6,28.2,16.2,2779,52692,6.8,14.2,22.49,22.8,0.1,72.5,13,17,0.14,26,42,16,59055
20049,KS,Elk County,74.38,35.22,17.1,0,11,11.3,0,0,22.183321,17.5,42.1,11.9,34.5,20.5,2453,64609,2,6.3,28.5,4.5,0.1,87.4,13,20,0.16,30,42,21,48121
20051,KS,Ellis County,41.6397,13.58,5.5,1,11,11.3,0,0,21.696661,9.5,38.8,6.2,20.1,12.2,28920,63084,3.2,10.6,15.96,7.3,1.3,86.9,11,14,0.13,21,41,14,59048
20053,KS,Ellsworth County,68.5341,23.41,15.03,0,11,11.3,0,0,45.52327347,13.6,39.1,9,29,17.9,6360,65560,2.6,7.7,23.55,6.1,3.4,83.8,9,18,0.12,27,40,19,65396
20055,KS,Finney County,33.7948,14.38,2.07,1,11,11.3,0,0,13.8327837,13.9,42.9,6.5,32.2,16.9,38084,73009,4.1,8.5,11.88,53.2,4.4,37,17,23,0.13,32,44,18,67640
20057,KS,Ford County,31.9513,11.43,3.98,1,11,11.3,3,50,48.50452805,14.1,38.1,6.7,33.7,17.4,34074,70781,5.1,11.7,11.87,59.1,2.4,35.4,16,24,0.12,34,39,18,68766
20059,KS,Franklin County,86.2955,27.9,11.52,1,11,11.3,0,0,15.50481606,11.3,34.3,7,23.1,15.2,26106,77207,3,6.2,17.92,4.8,1.1,88.9,10,14,0.12,22,34,16,67883
20061,KS,Geary County,53.7066,20.36,3.03,1,11,11.3,4,0,25.84080696,9.6,35,5,27.9,17.3,35815,59317,6.9,14,8.68,16.9,14.4,54.9,9,19,0.16,30,37,18,56899
20063,KS,Gove County,100,33.81,24.01,0,11,11.3,5,-16.66666667,4.077088356,12.6,39.5,8.3,24.7,15.7,2799,66029,2.6,1.1,22.83,1.7,0.5,93.7,10,15,0.11,23,40,17,65003
20065,KS,Graham County,41.0336,12.56,11.3,0,11,11.3,0,0,20.44462585,14.8,38.5,9.8,27.9,14.3,2389,50650,5,15.7,27.04,3.9,4.6,87.3,11,15,0.11,23,38,14,53247
20067,KS,Grant County,35.5805,10.73,4.01,1,11,11.3,0,0,31.92452431,13,40.4,6.7,28.9,15.6,7229,66476,0.7,6.1,14.36,53.4,0.2,44,15,19,0.09,28,41,16,65399
20069,KS,Gray County,66.6524,16.25,8.76,0,11,11.3,0,0,20.04711723,11,39.2,6.8,26.4,16.2,5701,79122,2.7,3.9,16.84,16.6,0,79.4,18,17,0.08,26,40,17,77786
20071,KS,Greeley County,39.68,11.95,5.29,0,11,11.3,0,0,1.082942486,11.6,36.5,7.2,23.5,13.6,1304,80565,0.1,5.1,18.33,16.9,0.2,81.4,11,14,0.11,22,37,13,70566
20073,KS,Greenwood County,62.792,21.58,14.22,1,11,11.3,0,0,26.72728348,15.6,40.2,10.6,30.1,18.1,5919,60042,3.4,10.5,26.36,4,0.7,90.9,11,17,0.15,26,40,18,59179
20075,KS,Hamilton County,26.81,11.85,3.86,0,11,11.3,87,4.819277108,19.36428261,12.5,40,6.8,26.5,15.6,2471,70250,3.1,4.3,11.78,44,0,54.3,16,18,0.11,27,40,16,72657
20077,KS,Harper County,63.0003,21.46,13.51,0,11,11.3,0,0,8.805977821,16.1,42,10.3,33.4,22,5400,53488,2,11,21.69,8.1,0.8,86.1,13,22,0.15,31,42,23,54423
20079,KS,Harvey County,41.5971,9.43,7.7,1,11,11.3,0,0,42.36429596,11.7,36.4,7.6,24.9,14,33756,74368,4.8,4.7,21.45,12.2,1.4,81.2,9,16,0.12,24,37,15,67078
20081,KS,Haskell County,63.05,25.9,6.55,0,11,11.3,0,0,39.74620056,13.6,40,7.5,29.4,17.4,3641,66162,3.6,7.3,15.82,30.9,0.5,66,17,20,0.11,29,41,18,68202
20083,KS,Hodgeman County,53.47,14.92,10.63,0,11,11.3,3,-25,24.17573929,12.5,36.4,8.4,25.1,14.6,1652,59955,0.6,5.9,22.22,4.6,0.4,92,10,15,0.12,23,37,16,66919
20085,KS,Jackson County,75.0573,17.07,10.29,1,11,11.3,0,0,22.28507614,13.1,43.3,8,25.2,16.4,13341,75215,1.8,2.7,19.71,5.8,0.7,81.6,10,15,0.12,23,43,17,73051
20087,KS,Jefferson County,73.0476,15.09,11.12,0,11,11.3,7,0,45.80531311,11.8,41.7,7.4,22.4,14.4,18349,81278,2.4,3.8,19.98,3.5,0.4,91.1,8,13,0.1,21,42,15,81301
20089,KS,Jewell County,70.4749,31.69,19.62,0,11,11.3,0,0,31.60150528,15.5,39.1,11.2,27.9,16.7,2916,52634,1.3,6.9,31.34,2.8,0.7,91.9,13,17,0.16,25,41,19,56505
20091,KS,Johnson County,23.3402,2.86,2.23,1,11,11.3,0,0,15.9784441,8.8,31.7,5,17.2,9.3,620631,109208,3.2,3.4,15.95,9.3,4.8,76.1,6,10,0.09,17,32,10,103085
20093,KS,Kearny County,41.13,15.11,4.96,0,11,11.3,0,0,18.2351017,14.5,42.7,8.2,32.3,18.1,3864,89135,2.2,4.2,18.19,35.6,0,58.5,16,22,0.13,31,43,19,71237
20095,KS,Kingman County,66.7833,14.18,13.58,1,11,11.3,5,-50,17.5476265,12.8,40.9,8.1,26.5,17.3,7186,59842,2.2,6.7,19.7,4.1,0.3,89.7,9,17,0.12,25,41,18,54731
20097,KS,Kiowa County,68.98,21.15,11.95,0,11,11.3,7,0,26.95157242,11.1,34.1,7,22.2,13.2,2422,75539,2.2,3,22.63,4.5,0.9,87.3,11,13,0.11,22,35,15,56222
20099,KS,Labette County,51.1216,14.08,8.86,1,11,11.3,4,-33.33333333,23.70633316,13.8,43.1,8.4,27.5,18.8,19869,56325,3.1,10.2,20.3,5.1,3.2,83.2,11,18,0.15,27,44,20,49874
20101,KS,Lane County,38.66,12.11,7.53,0,11,11.3,3,-25,36.63713837,13.9,39.8,9.1,27.4,15.3,1461,54526,0.4,8.5,25.67,16.1,1.2,81.2,13,16,0.13,25,40,16,64875
20103,KS,Leavenworth County,75.7438,15.48,8.04,1,11,11.3,0,0,51.00115967,11.2,40.5,6.2,23.1,15.3,83123,89218,4.1,7.1,16.08,7.6,6.8,77.4,8,14,0.12,22,40,15,83086
20105,KS,Lincoln County,59.05,16.38,10.36,0,11,11.3,0,0,25.69212532,14.4,41.2,9.5,27,15.7,2923,57500,2.4,8.3,25.38,4.6,0.1,91.1,10,15,0.13,24,41,16,53667
20107,KS,Linn County,66.0742,22.75,13.1,0,11,11.3,0,0,32.5646286,14.2,38.9,9,28.1,17.4,9767,59069,4.4,6.3,22.8,3.1,1.4,91,10,16,0.14,25,39,17,62431
20109,KS,Logan County,27.03,8.15,4.48,0,11,11.3,0,0,24.47669792,13.6,38.7,9.1,27.1,17.3,2707,75662,1.8,10.2,21.5,7.4,0,87.7,10,17,0.14,24,39,17,60216
20111,KS,Lyon County,34.0995,8.85,4.88,1,11,11.3,0,0,32.95946121,11.4,36.8,6.8,26.9,15.1,32186,59912,2,7.9,16.14,24.2,1.4,68.3,12,19,0.14,27,39,17,55659
20113,KS,McPherson County,47.8251,12.67,8.15,1,11,11.3,0,0,26.13531876,11.1,34.1,7.2,21.9,14,30205,78851,1.8,6,20,5.6,1.7,89.1,9,14,0.12,21,35,15,78908
20115,KS,Marion County,61.3086,21.58,12.41,0,11,11.3,3,-40,30.57162094,12.5,37.9,8.5,24.2,13.6,11754,64695,3.4,5.6,23.69,4.2,0.9,90.9,12,14,0.12,22,39,14,62268
20117,KS,Marshall County,75.7671,23.98,15.42,1,11,11.3,3,-25,14.38884163,13.4,41.5,8.8,27,17.2,9993,68419,2,7.6,23.08,2.8,0.7,93.3,9,16,0.12,25,42,18,64514
20119,KS,Meade County,71.3021,21.52,11.85,0,11,11.3,0,0,26.83836365,13.2,40,8.3,27.8,16.8,3903,71852,1.5,11,18.19,24.3,0.4,69.8,15,18,0.1,26,40,17,71572
20121,KS,Miami County,73.8457,14.16,9.57,1,11,11.3,0,0,22.29873466,11,35.7,6.9,21.2,13.4,34938,89000,3.7,5.5,18.1,4.1,1.2,89.9,7,12,0.11,20,35,13,85620
20123,KS,Mitchell County,46.313,14.4,10.13,1,11,11.3,3,200,14.05542278,13,39.1,8.8,26.3,17.1,5779,64246,0.1,6.4,22.84,3.2,0.1,93,10,17,0.13,25,40,19,60486
20125,KS,Montgomery County,55.5469,18,10.89,1,11,11.3,0,0,23.11450958,14.7,44.8,9.6,29.8,20.5,30940,55697,4.4,11.7,20.31,8.1,3.8,76.5,10,20,0.16,28,45,21,53379
20127,KS,Morris County,65.7707,18.04,14.93,0,11,11.3,0,0,25.72264671,13.6,40,8.9,27.3,17.3,5340,58686,2.5,10.2,25.94,4.3,0,90,11,17,0.13,25,40,19,65283
20129,KS,Morton County,31.83,11.45,4.99,0,11,11.3,0,0,35.03748703,14.2,38.4,8.6,28.8,16.8,2611,66447,1.6,11.2,19.65,24.1,1.2,70.3,13,18,0.14,27,39,18,58093
20131,KS,Nemaha County,61.4055,17.7,11.23,1,11,11.3,0,0,39.21985245,10.8,33.3,7.4,23.7,15.2,10160,77348,1.5,6.2,20.23,2.6,1.2,93.3,8,15,0.11,24,35,18,74744
20133,KS,Neosho County,41.8743,13.78,7.64,1,11,11.3,9,28.57142857,10.52119732,13.7,42.4,8.4,29.1,18.4,15656,56618,3.2,10.3,20.59,6,1.5,88,10,18,0.15,27,43,19,53085
20135,KS,Ness County,42.8459,15.36,9.14,0,11,11.3,0,0,31.95821571,14,37.1,9.4,27.6,17.7,2653,68616,0.8,8.2,25.03,14.9,0,79.9,13,18,0.12,26,38,19,64935
20137,KS,Norton County,50.95,18.48,7.95,0,11,11.3,0,0,35.68057251,12.3,39.9,7.7,26.1,17.3,5359,54050,1.7,5.6,20.28,5.9,3.1,85.7,10,17,0.12,25,40,18,57738
20139,KS,Osage County,67.0242,18.4,10.83,1,11,11.3,9,-10,29.1127758,13.1,40.1,8.3,27.6,18,15744,74467,1.9,5.5,20.88,3.4,0.3,92.1,9,16,0.13,25,40,18,69666
20141,KS,Osborne County,38.44,12.37,8.96,0,11,11.3,0,0,25.41303444,13.7,37.8,9.4,25.5,15.3,3452,63011,1.6,3.9,26.77,3,0.3,91.8,8,15,0.13,23,39,17,54638
20143,KS,Ottawa County,66.3455,21.82,10.62,0,11,11.3,3,0,25.53938866,12.6,36.6,7.9,25.5,17.6,5819,74018,2.9,9,20.98,3.3,0.4,92.9,8,15,0.12,25,37,19,66956
20145,KS,Pawnee County,43.2297,11.51,6.36,1,11,11.3,5,-37.5,53.54406738,12.7,41.5,7.9,27,15.3,6144,63517,1.2,2,23.31,9.1,7.4,79.9,10,15,0.15,25,42,16,64704
20147,KS,Phillips County,53.5996,14.51,9.96,1,11,11.3,3,0,14.48004532,14.2,37.3,9.6,28.9,17.9,4813,62123,3.2,11.9,25.56,3.4,0.7,91.6,12,17,0.15,27,38,19,59453
20149,KS,Pottawatomie County,71.1332,16.18,8,0,11,11.3,0,0,29.82512283,10.1,31.2,6.4,21.5,12.7,26204,92325,2.1,4.4,15.34,6.1,1.6,87.1,7,13,0.1,21,31,13,84434
20151,KS,Pratt County,44.2991,13.27,7.67,1,11,11.3,0,0,31.67308998,12.6,37.4,8.1,26.3,16.5,9127,66022,3.6,9.9,21.12,8.6,0.6,84.1,11,16,0.12,25,39,18,61078
20153,KS,Rawlins County,51.85,19.6,12.66,0,11,11.3,5,-16.66666667,20.0244503,15.1,40.7,10.3,28.8,15.8,2516,67742,1.3,7.4,27.86,7.7,0,88.5,9,17,0.14,26,42,17,63255
20155,KS,Reno County,50.0418,14.68,9.81,1,11,11.3,0,0,24.42944336,13,37.3,8.3,25.2,17.4,61553,60645,3.9,8.5,20.57,10.4,2.7,82,11,17,0.14,24,38,19,62470
20157,KS,Republic County,59.506,15.27,13.66,0,11,11.3,78,5.405405405,27.73747444,14.2,38.3,9.8,26,14.8,4646,56833,1.8,3.9,26.75,3.9,0.5,93.3,8,14,0.12,23,38,15,54981
20159,KS,Rice County,45.0379,16.67,8.03,1,11,11.3,3,-40,15.64559746,12.3,35.9,7.6,25.9,15.1,9350,63925,4.4,4.4,19.01,14,1.8,77.6,11,15,0.12,25,37,16,62922
20161,KS,Riley County,61.2202,27.32,4.33,1,11,11.3,24,-14.28571429,23.84802818,7.7,30.7,4.6,24.4,14.5,71946,61098,3.8,10.9,10.01,10,6.4,73.6,9,17,0.15,26,35,17,63076
20163,KS,Rooks County,34.625,9.66,6.5,0,11,11.3,0,0,34.41101074,11.8,37.6,7.9,22.8,14,4813,62500,2,2,23.91,3.2,1.9,91.4,12,14,0.11,22,38,16,59998
20165,KS,Rush County,59.1409,21.15,13.14,0,11,11.3,0,0,78.27136993,13.9,36.8,9.3,26.3,16.4,2947,59970,3.6,7.3,24.84,6.5,0.4,87.4,10,16,0.13,24,37,18,55709
20167,KS,Russell County,43.2766,11.86,10.22,1,11,11.3,3,0,37.37019348,13.3,36.5,8.8,25.3,15.8,6679,62392,1.8,9.8,26.07,4.1,0.4,89.5,10,16,0.15,24,37,17,55415
20169,KS,Saline County,31.5341,8.33,4.96,1,11,11.3,0,0,25.44405937,13.2,37.4,8.1,25.6,16.6,53668,65422,4.8,9,18.81,12.8,3.4,77.8,9,16,0.13,24,38,17,63587
20171,KS,Scott County,24.43,4.5,3.01,1,11,11.3,0,0,10.54581165,13.4,40.2,8.4,28.9,18.8,5027,68839,2.7,7,20.03,21.8,0,75.1,15,19,0.11,28,41,20,73436
20173,KS,Sedgwick County,38.3199,11.35,3.81,1,11,11.3,0,0,30.49121284,11.7,33,6.4,24,16.7,528226,69365,5,9.7,15.86,16.5,7.6,64.9,12,15,0.14,24,34,17,67435
20175,KS,Seward County,21.8871,11.29,1.97,1,11,11.3,4,0,13.61676216,14,44.7,6.4,34.1,16.2,21486,63827,4.9,9.7,10.7,67.4,2.9,25.1,18,23,0.12,35,46,17,66540
20177,KS,Shawnee County,49.3958,14.86,6.19,1,11,11.3,0,0,67.0871048,13,39.4,6.8,23.4,15,178025,67104,4.1,8.7,19.45,13.8,6.6,71,10,15,0.13,23,40,16,63612
20179,KS,Sheridan County,52.0424,17.38,9,0,11,11.3,0,0,17.95750427,12.1,37,7.9,22.4,12.8,2426,73750,0.7,7,23.41,5.9,0,91.3,10,13,0.12,21,38,14,65350
20181,KS,Sherman County,85.6851,25.4,16.75,1,11,11.3,0,0,41.78900909,13.6,39.3,8.9,28.6,16.9,5858,61750,0.6,5.9,21.15,13,1.8,82.8,12,19,0.14,28,41,19,57628
20183,KS,Smith County,57.0476,17.83,13.85,0,11,11.3,0,0,32.77661514,14,40.4,10.1,26.9,14.5,3552,59135,0.6,3.8,29.28,2.6,0.2,93.3,9,15,0.12,24,41,16,55568
20185,KS,Stafford County,53.8835,16.17,9.94,0,11,11.3,4,-20,50.73302841,13.3,38,8.6,27.8,16.4,3978,64226,2.5,6.5,22.75,13.4,0.2,81.1,13,18,0.13,26,39,18,54808
20187,KS,Stanton County,33.1,8.33,6.39,0,11,11.3,0,0,11.52930546,14.7,42.4,8.2,32.3,16.7,2038,71700,1.8,0,15.06,45.6,0.1,45.7,15,21,0.12,31,43,17,74063
20189,KS,Stevens County,41.5093,14.09,6.03,1,11,11.3,0,0,19.4192009,14.3,39.9,7.8,32.2,16.9,5162,64178,3.1,6.9,17.82,39.1,0.1,57.2,17,21,0.14,31,40,18,68600
20191,KS,Sumner County,53.5564,13.87,7.5,1,11,11.3,0,0,18.56905746,12.9,39.7,8,28.6,18,22353,63951,5.9,8.2,19.54,6.1,1.1,86.5,9,18,0.14,28,40,19,63049
20193,KS,Thomas County,77.751,20.64,11.07,1,11,11.3,28,7.692307692,28.8886776,10.9,33,7.1,23.9,13.4,7885,71325,0.6,4.3,18.62,8.4,0.4,86.6,10,14,0.11,23,34,14,69774
20195,KS,Trego County,36.74,6.73,7.52,0,11,11.3,4,0,6.466919899,13.3,36.2,8.9,24.3,15.4,2777,81528,1,3.6,27.94,1.1,0,95.2,11,14,0.11,22,36,16,56168
20197,KS,Wabaunsee County,91.8768,20.6,14.4,0,11,11.3,4,-20,21.72795486,12.7,41.3,8,26.3,16.2,7009,76908,4.4,5.8,21.6,4.8,0.2,89.6,8,14,0.11,24,41,16,69893
20199,KS,Wallace County,49.31,12.97,7.78,0,11,11.3,0,0,7.795270443,13.9,39.9,9.1,25.3,15.4,1417,63207,1.3,7.6,26.04,7.4,0.8,87.9,11,15,0.15,23,41,16,61157
20201,KS,Washington County,79.6899,25.87,17.69,0,11,11.3,0,0,0.023631213,12.9,39.5,8.7,25.8,16.2,5533,65482,1.1,6.3,23.62,4.9,0.1,89.9,10,15,0.12,24,40,17,58302
20203,KS,Wichita County,30.39,6.28,5.6,0,11,11.3,9,-10,15.54628754,14.1,40.3,8.8,27.6,15.1,2091,79063,0.8,9.1,24.01,27.5,0.2,69.1,14,17,0.14,26,41,16,61825
20205,KS,Wilson County,53.0526,20.57,10.69,1,11,11.3,0,0,1.701418996,13.6,39.9,8.7,28,17,8505,60677,3,11.6,23.09,3.8,0.2,90.4,11,16,0.16,26,41,18,54164
20207,KS,Woodson County,56.4598,29.49,13.29,0,11,11.3,7,16.66666667,13.97535801,14.8,38.6,10,30.9,19.3,3109,50326,1.6,9.6,25.86,2.9,0.2,91.4,9,18,0.15,28,38,20,40327
20209,KS,Wyandotte County,37.9129,15.02,4.56,1,11,11.3,18,20,49.81822205,16,41.6,7.4,36,19.7,167654,63631,5.7,12,13.32,34.1,18.1,36.4,16,23,0.14,35,42,19,61088
21001,KY,Adair County,75.3531,36.93,11.1,0,14,13.8,0,0,26.69615936,14.5,36.8,9.1,29.8,19.1,19089,53553,6.8,12.1,19.67,3.5,2.1,90.4,7,22,0.18,28,37,20,45974
21003,KY,Allen County,89.3965,40.56,12.87,1,14,13.8,4,-42.85714286,34.21320724,14.7,42.4,9.1,30.4,20.8,21293,61403,6.9,9.3,17.88,2.9,0.4,92.7,6,23,0.16,29,42,21,56483
21005,KY,Anderson County,66.1787,19.3,7.25,1,14,13.8,4,0,21.64479256,13.5,38.4,8.1,27.3,20,24353,74488,2.2,7.6,16.97,2.6,2.1,91.8,5,21,0.14,27,38,21,78336
21007,KY,Ballard County,77.9588,27.76,13.18,0,14,13.8,0,0,0.563983619,15.4,39.5,9.7,29.1,21,7654,66164,1.6,10.8,21.75,1.6,3.6,91,5,23,0.15,28,40,22,69716
21009,KY,Barren County,68.2427,28.9,9.32,1,14,13.8,3,-25,21.57777214,14.7,40.6,9.3,29,18.3,44938,50628,4.1,14.7,18.14,4.4,3.8,87.4,7,22,0.18,28,41,19,51068
21011,KY,Bath County,96.4048,45.96,14.05,0,14,13.8,4,-33.33333333,11.36339855,13.6,38.4,8.5,27,19.2,12851,56541,2.5,18.7,17.28,1.8,0.7,94.6,7,22,0.19,27,38,20,54247
21013,KY,Bell County,69.8237,44,10.58,1,14,13.8,6,20,45.26100159,17.4,44.3,11.2,33.3,24.9,23509,31354,10.1,25.2,18.94,0.5,3,92.6,7,28,0.22,32,44,25,35566
21015,KY,Boone County,61.0875,10.92,5.23,1,14,13.8,0,0,10.27589226,11.7,38.6,6.6,21.9,16.7,139841,99414,3.1,4,14.87,5.9,4.4,82.3,4,18,0.1,22,39,17,89313
21017,KY,Bourbon County,72.8385,26.91,10.5,1,14,13.8,4,33.33333333,1.671069145,15.5,40.6,9.4,30.3,19.2,20240,61354,4.2,10,19.52,7.8,4.9,83.4,8,23,0.16,28,41,19,61530
21019,KY,Boyd County,57.4929,19.21,8.64,1,14,13.8,4,33.33333333,16.50901413,14.8,40.9,9,30.2,19.1,47911,61118,6.4,12,20.51,1.8,2.3,92.2,6,22,0.18,29,41,20,57112
21021,KY,Boyle County,67.9658,23.46,10.12,1,14,13.8,13,-23.52941176,39.11391068,13.3,37.1,8.1,25.5,16.6,30941,61159,5.8,11.6,18.66,4.7,7,82.7,6,20,0.15,25,38,18,62541
21023,KY,Bracken County,75.7422,26.86,9.99,0,14,13.8,0,0,7.908798695,14.6,37.9,9,28,19.4,8444,66319,4.8,14.5,18.15,1.5,0.6,94.5,6,21,0.16,27,37,19,64458
21025,KY,Breathitt County,90.0674,56.97,11.92,1,14,13.8,0,0,0,15.9,43.4,10,32.5,24,13276,34808,9.3,27.6,18.69,1.1,0.6,96,7,27,0.24,31,43,24,40093
21027,KY,Breckinridge County,76.7459,30.19,11.19,0,14,13.8,5,-16.66666667,7.838908195,17.4,40.4,10.8,35.9,26,20881,55843,4.5,16.4,20.4,1.7,1.9,92.7,7,29,0.19,34,40,27,59267
21029,KY,Bullitt County,69.0606,17.23,7.57,1,14,13.8,7,40,9.492227554,12.9,38.5,7.8,25.5,19.2,84027,80558,4.3,7.4,17.36,3.3,1.3,90.8,5,20,0.13,25,38,20,75402
21031,KY,Butler County,78.5787,32.71,11.65,0,14,13.8,8,-33.33333333,33.20237732,15.6,43.4,9.7,31.4,22,12393,56092,4.4,12.2,19.41,5.3,0,91.9,8,25,0.18,30,43,22,56395
21033,KY,Caldwell County,58.82,21.66,10.18,0,14,13.8,3,-50,16.84295845,14.8,38,8.9,28.4,19.7,12618,59583,4.4,13.2,21.43,1.5,6,89.7,7,22,0.17,27,38,21,52719
21035,KY,Calloway County,57.3364,19.51,9.9,1,14,13.8,4,0,25.22485542,12.4,38.6,7.9,25.7,15.2,38224,52706,4.4,10.6,16.94,3.7,4,86.9,7,20,0.16,25,41,16,51424
21037,KY,Campbell County,52.8668,11.59,6.87,1,14,13.8,0,0,1.597849369,12,35.8,7.1,21.8,15.2,93426,77567,4,7,17.53,2.6,2.8,90.3,5,16,0.13,21,36,15,80573
21039,KY,Carlisle County,83.6177,37.88,14.06,0,14,13.8,0,0,11.8513298,15.4,40.6,9.7,30.1,20.9,4762,62439,3.7,9.9,20.12,3.2,1.5,90,7,24,0.16,29,41,22,58639
21041,KY,Carroll County,86.234,34.75,11.42,0,14,13.8,0,0,1.945717096,15,40.5,9,30.8,22,10954,56466,6.1,21.3,16.46,7.5,2.2,85.6,7,24,0.17,30,40,22,62710
21043,KY,Carter County,76.3462,39.88,11.17,1,14,13.8,14,-12.5,18.86380959,16,42.8,10.1,30.2,21.1,26341,51235,5.3,16,19.93,0.9,0.3,95.2,7,23,0.21,28,43,22,50853
21045,KY,Casey County,85.5778,45.58,12.94,0,14,13.8,0,0,5.465028286,18,41.6,12.1,37,26.1,15914,45510,8.9,18,20.82,3.4,0.4,93.2,9,30,0.19,34,41,26,42914
21047,KY,Christian County,57.1007,22.46,5.52,1,14,13.8,0,0,0,12.6,39.5,6.9,28.3,19.3,72069,55494,6.3,12.2,12.72,8.7,18.3,63.8,8,25,0.16,30,42,21,54934
21049,KY,Clark County,49.5753,14.93,7.18,1,14,13.8,4,33.33333333,0.06295272,14,40.2,8.4,26.7,19.2,37192,64348,4.4,8.5,18.22,4.1,2.8,88.1,5,21,0.15,26,40,20,72386
21051,KY,Clay County,83.9182,51.12,10.25,1,14,13.8,64,-1.538461538,20.66991997,16.3,43.9,10,35.2,27,19921,40900,9.3,26.8,15.96,2.1,3.9,91.3,8,31,0.24,35,43,27,36330
21053,KY,Clinton County,82.0012,45.54,12.7,0,14,13.8,3,0,6.598446369,16.4,39.6,10.5,30.7,21.9,9202,44844,5,12,20.58,3.4,0.1,93.1,7,26,0.19,30,40,23,39877
21055,KY,Crittenden County,66.146,26.11,10.95,1,14,13.8,12,0,6.40050745,15.4,40.9,10,29.4,19.6,8979,46656,3.4,13.4,21.06,1.8,0.4,93.8,7,23,0.18,28,41,21,53894
21057,KY,Cumberland County,76.6302,34,13.47,0,14,13.8,6,0,24.81072426,17.9,43.2,11.6,33.8,23.1,5948,40000,4,19.6,22.71,2,1.5,92.5,8,26,0.2,31,43,23,43127
21059,KY,Daviess County,43.2746,11.83,5.45,1,14,13.8,0,0,0.083845735,13.3,35.4,8.4,25.2,18.5,103648,68214,4.5,11.5,17.68,4.3,4,84.9,6,20,0.15,24,36,19,63213
21061,KY,Edmonson County,93.0909,39.41,14.72,0,14,13.8,0,0,0,15.6,42.9,10,31.7,22.6,12355,54937,7.7,12.5,21.77,1.7,0.7,91.6,7,24,0.18,30,43,23,56545
21063,KY,Elliott County,88.6648,45.74,12.23,0,14,13.8,0,0,0,16.7,42.5,11.2,32.3,22.9,7307,45776,6.5,19.2,21.53,1.7,3.4,92.5,7,28,0.23,30,42,23,43501
21065,KY,Estill County,81.9579,45.81,12.29,0,14,13.8,0,0,4.857183456,16.5,43,10.3,33.4,25.3,14035,46051,7,15.1,19.59,0.9,0.1,96,9,27,0.21,31,42,25,45129
21067,KY,Fayette County,24.4985,7.93,2.13,1,14,13.8,4,-20,20.27044868,11.6,33.7,6.4,22.6,15.4,323725,69479,4.9,9.1,14.71,9.5,14.4,66.7,7,19,0.13,23,35,16,67320
21069,KY,Fleming County,80.1403,34.26,10.89,0,14,13.8,7,40,19.64602089,15.8,41.1,9.7,32.5,23.4,15323,49307,7.5,17.3,18.61,1.7,0.9,94.3,8,26,0.18,31,41,24,50804
21071,KY,Floyd County,84.7648,44.67,11.37,1,14,13.8,0,0,10.07850933,15.7,40.1,9.5,31.4,22.2,35224,41279,7.7,22.3,19.61,0.9,0.6,95.4,8,25,0.23,30,40,23,40604
21073,KY,Franklin County,54.5971,15.65,6.83,1,14,13.8,6,0,20.1479702,13.1,37.5,7.8,23.6,15.6,51842,65298,5.9,10.5,18.7,4.4,9.2,80.5,6,18,0.14,23,38,16,66920
21075,KY,Fulton County,35.299,14.8,6.14,0,14,13.8,0,0,18.456707,18.8,44.9,10.9,37,25.9,6409,38217,3.3,17.1,20.56,3.3,23.8,68.5,6,32,0.2,36,45,27,41088
21077,KY,Gallatin County,78.7878,32.48,7.92,0,14,13.8,15,7.142857143,27.73911095,13.7,40.8,7.9,28.5,20.1,8769,63346,4.6,11.2,15.85,5.5,2.7,87.7,7,22,0.16,28,40,20,66789
21079,KY,Garrard County,94.742,33,13.88,0,14,13.8,8,0,6.24295187,15.6,40.2,9.7,29.9,20.8,17568,63087,5.1,11.9,18.72,3,2.4,91.6,9,24,0.15,28,40,21,62980
21081,KY,Grant County,89.2757,37.44,9.43,0,14,13.8,3,0,15.55581665,12.6,37.9,7.5,29,21,25418,69178,4.9,8.1,14.52,3.2,0.9,92.2,6,23,0.15,29,38,22,68309
21083,KY,Graves County,77.1142,26.82,12.68,1,14,13.8,5,0,9.047201157,14.7,40.5,8.8,30.1,19.7,36630,50772,3.4,14.9,18.44,8.1,4.2,83.8,7,23,0.17,29,41,21,53947
21085,KY,Grayson County,80.8253,38.61,11.94,0,14,13.8,9,28.57142857,9.695232391,15.4,42.8,9.7,31.3,21.3,26707,50757,6.6,12.8,18.1,1.6,0.8,94.5,7,24,0.18,29,42,21,54543
21087,KY,Green County,88.4129,38.63,14.89,0,14,13.8,0,0,3.595674753,17.3,42.4,11,36,25.1,11369,46798,7.2,17.2,22.47,2.3,1.3,93.3,8,28,0.19,34,42,26,48153
21089,KY,Greenup County,63.463,22.92,10.1,1,14,13.8,0,0,3.735833645,15.1,43.7,9.6,28.6,19,35501,60751,6.8,11.7,22.04,1.2,0.7,94.8,6,21,0.17,27,44,20,59151
21091,KY,Hancock County,78.2225,23.35,10.76,1,14,13.8,6,0,19.44372749,13.6,38.3,8.7,26,17.9,9034,65464,4.4,14.9,18.34,0.8,1.3,94.1,6,20,0.15,25,38,19,70998
21093,KY,Hardin County,64.0911,17.82,6.23,1,14,13.8,0,0,8.071433067,13.5,39.1,7.5,25.8,17.5,111942,67647,6.6,10.4,15.12,6.5,10.7,74.4,6,21,0.14,25,39,17,65472
21095,KY,Harlan County,74.8771,45,10.29,1,14,13.8,149,-3.870967742,22.19092369,17.9,45,11.2,37,27.2,25772,41693,9.5,21.2,19.48,0.5,1.3,93.9,7,31,0.24,36,45,28,36916
21097,KY,Harrison County,68.0031,19.14,9,1,14,13.8,5,0,25.03861237,13.8,39.9,8.5,28.2,19.4,19140,66442,3.2,12.7,19.15,2.3,1.7,93.3,6,21,0.16,27,40,21,63689
21099,KY,Hart County,79.2515,38.91,11.2,0,14,13.8,3,-40,3.149492502,16.4,38.7,10,33.3,24.3,19603,52285,3.8,13.8,17.59,2.1,2.9,90.2,8,27,0.18,31,38,24,51921
21101,KY,Henderson County,48.9341,15.02,6.13,1,14,13.8,19,-34.48275862,36.40728378,13.4,40.2,7.8,26.3,16.3,44280,58851,2.5,12.5,19.16,3.4,8.1,84,7,20,0.17,26,40,17,58742
21103,KY,Henry County,85.3113,29.33,12.37,0,14,13.8,5,66.66666667,0.865477681,15.5,41.1,9.6,30.5,20.7,15856,63347,5,11.6,18.38,4.1,2.7,89.6,7,24,0.16,28,41,21,66530
21105,KY,Hickman County,77.7,35.52,15.52,0,14,13.8,7,-22.22222222,27.93110275,16,40.2,10.3,28.6,17.8,4439,60867,3.1,14.7,25.23,2.6,8.2,85.6,7,22,0.16,27,41,20,56348
21107,KY,Hopkins County,64.9258,23.84,9.49,1,14,13.8,0,0,18.97266769,16.1,41.1,9.9,31.6,22.2,45119,56815,6.2,13.4,19.05,2.8,5.8,86.9,7,24,0.18,29,41,22,55080
21109,KY,Jackson County,94.3774,47.59,12.95,0,14,13.8,8,0,24.49327469,17.2,42.5,11.1,36.6,28.6,13086,40000,4,13.5,18.17,1.1,0.2,96.2,8,30,0.2,34,42,28,44713
21111,KY,Jefferson County,23.5045,6.71,3.05,1,14,13.8,0,0,9.29360199,13.5,37,7.3,24.8,16.4,783022,69866,5.2,10.5,17.15,8.6,20.6,62,6,20,0.13,24,37,17,64977
21113,KY,Jessamine County,46.811,12.47,6.05,1,14,13.8,0,0,0.023151912,12.1,36.6,7.4,22.6,14.6,54588,74576,3.1,9.6,16.26,5,4,85.5,7,17,0.14,22,37,15,75155
21115,KY,Johnson County,91.6591,40.59,12.8,0,14,13.8,3,0,8.400572777,16.3,42.5,10.3,34.2,25.7,22334,44904,4.2,15.6,19.15,0.5,0.6,93.9,7,29,0.2,34,42,27,45126
21117,KY,Kenton County,43.8508,8.97,4.38,1,14,13.8,5,25,0,11.7,34.7,6.9,22.5,15.4,171288,80548,4.3,7.7,15.74,4.9,3.9,85.2,5,17,0.13,22,35,16,79604
21119,KY,Knott County,97.4244,57.01,13.03,0,14,13.8,4,-20,1.15794909,17.8,42.5,11.7,36,25.3,13830,41761,9.3,18.2,20.69,0.6,1.1,96.7,8,30,0.23,34,43,26,42345
21121,KY,Knox County,79.1634,47.02,10.77,1,14,13.8,3,-40,17.78019333,15.8,41,10,32.7,23.3,29865,32527,8.1,32.9,17.42,1.3,1,95,7,27,0.24,31,41,23,37640
21123,KY,Larue County,70.8851,29.17,10.33,1,14,13.8,3,-25,15.4224453,15.3,42.6,9.4,32.6,23.6,15107,67067,1.5,12.8,18.12,3.3,2.1,90.4,7,27,0.17,32,42,25,66310
21125,KY,Laurel County,76.9246,35.98,9.26,1,14,13.8,6,0,9.847579956,14.8,41.5,9.2,30.7,21.5,62983,57771,3.5,16.8,17.11,1.7,0.6,94.8,7,24,0.18,29,41,21,52093
21127,KY,Lawrence County,79.4367,41.48,10.56,0,14,13.8,0,0,3.289653778,16,40.3,10.1,32.2,22.4,16077,46772,7.7,16.6,20.4,0.4,0.1,96.6,7,25,0.21,30,40,22,46200
21129,KY,Lee County,83.9045,49.87,10.36,0,14,13.8,10,-9.090909091,38.88143158,18.9,44.3,11.5,37.7,29.7,7339,37568,4.7,18.1,19.55,1.1,3,93.4,8,33,0.24,36,43,29,37939
21131,KY,Leslie County,92.9283,49.76,12.61,0,14,13.8,4,33.33333333,2.849701643,17.5,44.6,11,34.2,23.5,10079,35934,3.8,22.9,19.03,0.1,0.2,96.5,6,27,0.24,32,44,23,39855
21133,KY,Letcher County,78.1246,43.7,10.63,0,14,13.8,0,0,3.29211688,16,40.6,10.3,29.2,20.1,20808,41793,6.2,18.1,20.86,0.8,0.6,96.5,7,25,0.24,28,41,21,41737
21135,KY,Lewis County,80.9871,41.35,11.28,0,14,13.8,9,12.5,25.74796104,17.7,46.6,11.4,36.1,25.8,12965,46838,6,16.4,19.49,0.1,0.5,96.9,9,29,0.21,34,46,26,46340
21137,KY,Lincoln County,82.5126,38.62,11.92,0,14,13.8,0,0,2.381536722,15.3,40.3,9.5,29.3,20.4,24504,52440,6.5,10.8,18.52,2.1,2,92.3,8,23,0.16,27,40,21,51359
21139,KY,Livingston County,95.3183,35.28,16.94,0,14,13.8,4,100,14.69002151,15,41.1,9.7,26.4,18.1,8903,58984,4.2,13.6,22.41,2.5,0.1,94.1,6,20,0.18,25,41,19,57586
21141,KY,Logan County,75.3574,27.88,10.95,0,14,13.8,6,-14.28571429,9.213960648,14.8,40.4,8.9,28.7,17.9,27986,60382,5.7,12.1,19.08,3.6,4.5,87.5,6,21,0.15,27,40,18,61186
21143,KY,Lyon County,85.2348,25.63,18.07,0,14,13.8,4,0,1.959810376,15.2,38.8,9.6,27.5,18.5,8900,65066,2.9,7.3,24.64,2.2,6.8,87.3,7,20,0.17,25,38,18,63989
21145,KY,McCracken County,59.4797,19.93,9.09,1,14,13.8,3,-25,17.55197906,15.3,41.5,9.4,28.9,19.5,67564,64373,3.2,10.5,20.46,3.4,9.7,81.1,6,22,0.15,27,42,20,60801
21147,KY,McCreary County,90.8469,59.99,10.94,0,14,13.8,3,0,16.57704163,17,43.8,10.9,35.7,25.9,16867,33750,4.2,32.8,16.23,2.2,6.1,88.8,8,31,0.23,34,43,25,36348
21149,KY,McLean County,74.7273,23.19,11.94,0,14,13.8,0,0,1.065266371,14.2,39.8,8.8,27.8,19.3,9114,65596,5.6,6.1,20.46,2.2,0.5,94.1,6,20,0.13,26,40,20,58403
21151,KY,Madison County,68.5794,23.3,7.86,1,14,13.8,3,0,14.72829151,11.3,34.5,6.8,24.2,16.4,95769,63351,5.1,12.2,14.82,3.5,3.9,87.6,6,19,0.15,25,36,18,65438
21153,KY,Magoffin County,85.2788,46.84,10.52,0,14,13.8,0,0,0.788532257,18.6,45.3,11.7,38.3,27.7,11348,33080,9,35.5,19.01,0.9,0.1,97.2,8,32,0.26,37,45,29,40162
21155,KY,Marion County,79.1167,33.46,9.39,1,14,13.8,4,-20,3.478096008,15.2,41.2,9,30.1,21.5,19749,59627,4.2,13,17.34,3.7,7.6,86.4,6,25,0.18,30,41,23,54466
21157,KY,Marshall County,83.5224,25.07,15.69,1,14,13.8,5,25,14.55397034,14.1,38.4,9.2,27,17.7,31743,65831,4.5,8.1,22.57,2,0.6,95.4,6,20,0.14,26,39,19,61426
21159,KY,Martin County,81.0795,42.78,8.39,0,14,13.8,3,0,7.601950645,17,43.6,10.7,37.5,29.1,11027,37042,5.5,26.2,17.88,1.7,7.8,84.7,7,34,0.22,37,43,30,35522
21161,KY,Mason County,69.7532,25.65,9.51,1,14,13.8,6,-33.33333333,13.47738647,14.9,39.9,9.2,29.2,21,16956,52178,4.9,14,19.73,2.4,5.9,86.9,6,25,0.17,29,40,23,56706
21163,KY,Meade County,90.6921,27.11,8.95,1,14,13.8,6,0,3.869407415,12.6,38.2,7.4,25.8,19,30158,74355,4.8,10.7,15.61,4.2,3.3,88,6,20,0.15,26,38,19,69228
21165,KY,Menifee County,93.7665,42.27,14.67,0,14,13.8,0,0,0.590971649,17.2,41.6,10.7,33.1,24.4,6230,45096,7.9,22.7,23.42,2.8,0.1,95.5,7,27,0.22,32,41,25,44734
21167,KY,Mercer County,88.4902,30.54,13.65,1,14,13.8,0,0,6.856123447,14.1,39.2,8.6,26.5,17.3,23028,64824,4.4,6,18.95,3.4,3.1,90,6,20,0.13,25,38,17,67348
21169,KY,Metcalfe County,92.5737,49.34,14.53,0,14,13.8,4,33.33333333,38.75368881,15.5,41.8,9.5,31.5,23.1,10425,51473,4.9,17.4,19.09,2.8,2.5,93.5,7,26,0.19,31,42,25,40690
21171,KY,Monroe County,71.0153,33.27,11.04,0,14,13.8,0,0,9.284034729,14.9,39.2,9.3,30.4,20.5,11269,51280,4,18.7,18.67,4.6,1.8,91.3,8,24,0.19,30,39,22,44605
21173,KY,Montgomery County,68.3208,30.72,8.6,1,14,13.8,0,0,2.279495478,14.1,42.7,8.6,30.3,21.6,28395,56396,4,11.3,16.93,3.5,1.3,91.6,6,24,0.17,29,42,22,54848
21175,KY,Morgan County,87.9906,46.06,12.43,0,14,13.8,0,0,0.575500846,14.6,39.2,9.1,31.6,23.9,14053,47913,3.1,11.3,17.68,3.6,5,89.2,8,28,0.19,31,39,24,44587
21177,KY,Muhlenberg County,69.777,26.55,10.34,1,14,13.8,8,14.28571429,1.093630552,15.3,41.3,9.4,28.7,21.3,30591,51927,5.7,15.1,20.17,2,2,91.9,7,23,0.17,27,41,22,52291
21179,KY,Nelson County,71.7656,20.56,8.19,1,14,13.8,18,-14.28571429,0.140916154,12.5,35,7.5,24,16.1,47606,69562,3.3,8.7,17.42,2.9,5.2,89.1,5,18,0.12,23,34,16,65928
21181,KY,Nicholas County,70.3795,34.79,9.81,0,14,13.8,3,0,0.003764293,14.7,40.7,9.2,30.6,21.8,7708,59531,6.1,13.8,16.85,1,1.2,95.5,8,24,0.17,29,40,22,52978
21183,KY,Ohio County,93.4791,41.63,14.28,0,14,13.8,8,-38.46153846,23.65632629,14.6,40.6,9.2,30.7,21.5,23735,57798,5,9,18.64,4.8,0.6,91.9,8,24,0.16,29,40,22,55512
21185,KY,Oldham County,82.0017,11.25,7.69,1,14,13.8,0,0,74.75108337,10.2,34.4,5.8,18.5,12.1,69257,122497,3.5,3.2,14.58,5,2.9,85.6,3,14,0.08,18,34,13,120818
21187,KY,Owen County,85.2326,41.52,11.96,0,14,13.8,3,0,0.455224395,14.5,38.7,9.1,29.8,20.5,11330,61134,7,11.5,20.05,2.6,0.3,93.7,7,23,0.14,29,39,21,64868
21189,KY,Owsley County,90.1343,49.69,14.95,0,14,13.8,3,50,1.798016071,17,41.1,10.7,33.6,24.6,3971,22188,12.6,39.5,20.55,0.1,0,95.5,7,27,0.25,32,41,26,35000
21191,KY,Pendleton County,79.3695,22.65,9.09,0,14,13.8,5,0,4.049231529,14.7,40.4,9.2,29.1,20.9,14723,64669,4.5,10.6,17.48,1.6,0.4,92.3,6,23,0.16,28,40,21,71116
21193,KY,Perry County,77.228,42.26,9.78,0,14,13.8,3,-25,23.5078907,15.4,41.5,9.7,30,21.7,27499,42181,5.8,24.7,17.99,0.2,1.7,93.7,6,26,0.21,29,41,22,42519
21195,KY,Pike County,80.3865,39.52,10.92,1,14,13.8,4,-20,0.651029944,15.6,41.2,9.7,33.2,23.6,56727,44312,5.2,18,20.1,1.3,0.6,93.9,7,28,0.21,33,41,26,46402
21197,KY,Powell County,68.2382,30.76,8.16,0,14,13.8,0,0,17.88562012,14,40.2,8.6,28.8,20.6,13038,40309,5.8,18.8,16.21,1.6,2,93.6,7,24,0.19,29,40,21,46014
21199,KY,Pulaski County,72.1104,30.77,11.12,1,14,13.8,0,0,0,15.8,39.5,10,30.6,22.6,65897,51898,4.9,15.6,19.46,3.1,0.8,92.3,8,25,0.19,30,39,23,54487
21201,KY,Robertson County,100,39.62,18.71,0,14,13.8,4,0,8.190376282,17.4,40.7,11.4,33.8,23,2283,51830,3.8,15.9,16.6,0.8,3.6,91.8,7,27,0.18,32,41,24,55507
21203,KY,Rockcastle County,83.8756,36.61,12.22,0,14,13.8,4,0,7.373995781,16.4,40.8,10.4,35,25.2,16163,48862,4.6,18.2,19.28,1.3,0.6,95.3,7,28,0.2,34,41,26,49406
21205,KY,Rowan County,69.9637,34.48,9.15,0,14,13.8,0,0,8.977780342,12.9,38.8,8.1,28.6,18.5,24578,54321,4.1,17.1,14.98,2.4,1.4,93.5,6,24,0.19,30,42,21,51712
21207,KY,Russell County,91.685,45.01,15.62,0,14,13.8,0,0,0,17.6,40.1,11.5,36.9,25.6,18221,44738,6.4,18.2,20.57,4.6,1.1,91.5,7,29,0.19,34,40,26,47397
21209,KY,Scott County,57.5341,13.18,5.15,1,14,13.8,4,0,33.46018219,10.9,36.5,6.4,23.1,15.8,59536,85158,4.3,8.4,13.4,5.8,4.7,84.1,5,18,0.12,23,36,16,81956
21211,KY,Shelby County,68.0298,16.57,8.4,1,14,13.8,17,-10.52631579,16.0259037,12.3,36.4,7.1,24.8,15.5,49096,82604,4.2,6.3,16.67,11,3.7,77.6,7,18,0.11,24,36,16,76693
21213,KY,Simpson County,57.8849,17.68,7.75,1,14,13.8,3,-25,16.16628838,13.5,41.3,7.8,26.6,18.6,19972,59858,3.6,11.6,16.12,3.6,6.9,83.9,7,21,0.14,26,41,19,60371
21215,KY,Spencer County,92.849,17.59,8.77,0,14,13.8,0,0,19.35679817,12.8,37.9,7.6,25.5,18.8,20193,102618,5,5.2,15.49,2.7,0.8,92.5,5,20,0.11,25,37,19,97726
21217,KY,Taylor County,63.85,27.66,9.55,1,14,13.8,3,0,27.72751999,13.6,37.4,8.5,28.2,19.5,26397,60456,5.1,10.3,18.16,3.1,4.6,87.7,6,22,0.16,27,38,21,52832
21219,KY,Todd County,82.4938,36.78,11.44,0,14,13.8,8,-11.11111111,4.249444008,16.3,39.8,10.1,32.2,23.1,12469,61103,3.2,14.9,16.99,5.3,6.7,83.6,11,27,0.16,31,40,23,57288
21221,KY,Trigg County,83.675,22.72,15.47,0,14,13.8,0,0,5.605377197,17.1,40.6,10.8,29.9,20.1,14315,59857,4.2,14.6,22.44,2.7,4.2,86.3,8,23,0.17,26,40,20,57844
21223,KY,Trimble County,87.2399,33.15,11.33,0,14,13.8,5,66.66666667,44.51067352,13.8,39.1,8.4,27.6,19.4,8550,66027,6.2,7.1,18.55,3,1.1,92.2,6,21,0.15,26,39,20,65885
21225,KY,Union County,76.1714,34.69,9.28,1,14,13.8,17,-10.52631579,6.62396431,15,39.5,8.9,31.2,23.1,13260,60327,2.7,12.4,19.84,1.7,6.9,88.1,6,25,0.19,30,39,24,60771
21227,KY,Warren County,47.9,14.48,5.1,1,14,13.8,0,0,28.08324242,12,35.4,6.6,23.6,14.7,140918,65794,4.4,11.2,13.21,7.1,9.1,73.8,7,19,0.15,24,36,15,62108
21229,KY,Washington County,86.4836,28.71,12.9,0,14,13.8,25,13.63636364,42.30069733,14.6,37.5,9,27.9,17.8,12140,61616,3.4,11.1,19.5,0.2,4.6,87.4,6,20,0.15,26,37,18,59071
21231,KY,Wayne County,85.1159,45.24,13.23,1,14,13.8,3,-25,0.885137677,18.2,42.3,11.7,37.1,25.1,19602,45739,5.8,16.7,21.93,4.5,1.2,91.4,8,29,0.21,35,42,26,42721
21233,KY,Webster County,96.6556,42.99,14.25,0,14,13.8,9,12.5,20.54785538,15.3,38.4,9.2,30.9,22.1,12842,59628,4.1,11.3,18.09,7.1,4.1,86.6,8,25,0.18,30,38,23,59260
21235,KY,Whitley County,69.6505,34.86,9.38,1,14,13.8,4,33.33333333,55.81916809,13.8,40.8,8.6,28.6,21.3,36920,44615,5.4,21,15.67,2.1,1.1,94.4,7,25,0.2,28,41,22,43910
21237,KY,Wolfe County,91.7448,52.03,13.82,0,14,13.8,0,0,35.64274597,20.2,45.1,13.1,40.2,30.4,6443,30417,13.1,30.6,19.39,1.6,0.2,95.1,9,36,0.27,38,45,31,40949
21239,KY,Woodford County,75.3805,19.5,9.68,1,14,13.8,14,-17.64705882,25.83701706,12.9,35.6,8,22.5,12.5,27279,83788,2.5,6.9,20.74,7.8,3.8,84.4,6,16,0.12,20,35,12,78344
22001,LA,Acadia Parish,50.6947,17,5.61,1,15,14.8,31,0,34.79154205,14.3,36.8,8.4,32.5,20.6,56955,45562,7.7,19.5,16.49,3.3,16,76.2,9,23,0.2,31,37,21,43133
22003,LA,Allen Parish,68.5113,24.53,7.65,1,15,14.8,33,6.451612903,34.11504364,14.3,41.1,8,31.1,21.5,22477,46469,9.8,21.1,14.73,6,20.7,64.2,7,24,0.18,30,41,21,47937
22005,LA,Ascension Parish,53.1841,12.42,4.53,1,15,14.8,3,0,7.896505356,12.1,37.4,6.3,25.1,16.8,130314,91549,4.4,8,12.92,8.4,22.8,63.5,6,17,0.12,25,37,16,89558
22007,LA,Assumption Parish,80.7905,33.44,10.61,0,15,14.8,3,0,25.58010674,16.7,41.1,9.1,34.6,22.4,20484,51423,4.8,8.7,20.34,4.3,27.7,63.9,9,25,0.15,33,41,24,54511
22009,LA,Avoyelles Parish,80.6071,37.35,11.2,1,15,14.8,0,0,35.25856018,17.3,45.6,9.9,37.7,24.1,38905,39325,6.9,22.8,17.75,4,27.4,62.7,9,29,0.21,36,46,25,44650
22011,LA,Beauregard Parish,75.6648,26.58,9.37,1,15,14.8,3,0,17.30858803,13.2,36.8,7.6,28.3,20.6,36676,65944,6.8,12.3,16.29,3.9,10.8,79,7,22,0.15,28,37,21,57108
22013,LA,Bienville Parish,80.7691,40.5,14.07,1,15,14.8,3,-25,36.81792068,20.4,46,10.6,39.7,25.3,12638,35011,6.3,22.4,21.32,2.3,40.3,53.5,8,30,0.2,38,47,27,39743
22015,LA,Bossier Parish,59.9561,21.37,6.5,1,15,14.8,0,0,26.9807415,13.2,44.6,6.9,28.8,18.1,129789,69617,5.9,10.3,15.42,8.3,23.5,61.6,8,20,0.15,28,45,18,71061
22017,LA,Caddo Parish,50.3501,21.27,7.08,1,15,14.8,118,-0.840336134,28.83160591,17.2,45.6,7.8,31.1,19.4,230004,50705,8.7,17.6,18.89,3.8,48.7,42.1,9,24,0.17,30,46,21,50773
22019,LA,Calcasieu Parish,44.0901,15.95,4.86,1,15,14.8,0,0,33.59168625,15.2,43,7.5,30,18.7,207088,67564,5.4,12.6,16.09,5.4,23.3,64.7,8,21,0.15,29,43,19,63912
22021,LA,Caldwell Parish,81.7439,37.06,11.39,0,15,14.8,0,0,1.45956099,16.2,38.8,9.3,34,23,9500,47028,10.1,22.2,18.49,1.2,19.3,75.3,9,25,0.19,33,39,24,48050
22023,LA,Cameron Parish,89.7318,27.68,11.29,0,15,14.8,10,-23.07692308,9.486182213,14.4,39.8,8.7,29.9,19.8,5015,75278,2.1,5.1,19.48,0.5,3.3,85.8,5,21,0.15,28,40,20,66189
22025,LA,Catahoula Parish,81.687,31.83,11.91,0,15,14.8,0,0,25.86173058,16.5,42.9,9,32.8,20.6,8583,50275,8.9,20.2,18.77,0.6,34.3,62.7,9,23,0.18,31,43,21,40139
22027,LA,Claiborne Parish,72.8931,38.46,11.32,1,15,14.8,3,50,19.49109268,21.5,44.9,11.3,41.8,27.2,13833,32831,5.1,21.7,22.07,0.6,50.3,44.4,9,33,0.19,40,45,28,39576
22029,LA,Concordia Parish,74.7858,38.19,10.75,1,15,14.8,19,-9.523809524,15.46833038,18.1,41.5,9.6,37.9,23.4,18174,39943,11.7,24.8,19.24,2.8,39,55.5,8,28,0.22,36,42,24,43136
22031,LA,De Soto Parish,85.2571,32.91,12.63,1,15,14.8,6,-14.28571429,5.151103497,16.3,40.2,8.8,31.7,19.8,27026,48578,6,14.7,18.78,3.2,34.4,58.8,8,23,0.17,30,40,20,53165
22033,LA,East Baton Rouge Parish,35.8266,13.59,3.79,1,15,14.8,0,0,20.90443611,12.8,36.4,6.1,27,15.2,452938,63071,7.7,13.7,15.26,6.9,43.6,41.6,8,19,0.14,27,38,17,60205
22035,LA,East Carroll Parish,59.4318,34.97,8.23,1,15,14.8,84,-11.57894737,13.18583393,21.1,50.9,9.8,42,27.9,7072,33341,13.9,28.1,15.65,2.3,62,28.2,9,36,0.23,42,51,28,34604
22037,LA,East Feliciana Parish,90.6345,37.42,11.93,0,15,14.8,8,14.28571429,15.63646507,15.8,40.7,8.1,30.3,19.5,19271,73085,5.9,9.6,20.18,2,39.6,54.4,6,21,0.13,29,40,20,58360
22039,LA,Evangeline Parish,68.112,35.33,8.47,1,15,14.8,54,1.886792453,27.35456467,17.4,45.9,9.9,38.4,25.7,32060,41915,9.8,18.9,16.04,4.9,25.5,64.5,9,31,0.22,37,46,26,46178
22041,LA,Franklin Parish,76.5634,35.16,13.13,1,15,14.8,11,-8.333333333,26.78843498,17.7,44.8,9.7,36.7,23.7,19408,47020,8.2,16.4,19.71,1.7,28,65.4,9,27,0.19,35,45,25,42066
22043,LA,Grant Parish,92.4648,37.9,10.82,0,15,14.8,0,0,22.60056305,14.3,39.1,8.4,34.2,23.7,22095,64016,3.7,12.5,15.74,6.3,15,73.9,8,25,0.16,33,39,23,58560
22045,LA,Iberia Parish,54.0189,21.14,5.79,1,15,14.8,5,25,34.14171219,16.5,43.5,8.6,33.7,21.8,68599,56961,7.3,16.1,16.76,5.6,31,56,9,25,0.18,33,43,22,51770
22047,LA,Iberville Parish,62.0701,20.46,6.8,1,15,14.8,14,-12.5,28.07213402,16,45.7,7.9,34.3,21.8,29815,54000,6.1,16.3,17.53,5.2,43.2,46,8,24,0.14,33,46,22,54265
22049,LA,Jackson Parish,73.5647,31.03,12.46,1,15,14.8,0,0,5.694543362,17.3,40.3,9.8,35.7,22.7,14884,44925,7.4,18.7,20.75,3.5,23.6,65.7,9,26,0.2,34,41,24,51215
22051,LA,Jefferson Parish,14.3867,5.11,1.52,1,15,14.8,3,0,22.8638382,15,39.7,7.9,30.3,17.2,430920,65252,6.2,12.9,18.59,18.9,25.1,47.2,11,21,0.15,29,40,17,61168
22053,LA,Jefferson Davis Parish,54.9895,20.28,6.94,1,15,14.8,6,-14.28571429,27.85057831,13.9,42.4,8.1,30.8,19.5,31924,57341,4.7,12.7,17.33,2.5,14.5,77.1,8,21,0.16,29,42,20,62563
22055,LA,Lafayette Parish,35.4219,12.21,2.83,1,15,14.8,132,-3.649635036,17.55114174,12.9,35,6.9,26.8,17.5,247997,67451,5.1,12.6,14.71,6.7,25.4,61.7,10,20,0.15,26,35,18,64181
22057,LA,Lafourche Parish,54.7193,18.16,6.18,1,15,14.8,23,9.523809524,33.13652802,14.5,42.8,8.4,31.9,21.2,96252,63135,4.2,12.2,16.55,5.9,12.8,74.2,8,23,0.16,31,43,22,60107
22059,LA,LaSalle Parish,68.7499,28.62,9.07,1,15,14.8,3,-25,54.90789795,13.1,39.6,7.6,30.3,21.1,14789,68497,4.9,10.4,16.96,9.1,11.5,75.3,8,22,0.15,30,40,22,57556
22061,LA,Lincoln Parish,65.4265,29.08,8.08,1,15,14.8,5,-16.66666667,29.15739822,12.6,38.1,6.6,28.9,17.4,48174,39172,3.8,20.7,14.28,3.7,36.9,52.7,8,24,0.18,31,42,21,47851
22063,LA,Livingston Parish,70.882,21.06,6.62,1,15,14.8,15,7.142857143,40.59708023,11.9,37.5,6.9,28.6,18.3,148115,80122,4.2,10.2,13.83,6.6,8.9,80.2,8,19,0.14,28,37,18,73745
22065,LA,Madison Parish,36.7321,18.46,4.88,1,15,14.8,0,0,11.92009735,21.3,47.3,10.3,40.3,25.4,9513,35456,5.5,22.1,17.49,2.6,61.9,32.6,9,33,0.22,39,47,26,34704
22067,LA,Morehouse Parish,65.3328,28.89,10.45,1,15,14.8,0,0,12.01461315,19.1,44.2,9.8,39.3,24.5,24551,39454,9.4,22.2,20.07,1.7,48.3,47.2,8,30,0.19,38,45,26,37255
22069,LA,Natchitoches Parish,59.2361,29.75,8.16,1,15,14.8,6,20,27.65361977,15.3,42.6,8.1,33,19.5,36693,46292,5.6,17.5,17.09,3.9,39.4,50.5,8,25,0.17,34,45,22,47476
22071,LA,Orleans Parish,18.0471,8.92,1.89,1,15,14.8,11,-15.38461538,35.59801483,14.9,38.1,6.8,27,17.1,371853,56631,7.5,16.6,17.19,8.2,53.9,30.1,8,22,0.16,27,38,18,53729
22073,LA,Ouachita Parish,56.5739,24.24,6.36,1,15,14.8,10,-23.07692308,47.21797562,14.5,41.9,8,30.4,18.9,158480,54688,6.5,18.4,15.85,3.7,37.2,55.3,8,22,0.17,29,42,19,52904
22075,LA,Plaquemines Parish,65.4523,25.86,7.43,1,15,14.8,4,0,6.015244484,14.1,40.1,7.4,29.5,20.1,22803,86315,4.2,8.5,14.13,9.8,20.4,58.8,8,22,0.15,29,40,20,71460
22077,LA,Pointe Coupee Parish,70.3408,26.7,10.15,1,15,14.8,5,-16.66666667,23.59751701,17.5,42.1,9.5,35.3,21.6,20217,65961,7,11.9,22.39,3.5,32.6,59.7,8,25,0.18,33,42,22,57045
22079,LA,Rapides Parish,67.4276,27.8,8.64,1,15,14.8,9,12.5,39.61330795,15.6,41.8,7.7,30.2,19.4,127527,54967,5.1,15.2,17.01,4.2,30.7,59.4,9,23,0.16,30,42,20,52379
22081,LA,Red River Parish,83.1579,38.59,13.32,0,15,14.8,27,-12.90322581,19.72119904,18.3,46.3,9.6,37,23.2,7443,49167,3.6,14.7,19.92,1.9,40.3,55.5,7,27,0.17,35,46,24,46817
22083,LA,Richland Parish,66.8403,29.58,9.47,1,15,14.8,14,0,14.71389103,17.4,43.1,9.4,36.1,22.8,19822,53544,8.9,19,18.29,2.3,35.7,60.2,9,26,0.18,35,43,23,45093
22085,LA,Sabine Parish,84.3405,33.77,15.06,1,15,14.8,11,-8.333333333,22.95074844,17.4,46.1,10.2,34.8,22,21977,50329,6.6,17.5,21.42,3.5,14.6,66.4,9,25,0.2,33,46,23,53183
22087,LA,St. Bernard Parish,35.6206,16.19,3.42,1,15,14.8,36,-5.263157895,32.77069473,14.9,44.6,7.5,33.7,22.9,44419,58651,7.6,18.3,13.35,13.9,23.6,55.5,9,26,0.18,33,44,22,52139
22089,LA,St. Charles Parish,70.6769,19.4,6.61,1,15,14.8,19,-5,38.81650925,12.7,37.6,6.7,25.5,15.7,51396,80897,6.7,8.3,15.53,8.2,22.1,62.5,6,18,0.12,25,37,16,81482
22091,LA,St. Helena Parish,99.1585,46.94,14.03,0,15,14.8,0,0,58.8682518,18.4,45.7,9.4,36.1,21.4,10858,41934,17.6,24.2,21.43,0.9,50.7,44.6,9,27,0.21,35,46,23,46835
22093,LA,St. James Parish,44.6631,18.28,5.39,1,15,14.8,18,0,26.29857635,16.4,43.9,7.9,30.9,18.7,19528,65531,4.1,8.2,19.8,2,47.4,49.3,6,22,0.11,29,44,19,64089
22095,LA,St. John the Baptist Parish,60.531,22.15,5.5,1,15,14.8,3,0,36.61135864,17,43.9,7.6,33,19.9,40743,66630,10.9,8.7,15.68,8.9,56.8,29.5,7,24,0.13,32,44,20,63183
22097,LA,St. Landry Parish,57.4874,27.35,7.61,1,15,14.8,13,0,9.041387558,17.3,48.1,9,35.7,22.5,81670,44462,6.3,22.1,16.95,3.1,39.7,52.1,9,27,0.18,35,48,23,43051
22099,LA,St. Martin Parish,66.4322,25.72,7.32,1,15,14.8,0,0,49.29552078,15.3,41,8.1,31.8,20.9,51353,55960,4,10.3,17.2,3.6,28.6,63.1,8,23,0.15,31,41,21,54516
22101,LA,St. Mary Parish,45.6895,19.24,5.67,1,15,14.8,9,-25,8.40784359,18.4,44.6,9.7,36.7,24.4,47828,52576,5.4,18.4,18.34,9.8,28.8,53.4,9,28,0.18,35,45,25,51179
22103,LA,St. Tammany Parish,57.6879,15.09,6.98,1,15,14.8,6,0,28.46306229,13.4,35.4,7.8,28,16,272421,81202,4.8,8.8,18.44,8.2,12,72.4,7,19,0.14,26,35,16,78484
22105,LA,Tangipahoa Parish,73.7202,30.9,8.13,1,15,14.8,4,-33.33333333,18.88062096,14,42,7.4,28.6,18.9,136738,56760,6,14,15.38,5.8,29.2,60.5,8,22,0.17,28,42,19,55432
22107,LA,Tensas Parish,76.7515,49.74,14.7,0,15,14.8,3,-40,4.707070351,24.6,46.1,12.8,44.7,26.3,3935,36615,11.4,25.7,28.11,1.1,54,41.3,10,34,0.21,42,47,29,35670
22109,LA,Terrebonne Parish,51.9749,21.71,5.43,1,15,14.8,0,0,38.12481689,13.9,40.8,8,31,19.1,106186,64836,4.7,12.1,15.84,7.2,18.3,63.8,9,21,0.16,30,41,19,62566
22111,LA,Union Parish,86.119,30.74,14.34,1,15,14.8,3,0,15.48791027,17.2,43.5,9.8,33.4,20.9,20821,42885,5.1,22.7,22.33,5.8,23.5,69,9,24,0.19,32,44,22,52753
22113,LA,Vermilion Parish,61.8868,19.57,7.15,1,15,14.8,20,-16.66666667,9.244924545,14.5,39.2,8.2,31.2,19.9,57123,55707,5.2,16.6,16.64,4.5,12.8,75.9,8,22,0.17,30,39,20,53711
22115,LA,Vernon Parish,88.3062,34.96,7.88,1,15,14.8,31,0,10.85298824,12,38.6,6.9,28.9,18.5,47117,57270,5.7,15.8,13.99,9.4,12.2,70,7,21,0.19,29,40,19,55872
22117,LA,Washington Parish,64.9923,28.24,9.12,1,15,14.8,76,1.333333333,20.983078,17.7,43.1,9.4,33.1,20.7,45120,45380,9.9,19.1,19.25,3.3,26.8,62.5,8,25,0.19,32,43,21,45073
22119,LA,Webster Parish,69.2441,39.01,10.73,1,15,14.8,16,14.28571429,12.86003113,19,45.5,10,36.8,23.9,35820,41182,5.1,18.4,20.69,2.3,33.5,61.3,8,28,0.19,35,46,25,47088
22121,LA,West Baton Rouge Parish,58.8745,16.69,6.33,1,15,14.8,24,-20,4.001471519,14.2,40.7,6.9,30.5,19.6,27974,87299,7,8.1,14.85,4.6,40.8,52.2,6,22,0.13,30,41,20,73173
22123,LA,West Carroll Parish,74.7004,34.89,12.51,0,15,14.8,25,-7.407407407,5.192726612,16.5,40.8,10,35.6,23.8,9464,49134,5.7,9.7,21.44,3.7,14.7,79.5,9,27,0.18,35,41,26,47030
22125,LA,West Feliciana Parish,86.0496,29.61,8.53,0,15,14.8,14,-17.64705882,8.036881447,14.9,41.8,7.2,27.3,18.8,15327,77452,4.1,9,15.19,4.1,42.9,50.1,5,20,0.12,27,40,18,74368
22127,LA,Winn Parish,75.678,32.58,10.73,1,15,14.8,8,-11.11111111,2.632376194,16.4,43.4,9.2,34.7,22,13467,48871,5.2,16,18.16,7.8,26.5,60.7,7,25,0.17,33,44,23,48430
23001,ME,Androscoggin County,53.8425,12.79,7.6,1,11,11.4,11,-21.42857143,15.08666515,11.1,36.1,7.6,23.5,16,113423,67873,4.3,8.7,18.92,2.2,5.5,87.2,8,15,0.14,22,36,16,63456
23003,ME,Aroostook County,63.3603,25.15,11.42,1,11,11.4,32,6.666666667,15.67619801,13.7,41.6,10.4,29,18,67058,56700,5.3,8.5,25.67,1.7,0.7,92.5,9,17,0.16,27,42,19,56361
23005,ME,Cumberland County,54.6575,9.97,7.66,1,11,11.4,6,-14.28571429,4.451750278,9.1,29.5,7.2,19.5,12.5,308827,95677,3.1,3.7,20.39,2.8,3.4,85.6,6,12,0.11,18,29,13,96255
23007,ME,Franklin County,68.8178,25.02,11.55,1,11,11.4,6,-14.28571429,10.71788025,10.6,32.5,8.3,23.7,14.6,30413,58675,4.6,5.6,23.71,1.7,0.8,93.1,9,15,0.14,23,33,16,56509
23009,ME,Hancock County,79.8411,24.14,14.35,0,11,11.4,13,30,9.303689957,10.5,28.5,9,21,13.3,56460,72744,4.6,5.6,26.6,1.9,1,92.6,10,13,0.13,19,28,14,72647
23011,ME,Kennebec County,64.9375,17.98,9.44,1,11,11.4,14,16.66666667,11.30067635,10.7,33.6,8.4,23.6,15.4,126808,69077,3.9,6.8,21.14,2.3,0.9,91.8,7,16,0.14,22,34,16,64643
23013,ME,Knox County,65.9565,15.95,11.55,1,11,11.4,15,-6.25,11.08124828,10.4,27.8,8.8,19.5,12.5,41003,74096,3.9,4.2,27.95,1.9,0.3,93.2,10,12,0.12,17,28,13,70533
23015,ME,Lincoln County,84.4684,25.46,16.71,0,11,11.4,40,-6.976744186,17.302948,11,31.7,9.5,22.9,14.8,36099,76875,2.9,4.7,29.43,1.4,0.8,93.1,9,14,0.12,20,32,16,74569
23017,ME,Oxford County,81.0106,30.12,13.44,1,11,11.4,12,-7.692307692,30.36057663,12.4,37.4,9.7,29.2,20,59255,60173,4.3,9.4,23.93,1.7,0.3,92.2,10,18,0.15,27,37,20,60220
23019,ME,Penobscot County,60.6894,20.06,8.63,1,11,11.4,102,8.510638298,33.68476105,10.6,38.4,7.7,23.7,16.5,154710,66356,3.6,8.5,20.09,2.1,1.1,91.1,8,16,0.14,23,39,18,65215
23021,ME,Piscataquis County,71.9247,30.84,14.09,0,11,11.4,159,8.163265306,21.83665466,13.1,36.7,10.3,27.1,16,17263,61345,3.6,12.7,27.44,1.9,1,92.7,9,16,0.16,24,36,16,51787
23023,ME,Sagadahoc County,68.7551,16.16,11.03,1,11,11.4,14,0,38.60660553,10.7,30.7,8.6,21,14.5,37285,87806,4.6,7,24.62,2,0.5,92,7,14,0.12,20,31,16,83180
23025,ME,Somerset County,74.0908,30.54,11.86,1,11,11.4,5,25,9.191987038,12.2,37.8,10.1,28.5,19.1,50959,58179,3.5,9.2,23,1.5,0.5,93.8,9,18,0.16,26,37,19,56422
23027,ME,Waldo County,85.8446,29.69,12.71,1,11,11.4,27,12.5,29.51169777,10.5,34,8.7,20.8,14.3,40192,72782,3.7,6.5,25.11,1.6,0.4,92.8,9,14,0.14,19,34,14,68345
23029,ME,Washington County,76.136,31.74,14.09,0,11,11.4,14,-12.5,24.6789608,13.1,37.9,10.5,29.7,18.1,31331,56024,6.3,11.7,26.34,2.5,0.7,87.6,11,17,0.17,27,38,19,48104
23031,ME,York County,68.0473,12.82,10.12,1,11,11.4,30,42.85714286,37.42512131,10.2,29.8,7.9,22.1,12.9,216731,88333,3.4,4.9,22.34,2.2,1.1,90.1,7,13,0.12,20,30,13,85445
24001,MD,Allegany County,61.5535,19.88,10.69,1,9,9.2,6,0,13.85321426,13.7,36.5,8.5,26.9,15,67452,59603,5,11.3,21.14,2,6.8,85.9,6,19,0.17,25,37,16,54759
24003,MD,Anne Arundel County,38.9917,4.76,5.18,1,9,9.2,38,8.571428571,25.89675331,9.8,34.8,5.8,20,10.8,598166,124911,3.7,3.9,15.86,10.5,17.6,61.7,6,13,0.11,20,35,11,116956
24005,MD,Baltimore County,28.3759,5.06,4.03,1,9,9.2,7,0,14.08914566,12.4,32.9,6.3,22.8,12.2,850796,91768,4.9,6.7,18.14,7.8,30.1,51.1,6,15,0.12,22,33,12,86807
24009,MD,Calvert County,80.1904,9.89,7.96,1,9,9.2,39,30,28.2346859,11,34.4,6,19.4,11,94313,133922,2.7,1.7,16.33,5.2,11.9,73.6,4,12,0.1,18,34,11,124486
24011,MD,Caroline County,76.4209,24.58,10.11,1,9,9.2,44,7.317073171,22.55060959,14,38.7,8.5,32.5,18.6,33669,68457,5.7,9.2,17.32,9.3,12.6,72.5,9,22,0.15,31,39,19,63491
24013,MD,Carroll County,65.1158,7.74,8.96,1,9,9.2,7,-12.5,1.670009017,10.4,31.9,6.6,21.8,12.1,175321,118211,3.5,3.9,17.94,5.1,4,84.5,4,13,0.11,20,32,12,113885
24015,MD,Cecil County,72.6032,15.81,8.9,1,9,9.2,203,0.995024876,20.02664757,12.8,38,7.4,25.2,15.6,104960,92007,5.5,8.2,17.08,5.6,7.1,80.4,5,16,0.14,24,38,16,87592
24017,MD,Charles County,64.638,9.31,6.76,1,9,9.2,170,6.25,24.04109764,13.2,43.4,5.9,24.6,13.8,170527,122816,4.8,4.6,13.69,7.9,48.4,32,5,16,0.08,24,43,13,105141
24019,MD,Dorchester County,69.7327,20.65,13.52,1,9,9.2,5,0,23.46410942,15.4,41.4,8.7,30,16.8,32754,61839,5.7,10.2,23.01,6.1,24.8,60.7,8,21,0.15,28,42,18,63087
24021,MD,Frederick County,53.5678,6.91,6.19,1,9,9.2,15,-11.76470588,21.74327087,11.2,31.6,6.2,20.2,11.1,287048,122002,3.3,4.4,15.29,12.9,10.1,65.7,6,15,0.11,20,31,11,114089
24023,MD,Garrett County,82.3732,27.75,14.06,1,9,9.2,4,0,18.27673149,13.7,37.4,8.8,27.1,15.9,28615,67688,4.4,8.2,24.2,1.4,0.6,94.7,8,17,0.16,26,37,17,65991
24025,MD,Harford County,45.9961,7.49,5.91,1,9,9.2,11,-15.38461538,13.67804813,10.8,35.1,6,21.5,10.8,263757,112265,3.8,5,17.45,5.8,14.1,71.6,5,13,0.11,21,35,11,104553
24027,MD,Howard County,31.7628,2.4,3.3,1,9,9.2,31,19.23076923,28.65318108,10,27.2,5,18.5,8.1,336328,149763,3.5,3.5,15.25,8.7,19.7,45.9,5,11,0.1,18,27,8,140113
24029,MD,Kent County,59.6075,16.66,12.35,1,9,9.2,11,10,29.73750687,12.8,37.7,8.6,23.5,11.3,19346,80147,3,6.3,27.42,5.8,14,75.9,7,14,0.14,21,39,12,69781
24031,MD,Montgomery County,22.133,2.04,2.89,1,9,9.2,14,16.66666667,30.65968513,10.6,24.2,5.1,16.7,8.2,1065949,132450,4.9,5.1,16.99,21,18.3,39.5,8,12,0.11,16,24,9,125076
24033,MD,Prince George's County,26.804,3.81,2.84,1,9,9.2,249,-18.36065574,4.522172451,14.5,36.5,5.6,24.4,10.7,959754,101798,6.4,7.1,14.91,22.5,58.2,10.8,11,17,0.09,24,36,11,97171
24035,MD,Queen Anne's County,82.2556,12.1,11.91,1,9,9.2,66,-13.15789474,51.04450226,11,32.7,7.1,24.5,12.9,51825,112826,3.8,3.2,20.68,5.7,5.5,82.5,6,15,0.12,23,33,13,112527
24037,MD,St. Mary's County,75.618,13.26,8.02,1,9,9.2,26,-25.71428571,30.93593788,11.9,35.5,6.3,23,13.3,115126,119446,3.6,6.2,14.02,6.1,14.6,70.3,5,17,0.12,22,35,13,102345
24039,MD,Somerset County,69.1457,24.91,9.6,1,9,9.2,96,4.347826087,26.43337059,14.6,42.1,8.3,31.4,18.5,24822,64943,7.5,10.5,17.8,4.6,38.5,50.8,7,24,0.16,31,44,20,51841
24041,MD,Talbot County,72.0907,13.25,18.29,1,9,9.2,10,-16.66666667,32.19146347,13.1,31.4,9,21,11.6,37917,84811,4.3,6.7,29.56,9.6,12.2,73.8,7,15,0.14,18,32,12,80371
24043,MD,Washington County,51.6588,10.09,7.36,1,9,9.2,173,-6.486486486,30.06750488,12.9,42.2,7.3,27.5,15.5,155709,77747,4.2,8.8,18.08,7.9,11.5,73.3,8,18,0.15,27,42,16,71685
24045,MD,Wicomico County,56.4259,16.56,8.06,1,9,9.2,20,11.11111111,19.07582855,13,35.4,6.8,25,15.4,104914,76210,5.9,8.8,16.63,7.1,26.5,57.9,8,18,0.14,25,37,17,70975
24047,MD,Worcester County,55.2577,12.17,12.24,1,9,9.2,97,-6.730769231,23.81669617,14.3,35.3,8.7,23.9,13.3,53700,81745,6.7,6.8,28.62,4,12,77.8,7,15,0.14,22,36,16,75459
24510,MD,Baltimore city,4.5223,1.81,0.54,1,9,9.2,36,5.882352941,46.48748779,14.3,38.1,6.2,27,15.9,573243,62177,6.5,15,15.28,8.2,58.5,26,7,20,0.16,27,39,17,58616
25001,MA,Barnstable County,60.9436,10.86,14.89,1,8,8.4,274,1.481481481,24.63314819,10.7,25.7,9,19.9,9.5,231668,95241,5,4.2,33.13,3.7,2.8,85.2,3,12,0.09,18,27,11,89448
25003,MA,Berkshire County,53.317,10.48,10.34,1,8,8.4,6,50,13.6261797,10.9,28.6,8.6,25.4,12.6,129430,76013,5.4,6.7,25.05,5.9,2.6,84.8,3,15,0.11,23,29,13,74535
25005,MA,Bristol County,40.7907,6.11,5.48,1,8,8.4,113,-5.833333333,35.69750214,11.3,33.1,7.9,25.1,14.5,582270,85625,5.5,8.4,17.77,10.2,4,75.3,4,17,0.11,24,33,15,81047
25007,MA,Dukes County,48.5579,11.38,7.78,1,8,8.4,80,-6.976744186,41.64700317,11.6,29.2,8.9,21.6,11.3,20933,125786,6.6,1.3,26.46,3.3,2.7,80,5,13,0.09,19,29,11,94059
25009,MA,Essex County,35.3371,4.72,5.02,1,8,8.4,208,-3.703703704,0.973512948,9.7,30.2,6.8,20.3,10.9,813054,101883,5.1,6.7,18.46,24.1,3.5,64.5,4,15,0.1,20,31,12,96303
25011,MA,Franklin County,68.2356,15.93,9.75,1,8,8.4,122,-6.870229008,34.47441101,9.7,25.9,7.5,17.9,10.3,70944,74907,5.4,7.1,24.61,5.4,1.3,87.5,3,12,0.12,17,26,11,71256
25013,MA,Hampden County,31.2059,5.91,4.84,1,8,8.4,5,66.66666667,15.62345028,12.7,35.4,8.1,31.9,16.8,462815,71306,6,12,18.26,27,7.6,59.3,4,21,0.13,31,36,17,67155
25015,MA,Hampshire County,64.4449,14.94,7.92,1,8,8.4,6,0,12.75315094,8.8,25.2,6.4,19.9,10.8,162028,87001,5,5.8,19.4,7.4,2.5,80.3,2,13,0.09,20,28,13,80839
25017,MA,Middlesex County,28.573,2.92,3.7,1,8,8.4,15,0,20.78973198,7.7,22,5.3,15.6,8.1,1638365,130847,4.4,4.9,16.3,9.3,4.7,65.1,2,11,0.08,16,22,9,123288
25019,MA,Nantucket County,26.676,4.34,3.63,1,8,8.4,9,0,15.90541267,8.8,28.8,5.8,16.9,9.2,14483,139688,4.3,1.4,16.07,17,9.4,68.2,3,11,0.08,16,28,9,108671
25021,MA,Norfolk County,36.7172,3.67,4.99,1,8,8.4,6,20,0.166546971,9.1,27.1,6,19,10.3,730082,130739,4.9,4.1,17.76,5.8,7.1,68.7,2,12,0.08,18,27,10,123449
25023,MA,Plymouth County,53.9233,6.67,7.56,1,8,8.4,4,0,0.005427375,10.1,30.4,7.6,21.8,13.4,535075,114201,5.1,4.7,19.76,4.9,7.8,76.1,3,14,0.08,20,30,13,107828
25025,MA,Suffolk County,1.0476,0.28,0.15,1,8,8.4,0,0,15.41619778,9.3,27,5.2,24,12.1,785121,95631,6.3,11.4,13.27,23.2,17.1,43.6,4,17,0.12,25,28,13,91386
25027,MA,Worcester County,51.1279,7.48,6.43,1,8,8.4,8,-27.27272727,0.031850263,10.7,32.8,6.9,23.4,13.7,867788,95939,5.3,6.9,17.02,13.7,4.8,70.3,3,15,0.1,23,33,14,93561
26001,MI,Alcona County,87.364,34.49,27.67,0,12,11.8,23,35.29411765,12.85762882,15.8,35.8,12,30.6,18.2,10397,54993,4.5,6.8,36.96,1.7,0.7,93.1,6,19,0.18,27,37,21,53033
26003,MI,Alger County,77.73,27.71,15.23,0,12,11.8,6,-14.28571429,0,12.9,34.3,9.1,26.3,17.2,8762,61286,6.8,6.3,27.16,1.8,7.6,81.4,5,17,0.16,24,35,18,62543
26005,MI,Allegan County,69.9662,18.03,8.52,1,12,11.8,27,-18.18181818,25.17030144,11,31.8,7.3,24.6,16.7,121456,83283,3,5.4,18.42,8.1,1.2,84.6,6,16,0.12,23,32,17,78772
26007,MI,Alpena County,51.7765,17.54,9.3,1,12,11.8,7,133.3333333,13.60886002,13.1,38.5,9.3,27.2,18.8,28880,53950,6.2,12.5,25.16,1.7,1,92.4,6,18,0.18,26,39,20,53480
26009,MI,Antrim County,75.5062,24.48,16.82,0,12,11.8,24,0,29.09360886,11.8,34.9,8.5,21.3,12.5,24127,72054,3.9,6,28.72,2.2,0.5,92.4,6,13,0.14,19,35,13,72369
26011,MI,Arenac County,82.2612,32.53,16.89,0,12,11.8,8,-20,13.32979774,14.1,38.6,10.1,27.7,19.1,15077,58811,6,7.8,27.22,2.2,0.7,93,7,18,0.17,26,38,20,56213
26013,MI,Baraga County,64.4207,21.44,11.27,0,12,11.8,10,25,1.426566482,13.1,37.9,8.9,26.6,18.6,8191,55327,5.1,9,23.21,1.7,6.3,72,5,18,0.17,25,38,19,55856
26015,MI,Barry County,78.3595,20.11,11.3,0,12,11.8,8,33.33333333,9.409393311,10.3,34.1,7.1,21.1,13.6,63409,77500,4.3,5.5,19.51,3.7,0.3,91.8,5,13,0.13,20,34,14,75377
26017,MI,Bay County,49.0641,13.81,8.01,1,12,11.8,12,-7.692307692,19.81580925,11.3,37.3,7.7,21.6,14.3,103008,61763,4.3,9.5,21.91,5.9,1,88.2,6,14,0.16,20,37,15,59523
26019,MI,Benzie County,83.8078,23.12,16.26,0,12,11.8,7,-30,2.726153135,12.7,35,9.2,24.6,15.7,18310,74834,3.1,6,28.73,2.5,0.6,91.4,6,15,0.14,21,35,16,65594
26021,MI,Berrien County,56.9372,19.2,9.68,1,12,11.8,3,-40,34.13660049,12.5,39.9,8.2,26.5,16.4,153288,65425,6.2,10.9,21.33,6.3,13.1,72.7,7,17,0.15,25,40,17,62758
26023,MI,Branch County,71.7083,26.69,10.82,1,12,11.8,0,0,6.436742306,12.6,39.8,8.6,28.5,19.5,45300,63724,5.7,9.9,19.4,6.8,1.7,86.4,8,19,0.15,27,40,20,57641
26025,MI,Calhoun County,57.9991,19.49,8.9,1,12,11.8,11,0,15.31340218,12.5,39,7.7,27.2,17.7,133778,63177,6.4,9.6,18.63,5.9,9.6,75.3,6,19,0.15,26,39,18,58617
26027,MI,Cass County,83.4827,22.05,13.73,1,12,11.8,5,-16.66666667,25.67452431,12.5,35.2,8.4,25.7,18.2,51520,70443,5,9,22.55,4.5,4,84,7,16,0.15,23,35,18,68720
26029,MI,Charlevoix County,63.9048,16.67,11.74,1,12,11.8,11,0,30.91036987,12.8,36.6,9,26.2,16.9,26108,76531,3.4,5.1,27.07,2,0.5,92.3,5,16,0.13,24,37,18,78405
26031,MI,Cheboygan County,78.5085,27.34,16.99,1,12,11.8,13,-13.33333333,23.61491394,13.9,37.1,10.2,27.4,17.2,25865,62875,6.1,7.1,28.97,1.7,0.9,89,7,17,0.17,24,37,17,61488
26033,MI,Chippewa County,56.681,18.93,10.18,1,12,11.8,69,-14.81481481,35.91704559,11.9,38.2,7.7,25.2,18.5,36295,62217,5.2,8.2,19.6,2.3,5.6,67.3,6,19,0.17,25,39,20,59852
26035,MI,Clare County,74.2751,36.37,15.08,1,12,11.8,6,20,13.09611225,14.3,42.7,9.9,28.6,19.3,31218,49384,9.5,16.7,25.59,2.3,0.9,92.8,8,19,0.21,26,42,20,47793
26037,MI,Clinton County,82.3867,18.88,10.07,1,12,11.8,3,0,15.05071449,9.6,36.2,6.4,19.5,12.7,79626,88210,3.8,5,18.8,5.2,1.8,87.3,4,12,0.12,18,36,13,91911
26039,MI,Crawford County,80.1606,26.58,16.94,0,12,11.8,22,4.761904762,17.0298481,14.2,38.2,10.4,27.6,18,13369,60392,8.2,10.6,27.26,2.4,0.4,91.5,6,18,0.18,25,38,19,59220
26041,MI,Delta County,59.1132,17.14,11.19,1,12,11.8,5,0,39.56851196,12.2,35.6,8.6,22.7,15.9,36813,57809,4.2,8.2,26.24,1.5,0.2,89.9,6,15,0.16,21,36,17,58072
26043,MI,Dickinson County,54.0071,15.38,10.41,1,12,11.8,0,0,5.373814583,11.1,32,8,22.3,14.5,25954,65156,3.6,6.6,24.19,2,0.3,92.3,4,15,0.14,21,32,16,61704
26045,MI,Eaton County,65.1589,16.57,8.63,1,12,11.8,8,0,10.46077824,10.6,35.1,6.7,22.2,13.4,109130,79597,4.5,5.2,20.1,6.3,6.7,79.8,5,14,0.13,21,35,14,73130
26047,MI,Emmet County,63.2331,18.37,9.95,1,12,11.8,8,0,21.11886597,11,31.2,7.8,21.1,13,34125,78112,3.2,5.5,24.97,2.1,0.4,89.1,5,13,0.14,19,31,14,77292
26049,MI,Genesee County,49.8323,14.89,6.82,1,12,11.8,45,-10,38.00898361,12.5,39,7.3,25.1,15.4,403305,62281,8.1,11.6,18.78,4.3,19.1,70,6,16,0.16,24,39,16,60192
26051,MI,Gladwin County,81.4029,33.78,19,1,12,11.8,8,-20,27.28025818,13.8,38,9.8,26.7,17.8,25693,55349,6.8,9.5,27.32,2.2,0.3,92.7,7,17,0.17,24,38,19,51395
26053,MI,Gogebic County,58.4216,20.94,12.13,1,12,11.8,6,-14.28571429,12.94721413,14.5,37.9,10.6,28.8,18,14319,52732,6.5,8,29.35,2,0.4,90.5,6,17,0.16,25,37,18,48043
26055,MI,Grand Traverse County,64.0793,15.46,8.48,1,12,11.8,3,0,14.02825356,10.1,31,7.2,19.3,13.1,96166,81647,3.8,5.9,21.95,3.4,0.8,90.5,5,13,0.13,18,31,13,82824
26057,MI,Gratiot County,84.2582,30.51,11.41,1,12,11.8,10,0,9.162043571,10.5,34.6,6.8,21.8,15,41385,63556,4.2,9.2,17.83,7.7,5.8,83,5,15,0.15,21,36,16,60251
26059,MI,Hillsdale County,85.4771,30.54,13.71,1,12,11.8,18,0,30.36846924,12.4,36.6,8.5,28,19.3,45654,64242,4.4,9.6,21.38,2.8,0.7,92.1,7,18,0.16,26,37,20,58676
26061,MI,Houghton County,46.998,18.07,7.69,1,12,11.8,56,27.27272727,30.25986862,9.4,31.1,6.8,20.1,13,37693,58899,5.7,9.5,17.97,1.8,1.1,90.9,7,15,0.15,21,34,16,56074
26063,MI,Huron County,78.0677,26.46,16.64,1,12,11.8,4,-33.33333333,4.603714943,13.2,38.4,9.6,27.4,19,31113,58870,4.1,8,27.21,2.8,0.3,93.3,6,17,0.15,25,39,20,59319
26065,MI,Ingham County,49.3159,16.49,5.38,1,12,11.8,95,1.063829787,20.33683205,8.8,32.1,5.4,19.3,12.9,283913,65526,6.2,9,14.87,8.7,11,66.6,5,15,0.15,20,34,15,63483
26067,MI,Ionia County,79.1453,22.76,8.56,1,12,11.8,0,0,29.230196,10.7,38.8,6.9,24.2,17.4,66574,75611,3.9,6.9,15.8,5.3,3.3,85.3,6,16,0.13,24,39,18,70177
26069,MI,Iosco County,76.7942,30.31,20.61,1,12,11.8,0,0,1.432641149,15.3,37.9,10.8,27.4,18.5,25347,50066,6.5,11.7,31.06,2.8,0.9,91.3,6,19,0.18,26,38,21,52734
26071,MI,Iron County,66.959,23.48,18.45,1,12,11.8,11,10,7.459937572,14.9,37.6,10.9,28.7,18.5,11667,55940,5.4,11.1,31.39,2.3,0.9,90.6,6,18,0.17,25,37,19,49137
26073,MI,Isabella County,53.23,19.08,6.67,1,12,11.8,8,-11.11111111,5.738732815,9.3,34.9,6.2,23.6,15.2,64565,55237,6.4,13.9,13.97,5.1,2.4,83,6,19,0.18,26,39,18,53213
26075,MI,Jackson County,67.8434,19.97,9.4,1,12,11.8,9,-35.71428571,28.82805634,11.7,39.3,7.8,26,18.5,160060,66073,5.5,7.7,19.06,4.1,7.4,82,5,18,0.14,26,40,20,64070
26077,MI,Kalamazoo County,46.1628,11.21,5.6,1,12,11.8,17,-5.555555556,28.88230324,9.5,34.1,6,23.2,14.6,262375,72532,5.5,7.7,16.14,5.9,10.8,74.6,5,15,0.14,23,36,16,67671
26079,MI,Kalkaska County,80.7199,32.28,13.37,0,12,11.8,3,-25,28.49912453,13.3,36.1,9.3,27.9,20.2,18239,68578,3.8,7.5,21.72,2.3,0.8,92.3,7,19,0.17,25,36,20,60410
26081,MI,Kent County,34.5873,6.55,3.97,1,12,11.8,6,-14.28571429,34.64593124,10.2,33.4,6,22.6,15.1,663150,82631,4.2,6.4,14.9,11.7,9.4,70.4,6,16,0.12,23,34,16,79715
26083,MI,Keweenaw County,100,35.66,24.03,0,12,11.8,107,-14.4,27.27165222,12.5,33.3,9.9,20.9,11.7,2133,52583,2.2,10.7,36.52,2,0,92.7,4,13,0.13,19,34,15,54912
26085,MI,Lake County,82.128,39.17,20.48,0,12,11.8,7,-30,9.570550919,16.2,41.6,10.8,32.6,22.4,12563,50805,7.4,14.9,27.25,9.3,7.8,75.5,9,23,0.2,31,42,25,50660
26087,MI,Lapeer County,83.2163,20.42,11.13,1,12,11.8,11,-21.42857143,17.11914825,12,36.1,8.3,26.8,18,88837,77306,5.1,7,20.17,5,1,89.7,6,17,0.13,25,36,18,71515
26089,MI,Leelanau County,85.7461,19.13,19.6,0,12,11.8,3,-50,25.74080467,11.9,31.3,8.9,19.6,10.6,22734,99422,3.4,3.8,33.75,4.3,0.6,89,5,11,0.12,17,31,11,91727
26091,MI,Lenawee County,69.8022,19.84,10.09,1,12,11.8,6,-25,22.89638329,11.5,42.1,7.6,26.4,16.3,98415,70518,4.7,7.3,20.35,8.9,2.3,84.8,6,16,0.14,25,42,17,65707
26093,MI,Livingston County,73.4072,10.74,8.28,1,12,11.8,7,0,15.89992714,9.6,35.4,6.7,20,12.7,195833,103039,3.4,3.2,19.74,3,0.6,92.4,3,12,0.1,19,35,14,103737
26095,MI,Luce County,49.2296,17.58,10.79,1,12,11.8,14,-12.5,19.38002205,14.5,38.8,10.3,30.3,19.8,6271,54893,9.9,9.4,22.61,2,8.2,76.4,5,19,0.19,28,39,21,51664
26097,MI,Mackinac County,76.7028,27.49,17.92,0,12,11.8,0,0,4.26048708,15.2,38.2,10.5,27.7,16.9,10957,63909,8,8.6,29.71,2.3,4.8,71.1,8,17,0.19,24,38,17,51353
26099,MI,Macomb County,30.0507,6.28,3.77,1,12,11.8,19,-13.63636364,15.87775326,11.6,36.9,7.4,27.6,18.9,879853,77837,5.7,7.8,18.28,3.2,12.7,74.1,6,18,0.13,26,37,19,73929
26101,MI,Manistee County,63.9021,20.25,13.68,1,12,11.8,10,0,2.494222641,12,37.1,8.5,24,14.9,25350,63516,6.4,7.9,27.99,3.6,3.2,87.4,6,16,0.15,23,38,17,57434
26103,MI,Marquette County,51.5461,14.89,7.59,1,12,11.8,4,33.33333333,3.858500719,10.3,30.7,7.4,22.1,14.4,67112,65429,4.6,7.1,20.32,2.1,1.3,90.7,5,15,0.15,21,32,16,62319
26105,MI,Mason County,68.6776,23.31,12.62,1,12,11.8,17,-22.72727273,43.03689575,12.4,38.9,8.7,23.1,16.5,29207,64748,4.5,9.8,26.33,4.9,1,89.4,6,17,0.16,22,39,18,59543
26107,MI,Mecosta County,94.0944,43.93,14.26,1,12,11.8,6,-33.33333333,4.297062397,12.1,32.4,8.6,25.9,18.5,41242,60951,4,11.3,20.37,3,2.1,89.6,6,19,0.17,25,33,20,59260
26109,MI,Menominee County,72.3929,23.94,13.35,1,12,11.8,230,-0.432900433,30.22327995,13,37.1,9.3,26.5,18.1,23247,56435,4.2,7.7,26.93,2.4,0.4,91.1,6,18,0.15,25,37,20,55853
26111,MI,Midland County,67.3949,17.92,9.21,1,12,11.8,5,-28.57142857,9.255616188,10.3,31.1,6.9,22.6,14.8,83757,77705,4.4,8.5,20.2,3.4,1.2,89.2,4,14,0.14,21,31,15,73722
26113,MI,Missaukee County,87.2735,35.69,15.13,0,12,11.8,5,25,0.051518947,12.6,38.4,8.9,27.2,19.6,15207,66194,6.7,5.7,21.97,3.4,0.3,90.4,8,18,0.15,26,38,21,66397
26115,MI,Monroe County,61.4779,14.04,7.97,1,12,11.8,0,0,34.21987152,12.1,38.2,7.7,26,18,155505,77335,5.1,7.2,19.89,4.4,2.2,88.5,5,17,0.14,24,38,18,73617
26117,MI,Montcalm County,76.8317,27.63,10.35,1,12,11.8,3,-40,0.052415684,11.4,39,7.4,25.8,19.7,67816,67344,5,9.2,17.86,4.5,3.2,87,7,18,0.15,26,39,21,64912
26119,MI,Montmorency County,76.4473,32.54,21.02,0,12,11.8,0,0,1.601777315,14.8,37.8,10.8,26.7,17.5,9516,49756,5.3,13,33.12,1.7,0.7,93,7,18,0.2,25,38,21,47374
26121,MI,Muskegon County,64.7256,23.97,8.34,1,12,11.8,6,-14.28571429,35.20252228,13.2,42.8,7.9,27.2,20.1,175961,65024,6.4,10.4,18.46,6.3,12,75,5,19,0.14,26,43,20,61223
26123,MI,Newaygo County,79.1806,30.48,12.14,1,12,11.8,35,12.90322581,31.38675499,12.3,39.2,8.5,27.3,17.6,50792,63304,4.4,8.9,20.7,6.3,0.8,87.2,6,18,0.16,26,39,19,61951
26125,MI,Oakland County,35.5026,5.24,4.54,1,12,11.8,5,-28.57142857,23.24465561,9.3,29.8,5.9,19.4,11.9,1279825,97760,4.8,5,18.37,5,12.7,68.2,4,12,0.11,19,30,12,92230
26127,MI,Oceana County,78.1831,32.84,13.13,1,12,11.8,4,0,13.32805729,12.7,37.3,8.3,25.9,16.6,26915,62417,6.5,9.1,22.47,15.5,1,79.5,7,18,0.16,25,38,18,61907
26129,MI,Ogemaw County,75.1068,30.84,16.77,0,12,11.8,32,-17.94871795,30.08481979,14,38.2,9.9,28.7,18.6,20885,54666,6.2,11.3,27.93,2.3,0.5,92.5,7,18,0.19,27,38,21,51390
26131,MI,Ontonagon County,78.7358,29.26,21.03,0,12,11.8,21,-12.5,35.68595505,15.8,38,11.6,28.5,18.3,5850,54398,5.3,9.2,38.22,1.8,0.5,92.3,6,18,0.17,26,38,21,51306
26133,MI,Osceola County,83.2984,34.64,14.42,0,12,11.8,12,9.090909091,15.17158031,12.7,38.3,9.3,27.4,19.1,23227,58267,6.4,10.8,22.04,2.1,1.1,91.6,7,18,0.17,26,39,20,55388
26135,MI,Oscoda County,79.8258,32.44,18.7,0,12,11.8,8,-11.11111111,14.27950478,15.2,37.3,11.4,29.1,19.9,8425,49515,8,11.4,29.36,2.1,0.4,93.1,8,19,0.18,25,37,20,49622
26137,MI,Otsego County,71.4268,21.66,12.3,1,12,11.8,0,0,45.98495102,12.5,34.4,9,28.2,20.7,25584,68183,4,5.1,22.1,2,0.7,92.9,5,19,0.15,26,34,22,69029
26139,MI,Ottawa County,57.9753,12.35,6.08,1,12,11.8,11,22.22222222,27.31666756,8.8,34.6,5.8,19.9,13.5,301203,90502,3.5,4,16.71,10.3,1.5,81.7,4,13,0.11,20,36,15,81772
26141,MI,Presque Isle County,73.044,21.75,19.02,1,12,11.8,8,0,15.32678795,14.5,35.6,10.9,28,17.6,13209,59321,6.5,10.2,33.69,1.6,0.2,94.2,7,18,0.17,25,36,19,54675
26143,MI,Roscommon County,67.9431,25.83,19.46,1,12,11.8,13,-35,4.919363022,15.3,35.3,11.2,27.4,16.8,23737,55246,4.7,9.3,34.51,2,0.7,92.4,6,17,0.2,24,35,18,54305
26145,MI,Saginaw County,57.2415,18.85,8.68,1,12,11.8,61,-3.174603175,25.16417122,13.2,42.4,8.2,29.9,19.4,188665,60622,6.4,13.9,20.37,9.2,18.1,67.8,5,21,0.17,29,43,21,59188
26147,MI,St. Clair County,74.5714,21.26,10.67,1,12,11.8,361,-10.86419753,14.82906151,12.4,41.4,8.5,26.2,16.8,160221,71270,5.7,8.1,20.38,3.7,2.1,89.7,5,16,0.14,24,41,16,68831
26149,MI,St. Joseph County,64.7215,20.82,10.42,1,12,11.8,6,-14.28571429,24.82717514,12.5,37.2,8.6,30.2,20.1,60969,66425,5.9,8,18.7,9.4,2.1,83.5,8,21,0.15,30,37,22,65540
26151,MI,Sanilac County,71.387,25.95,12.06,1,12,11.8,4,0,33.8019104,13.2,38,9.1,29.9,20.8,40462,58863,6,10.8,23.25,4.3,0.4,91.9,8,20,0.17,29,39,23,57382
26153,MI,Schoolcraft County,82.031,29.78,16.94,1,12,11.8,40,11.11111111,38.25657654,15.8,37.6,11.5,30.9,21.2,8128,56782,6.2,10,28.94,1.7,0.5,81.7,7,21,0.19,27,38,22,56019
26155,MI,Shiawassee County,67.9682,18.93,9.42,1,12,11.8,3,0,34.51247025,11.6,36.3,7.8,24.7,16.8,67991,67404,4,8,19.82,3.2,0.4,92.7,5,16,0.15,23,36,17,63988
26157,MI,Tuscola County,80.7501,29.79,12.54,1,12,11.8,8,33.33333333,32.31233597,13.4,39.4,9.2,28.5,20.3,52980,63811,6,9.2,21.93,3.8,1,91.5,5,19,0.16,26,39,21,64273
26159,MI,Van Buren County,70.558,24.27,9.72,1,12,11.8,3,-40,30.00787735,12.9,39.6,8.7,29,20.3,75795,68114,4.2,9.5,19.89,12.5,3.5,78.2,8,20,0.15,27,40,20,66174
26161,MI,Washtenaw County,44.1778,8.28,4.69,1,12,11.8,3,0,38.40453339,8.3,28.2,5.4,17.1,10.8,369822,89180,4.6,6.8,15.75,5.8,11.3,67.2,4,13,0.13,17,30,12,84704
26163,MI,Wayne County,15.6449,4.76,1.94,1,12,11.8,6,-14.28571429,38.87947464,13.1,36.7,7.3,25.2,18.4,1772259,60539,8.7,15.9,16.56,6.9,36.6,47.9,6,20,0.15,25,37,19,57418
26165,MI,Wexford County,71.909,27.61,11.42,1,12,11.8,5,-28.57142857,17.19438171,12.1,38.2,8.4,25.2,18.6,34077,61085,5.3,8.6,20.73,2.7,1.1,90.8,6,18,0.16,23,38,19,59697
27001,MN,Aitkin County,89.1161,30.86,24.76,0,7,7,6,50,18.86141014,14.1,35.3,10,23.9,16.4,16056,60833,5.8,8.3,34.39,1.5,0.6,92.5,7,16,0.13,22,36,19,59844
27003,MN,Anoka County,53.5209,8.35,4.52,1,7,7,14,16.66666667,38.28910828,9.9,36.4,5.9,20,12.1,370349,101869,4.3,4.8,15.45,5.8,8.8,74.5,5,12,0.07,19,36,12,96661
27005,MN,Becker County,81.1127,22.73,13.04,1,7,7,10,11.11111111,13.84890175,11.7,39,7.9,21.7,14.2,35343,71388,4.3,7.1,22.78,2,0.7,84.9,6,14,0.11,20,39,16,71719
27007,MN,Beltrami County,70.6377,26.19,8.52,1,7,7,4,0,16.23238754,11.5,39.9,7.5,20.7,16.5,46512,68975,4.7,10.4,17.58,2.6,0.8,70,7,17,0.13,20,41,18,65855
27009,MN,Benton County,56.4676,12.89,6.5,1,7,7,5,-28.57142857,38.66259766,9.3,37.4,5.6,20.2,14,41593,74410,3.9,6.8,14.01,3.5,5.5,86,6,13,0.1,20,37,14,74677
27011,MN,Big Stone County,68.5816,18.37,16.51,0,7,7,6,-14.28571429,19.20739174,13.5,41.9,10,27.6,16.4,5127,70400,1.8,8.6,26.88,2.7,0.3,93.6,5,16,0.11,24,43,17,62245
27013,MN,Blue Earth County,63.9562,22.86,6.59,1,7,7,3,0,39.15169144,9.3,38.9,6.1,24.7,16.7,69871,74477,4.9,7,15.25,4.8,4.8,84.4,7,18,0.11,25,42,19,67236
27015,MN,Brown County,40.1282,8.71,6.54,1,7,7,4,0,31.44690514,11.5,39,7.6,24.6,16.2,25800,69378,2.9,4.8,22.21,5.1,0.9,91.4,5,16,0.09,24,40,18,71884
27017,MN,Carlton County,68.8252,17.14,9.72,1,7,7,4,0,8.788153648,10.9,41.3,7.2,19.4,15.2,36518,80573,4.8,7.7,18.55,1.9,2.2,86.9,5,14,0.12,19,41,16,75512
27019,MN,Carver County,58.9895,5.88,4.1,1,7,7,16,0,13.42822647,8.3,33.7,5.7,17.4,11.3,110041,125946,3.1,3,14.55,5.1,1.6,85.5,3,11,0.06,17,33,11,129437
27021,MN,Cass County,85.3058,28.28,17.72,0,7,7,57,14,34.62385178,13.6,37.6,9.5,26.4,16.6,30992,68874,6.6,8.6,27.45,1.8,0.4,80.8,7,16,0.12,24,38,18,61490
27023,MN,Chippewa County,50.0643,14.57,8.82,1,7,7,3,50,13.99119568,11.7,41,8.4,23.5,13,12377,71458,4.4,9.6,21.48,10.6,0.5,82.1,7,14,0.11,21,42,14,75774
27025,MN,Chisago County,82.2127,13.63,9.28,1,7,7,5,-37.5,24.7042408,10.1,38.5,6.5,21.7,16.5,57991,99400,4.1,4.2,17.09,2.8,1.2,89.8,4,13,0.08,21,38,17,91338
27027,MN,Clay County,37.7608,7.91,4.41,1,7,7,6,0,12.53014851,8.8,33.9,5.5,20.4,13.4,66059,81172,4.1,6.4,14,5,4.6,83.5,5,14,0.11,20,35,14,72172
27029,MN,Clearwater County,82.3912,30.5,14.64,0,7,7,5,25,2.714550495,12.1,38.7,8.4,23.4,16.2,8616,64475,7.7,7.9,21.24,0.9,0.2,83.6,8,16,0.13,22,39,17,62435
27031,MN,Cook County,71.6948,20.16,15.2,0,7,7,4,-20,23.69882393,12.5,35.4,8.6,20.3,12.2,5635,72638,2.2,4.5,31.18,3.1,1.3,83.6,5,12,0.1,18,35,12,62435
27033,MN,Cottonwood County,41.5275,10.61,7.95,0,7,7,9,-25,14.3315897,12.8,38,8.4,25.6,16.5,11458,72941,2.8,9.2,22.67,11.3,1.7,80,7,17,0.11,24,39,18,63898
27035,MN,Crow Wing County,68.2139,15.66,12.65,1,7,7,3,-25,44.1004982,11.7,37.8,7.9,21.5,14.9,67686,72589,5.5,6.4,24.47,1.6,0.5,93.2,6,14,0.11,21,39,17,74540
27037,MN,Dakota County,38.4869,5.1,3.26,1,7,7,234,0.862068966,25.49419022,10.2,33.3,5.8,18.4,11.5,445771,106318,3.6,3.6,15.88,8.7,7.7,72.7,4,12,0.07,18,33,11,100012
27039,MN,Dodge County,63.0189,12.44,7.69,1,7,7,4,0,13.71372414,9.2,38,5.9,18.9,12.6,21045,95739,3.3,5.1,15.91,5.4,1.1,89.4,5,12,0.07,18,38,13,87661
27041,MN,Douglas County,78.9049,17.7,15.44,1,7,7,5,25,23.10991287,12,38,8.4,22.5,16,39575,79043,2.9,4.8,24.37,2.3,0.5,93.7,5,15,0.09,21,39,17,76508
27043,MN,Faribault County,52.5876,14.9,10.7,1,7,7,4,-33.33333333,33.54854965,12.2,37.2,8.6,22.5,14.2,13914,66815,3.4,7.1,23.74,8.1,0.6,88,7,14,0.11,20,37,14,65264
27045,MN,Fillmore County,64.9137,17.61,11.23,0,7,7,9,-18.18181818,25.36037254,12.2,37,8.8,24.8,16,21414,77512,2.7,5,22.16,2,0.5,94.3,9,15,0.09,22,37,16,69157
27047,MN,Freeborn County,74.411,22.79,14.46,1,7,7,0,0,17.4398098,13.4,40.3,9,29.2,17.2,30623,71023,4.6,6.2,23.37,10.8,1.5,81.5,8,18,0.1,27,41,18,66215
27049,MN,Goodhue County,59.0742,10.97,9.15,1,7,7,0,0,11.87412071,10.4,36.4,6.8,19.3,13.7,47943,84171,3.6,6.2,20.59,4.1,1.5,89.1,6,13,0.09,19,36,15,83979
27051,MN,Grant County,80.4451,25.05,18.48,0,7,7,8,-11.11111111,39.75845718,12.8,38.1,9,26.3,16.6,6127,73917,2.8,7.6,23.58,2.7,0.6,92.1,6,16,0.1,23,38,17,72935
27053,MN,Hennepin County,28.1302,4.16,3.34,1,7,7,3,-25,25.88676262,8.5,27.3,5.5,16.9,11.9,1269496,97653,4.5,5.4,15.6,7.8,13.3,65.2,5,13,0.09,17,27,12,93642
27055,MN,Houston County,57.2567,12.22,8.49,1,7,7,6,20,39.92807007,11.8,38.2,7.8,23.9,16.3,18653,79825,1.6,3.1,23.57,1.5,0.3,93.5,5,15,0.08,23,38,18,77043
27057,MN,Hubbard County,81.7581,21.94,16.63,1,7,7,0,0,11.37378597,12.4,39.6,8.8,22.8,15.1,21831,71995,4.4,6.7,26.84,2.6,0.5,89.7,7,14,0.11,21,40,16,72166
27059,MN,Isanti County,81.2518,15.88,9.26,1,7,7,0,0,11.62121677,10.3,39.1,6.8,21.7,16,42596,87440,4.1,5.5,17.21,2.6,0.9,90.8,6,14,0.1,21,39,16,85799
27061,MN,Itasca County,74.0662,22.61,13.44,1,7,7,0,0,41.18602371,11.7,34.4,8.2,20.4,15,45275,68603,5.9,8.1,25.77,1.5,0.8,88.4,6,14,0.12,18,35,15,65386
27063,MN,Jackson County,55.5606,13.62,10.71,1,7,7,5,25,5.037368298,11,39.8,7.5,21.4,13,9933,75743,2.4,4.9,23.39,4.9,0.5,89.8,5,13,0.1,19,40,13,72413
27065,MN,Kanabec County,80.6698,23.51,12.19,1,7,7,6,20,12.21485138,12,37.8,8.2,25,18.3,16390,71460,4.6,5.6,22.06,1.8,0.6,92.7,6,16,0.11,24,38,19,70384
27067,MN,Kandiyohi County,72.0875,20.32,11.16,1,7,7,7,0,40.05039215,11.8,36.4,7.6,22.9,14.1,44079,76592,3.6,5.4,20.67,14.7,5.1,75.4,9,15,0.1,21,37,14,69160
27069,MN,Kittson County,61.2537,16.91,11.47,0,7,7,4,-20,47.32771683,12.6,38.3,8.9,23.2,16.4,4084,76100,5,3.6,26.25,2.6,0.2,93,4,15,0.1,21,39,17,72224
27071,MN,Koochiching County,57.3223,16.58,10.77,1,7,7,0,0,35.18780899,13.4,37.1,9.5,25.1,16.8,11833,66940,4.8,5.2,28.56,1.5,0.3,89.2,6,16,0.12,23,37,18,64009
27073,MN,Lac qui Parle County,56.0325,13.34,10.4,0,7,7,6,20,60.95251083,12.7,34.5,9.3,24.6,14.5,6682,74432,2,4.2,27.58,3.4,0.3,92.6,6,15,0.1,21,35,16,67947
27075,MN,Lake County,53.8143,10.88,11.29,1,7,7,3,0,31.1127491,12.6,35,8.9,23.2,15.5,10879,75541,2.6,5.2,27.92,1.5,0.2,94.3,6,14,0.11,20,35,15,71573
27077,MN,Lake of the Woods County,74.4036,18.48,14.38,0,7,7,4,0,26.13371849,13,38.5,8.9,24.3,15.7,3821,77546,1.5,4.8,26.85,1.6,0.3,87.7,6,15,0.1,23,38,17,65778
27079,MN,Le Sueur County,53.3108,9.8,7.65,1,7,7,4,-33.33333333,7.808329105,11.6,39,7.6,26,19.2,29113,94968,4.2,3.6,18.83,6.9,0.8,89,5,17,0.09,25,39,20,78885
27081,MN,Lincoln County,67.8436,19.17,14.51,0,7,7,11,57.14285714,31.02240753,12.4,37.6,9,24.9,16,5603,69694,2.7,7.2,24.9,2.6,0.1,93.8,6,16,0.1,23,38,18,65021
27083,MN,Lyon County,61.4622,18.95,8.18,1,7,7,11,22.22222222,18.77161407,11,45.1,6.9,22.5,15.1,25503,75303,3.2,9.1,17.57,7.9,2.6,80.9,6,14,0.11,21,46,15,69161
27085,MN,McLeod County,74.1723,17.9,11.07,1,7,7,3,0,14.47918701,10.9,40.2,7.4,24.2,14.5,36798,80084,3.3,7.1,20.09,7.6,0.6,88.2,5,14,0.09,23,40,15,75691
27087,MN,Mahnomen County,73.0707,33.25,10.28,0,7,7,3,50,44.9056778,15.6,43.6,9.8,30.5,24.4,5358,59441,9.8,14.9,17.86,4.1,0.1,44.4,8,25,0.16,30,44,26,54177
27089,MN,Marshall County,83.4753,21.04,15.32,0,7,7,8,0,29.5118103,11.7,41.8,8.1,24.6,16.1,8909,72543,3.5,4.3,23.02,4.8,0.4,91,6,15,0.09,23,42,18,69843
27091,MN,Martin County,66.3508,15.62,14.14,1,7,7,0,0,25.99043655,12.3,37.6,8.7,24,14.6,19780,59507,4.2,8.6,24.6,7.2,0.9,88.2,5,15,0.12,22,38,15,59843
27093,MN,Meeker County,82.7866,19.82,12.97,1,7,7,24,-7.692307692,20.02523994,11.1,40.6,7.5,21.4,14.3,23468,75446,3.2,5.7,21.02,4.4,0.3,92.2,6,14,0.09,21,41,16,75351
27095,MN,Mille Lacs County,66.7405,20.5,9.23,1,7,7,11,-15.38461538,23.424263,12.1,43,7.8,25.4,19.4,27125,72729,4,6.6,18.57,2.3,0.4,88,7,17,0.12,24,43,20,70512
27097,MN,Morrison County,78.9096,21.09,11.75,1,7,7,0,0,18.18004036,11.4,39.9,8.1,23.2,15.8,34249,69446,4,7.6,21.27,1.9,0.5,94.3,6,14,0.11,21,40,16,68639
27099,MN,Mower County,43.6032,11.53,7.59,1,7,7,4,0,12.01953411,12.2,40.3,8,25.5,16.4,40343,73074,3.9,6.9,18.6,13.6,3.4,72.5,9,17,0.1,24,41,17,66578
27101,MN,Murray County,59.5557,13.93,11.53,0,7,7,4,33.33333333,30.77983284,13.4,40.1,9.7,26.7,17,8097,74033,2.7,6,26.58,5.2,0.7,89.1,7,16,0.09,24,41,18,74801
27103,MN,Nicollet County,66.9045,13.12,8.3,1,7,7,5,-28.57142857,33.37074661,9.8,35.5,6.3,22.4,14.4,34411,79756,2.2,3.3,17.56,5.4,4.5,85.5,5,14,0.1,22,37,15,74482
27105,MN,Nobles County,53.2155,15.68,9.99,1,7,7,0,0,12.44611835,13.1,40.1,8,28.9,17.3,22041,66101,3.2,9,17.19,34.5,4.6,52.2,10,20,0.11,28,41,18,63576
27107,MN,Norman County,62.1678,17.82,12.02,0,7,7,122,19.60784314,20.80873489,11.4,37.1,7.8,22.8,14.9,6367,72260,5.3,6.9,21.66,5.5,0.5,86.8,6,15,0.1,22,38,17,62716
27109,MN,Olmsted County,40.9853,5.22,4.43,1,7,7,0,0,99.19235992,9.8,35.3,5.9,18.7,12.4,164498,95406,3.6,4.7,16.65,6,7.5,75.3,4,12,0.08,18,35,13,89431
27111,MN,Otter Tail County,70.8906,17.75,14.53,1,7,7,7,40,38.86283875,13.9,37.6,9.7,29.1,18.3,60475,72255,4.8,5.1,25.42,4,1.1,90.5,6,17,0.1,27,38,20,69107
27113,MN,Pennington County,42.7369,9.89,5.18,1,7,7,5,-28.57142857,31.77104568,10.8,30.6,7.1,20,14.7,13791,77325,2.9,6.7,19.32,4.9,0.6,87.8,4,13,0.11,19,31,15,73104
27115,MN,Pine County,78.9902,25.64,12.3,1,7,7,8,-11.11111111,18.37875175,12.7,39.4,8.4,24.1,16.7,29640,71146,5.6,6.8,22.48,2.8,2.3,87.2,6,15,0.12,22,39,17,69619
27117,MN,Pipestone County,57.3016,15.91,11.53,1,7,7,0,0,21.11553383,12.1,39,8.5,25.3,16.5,9284,69628,3.2,9.8,20.55,8.6,1.2,84.1,7,15,0.11,23,40,17,69117
27119,MN,Polk County,56.7892,13.6,9.43,1,7,7,5,0,37.81650925,11.3,38.5,7.3,21.8,14.6,30705,73107,3.6,6.3,19.09,6.9,2,84,5,14,0.11,21,39,15,68136
27121,MN,Pope County,64.6152,15.08,12.2,0,7,7,34,6.25,27.28700066,12.1,37.9,8.5,22.8,16.3,11418,76220,1.3,5.6,25.5,2.1,0.6,93.7,5,15,0.1,21,38,17,64480
27123,MN,Ramsey County,20.8087,5.21,3.03,1,7,7,22,69.23076923,29.08177948,10.5,32.3,6.1,23.2,15.4,542945,81568,4.9,8.3,15.77,8.4,12.1,57.9,6,17,0.11,23,33,16,77764
27125,MN,Red Lake County,100,26.45,17.14,0,7,7,11,57.14285714,16.30261803,12.8,37.1,9,24.9,16.3,3915,77188,1.1,3.3,22.78,3.6,0.5,90.9,4,16,0.1,22,37,16,70019
27127,MN,Redwood County,66.6576,20.64,12.33,1,7,7,3,0,3.27188921,11.6,38.3,7.9,22.7,15.1,15350,67866,2.6,10,22.29,4.2,0.6,85.1,6,15,0.1,22,39,16,71012
27129,MN,Renville County,75.7638,20.61,14.22,0,7,7,36,16.12903226,25.29802132,12.6,38.1,8.6,25,17.5,14558,70625,2.5,7.3,22.18,10.2,0.9,84.9,7,17,0.1,23,38,18,70098
27131,MN,Rice County,50.8838,12.06,6.32,1,7,7,7,-12.5,30.88448715,9.9,33.9,6.2,20.9,13.8,67917,83181,4.6,7.3,16.64,10.5,6.7,77.2,6,14,0.09,21,35,15,81824
27133,MN,Rock County,58.9178,13.49,10.09,1,7,7,3,0,13.02660751,11.4,37.8,7.9,23.8,16.3,9621,71295,2.6,5.4,20.43,4,0.1,91.4,5,15,0.09,22,38,17,71923
27135,MN,Roseau County,71.9805,19.11,9.95,1,7,7,3,0,25.81141663,11.2,33.7,7.6,22.3,14.7,15302,74474,3.7,10.1,19.15,2,0.8,88.4,6,13,0.1,20,33,14,74057
27137,MN,St. Louis County,54.0424,14.92,8.71,1,7,7,7,0,32.36234283,11,35.9,7.3,21.3,15.9,200123,70069,4.6,6.6,21.36,1.9,1.6,89.5,5,15,0.12,21,37,17,67311
27139,MN,Scott County,49.895,6.25,4.13,1,7,7,0,0,15.48036194,9.1,34.1,5.3,20.2,14.3,154557,119314,3.5,2.8,12.69,6.4,6.1,75.6,4,14,0.06,20,34,14,111370
27141,MN,Sherburne County,73.2526,12.15,5.64,1,7,7,3,0,10.49858952,9.1,38.2,5.5,20.9,15,100560,105466,3,3.1,12.33,3.4,4,85.8,5,13,0.07,21,38,15,101487
27143,MN,Sibley County,60.5017,12.75,8.87,0,7,7,4,-20,7.358362198,11.4,40.6,7.5,24,16.1,15005,77634,3.8,4.8,19.47,9.3,1.2,87,6,15,0.1,22,41,17,76019
27145,MN,Stearns County,53.7146,12.36,6.14,1,7,7,0,0,40.59436035,10.4,37,6.7,20.8,14.7,160865,77066,4.1,7.6,16.08,4.8,9,80.2,6,16,0.1,20,38,15,75116
27147,MN,Steele County,52.3233,10.19,6.33,1,7,7,31,19.23076923,45.84732056,11,37,7.3,20.7,12.9,37439,84196,3.4,5.3,19.2,8.9,3.3,83.5,5,13,0.09,19,37,13,78500
27149,MN,Stevens County,54.0494,14.41,10.12,0,7,7,0,0,3.342154503,9.7,35.1,6.6,21.9,13.6,9739,75733,2,5.1,16.84,11.8,1,81,6,15,0.1,22,38,16,74512
27151,MN,Swift County,51.4601,13.06,8.45,1,7,7,0,0,29.12862968,12.4,38.9,8.7,23.4,14.8,9748,60412,4.4,7.7,23.47,7.2,0.7,86,7,16,0.11,22,40,16,69245
27153,MN,Todd County,78.4667,24.9,13.77,1,7,7,5,25,12.14221954,13,40.3,9.3,25.6,16.2,25575,67662,4.1,8.6,22.64,9.8,0.5,84.2,9,17,0.11,24,41,17,60951
27155,MN,Traverse County,42.0344,10.24,8.49,0,7,7,13,8.333333333,25.88977432,12.6,37.8,8.9,25.3,14.8,3243,62989,4.5,7.5,25.44,6.1,0.6,84.2,5,15,0.1,23,38,16,67634
27157,MN,Wabasha County,58.7723,10.47,8.47,1,7,7,3,0,32.3343277,10.9,33.1,7.5,20.1,12.7,21565,82007,2.2,4.1,23.34,3.4,0.4,93.3,5,13,0.09,19,33,13,81349
27159,MN,Wadena County,57.9559,20.84,10.3,0,7,7,4,-20,28.26030731,12.4,42.6,8.3,25.1,17.7,14256,61467,5.5,9.3,20.21,2.4,1.7,86.1,6,17,0.12,24,43,19,55449
27161,MN,Waseca County,70.6013,17.87,10.15,1,7,7,7,0,18.86888695,10.4,40.9,7,22.2,15.3,18885,76261,2.5,4.3,19.14,7.3,1,87.2,6,14,0.09,21,41,16,70833
27163,MN,Washington County,59.0301,7.25,5.88,1,7,7,0,0,13.94737244,8.3,31.1,5.2,15,8.8,276238,115345,3.4,3.5,16.64,5.3,5.5,77.2,3,9,0.07,15,31,9,111118
27165,MN,Watonwan County,38.7221,9.21,7.93,1,7,7,0,0,27.09092903,12.7,38.5,8,27.2,15.9,11205,71699,5.3,9.7,20.21,30.4,0,67.7,9,18,0.11,26,39,17,64868
27167,MN,Wilkin County,51.7792,9.31,9.07,1,7,7,0,0,35.73750305,11.8,41.3,7.8,24,17.3,6371,71410,4.8,7.8,19.95,4,0.4,90.4,5,15,0.11,23,41,18,75073
27169,MN,Winona County,47.7807,10.82,6.29,1,7,7,4,-42.85714286,50.92106628,9.4,32.2,6.4,20.5,13.7,49779,70744,2.3,5.4,18.73,3.9,1.9,88.9,6,15,0.1,21,35,16,71907
27171,MN,Wright County,63.1267,8.57,5.62,1,7,7,5,0,3.123580694,9.6,38,5.8,19.3,14.5,148269,107209,2.7,3.9,13.75,3.6,2.3,88,4,13,0.07,18,37,14,104303
27173,MN,Yellow Medicine County,62.9324,16.14,10.62,0,7,7,0,0,56.14039612,12,39.3,8.2,24.1,16.2,9451,74000,3.5,5.1,21.53,5.5,0.8,87,6,15,0.1,23,40,17,69009
28001,MS,Adams County,66.6009,35.28,9.65,1,15,15.3,4,33.33333333,9.381425858,20,43.6,10.4,35.7,19,28803,43644,6.4,20.3,22.01,3.5,56,37.1,14,27,0.2,33,44,19,44385
28003,MS,Alcorn County,76.4739,32.16,11.69,1,15,15.3,0,0,12.91553879,14.8,42.4,9.2,33.8,18.2,34289,51260,4.6,10.8,18.97,3.8,10.2,79.7,13,22,0.21,32,42,19,48556
28005,MS,Amite County,85.0033,41.16,14.96,0,15,15.3,0,0,12.87959862,20.5,44.6,11.8,39.2,22.2,12565,37222,5.8,22.7,26.28,0.1,40.1,58.6,14,27,0.22,36,45,23,46108
28007,MS,Attala County,74.8541,38.35,12.52,1,15,15.3,3,0,13.5469656,17.7,44.2,9.3,36.6,19.8,17526,51639,5.4,13.9,19.47,2.2,44.2,51.8,12,25,0.19,35,44,21,52128
28009,MS,Benton County,92.9095,39.36,13.65,0,15,15.3,0,0,20.43335724,17,43.9,9.3,33.9,18.4,7589,46016,3.1,14.2,20.99,2.4,34.5,60.4,15,23,0.19,31,44,18,47969
28011,MS,Bolivar County,74.6414,43.6,8.7,1,15,15.3,7,0,22.26428604,17.6,45.2,8.3,33.1,16.3,29534,39585,7.1,26.9,17.12,2.7,63.2,31,12,25,0.21,32,46,17,39920
28013,MS,Calhoun County,69.0859,30.79,11.41,0,15,15.3,3,-40,28.50428391,17.5,41.7,10.3,38,22.1,12922,43125,4.7,15.3,20.8,6.3,26.4,63.7,16,28,0.2,36,42,23,46966
28015,MS,Carroll County,100,36.48,17.15,0,15,15.3,4,0,0,19.1,41.7,11.7,38.5,22.4,9686,59327,1.6,10,24.99,0,34.4,62.5,15,29,0.2,36,42,24,55290
28017,MS,Chickasaw County,65.732,33.01,8.83,1,15,15.3,19,-5,48.6722641,17.7,46.9,9.6,38.8,21.3,16915,43586,4.9,19.4,18.64,1.1,47.7,49.4,16,28,0.21,37,47,22,44599
28019,MS,Choctaw County,82.2032,34.34,13.81,0,15,15.3,11,-8.333333333,21.67761612,16.5,41.3,9.7,33.5,18.4,8118,50919,9.8,15.1,23.2,1.9,27.8,67,11,22,0.2,31,42,19,50545
28021,MS,Claiborne County,76.4244,48.12,8.94,0,15,15.3,0,0,32.38736343,19.6,49.2,8.9,37.4,18.4,8582,31897,6.9,30.1,19.44,0.3,85.9,11,12,28,0.19,36,51,19,28579
28023,MS,Clarke County,83.3913,34.41,13.01,0,15,15.3,0,0,10.61209106,17.2,44.4,9.8,33.8,18.3,15314,46108,7,14.7,22.31,1.1,31.2,62.7,12,23,0.2,32,45,19,47811
28025,MS,Clay County,62.4834,29.53,9.05,1,15,15.3,4,33.33333333,5.431140423,18.8,42,9.2,36.6,20.5,18383,43125,7.2,18.8,19.77,0.2,60.2,36.8,13,28,0.16,36,43,21,52673
28027,MS,Coahoma County,42.6303,25.87,5.67,1,15,15.3,0,0,15.36354256,21.7,47.8,10,42.5,23.2,20540,37461,9.9,30.5,16.48,3.1,74.4,18.9,14,33,0.22,42,48,24,35552
28029,MS,Copiah County,76.9141,34.16,10.12,1,15,15.3,3,0,43.4798584,17.6,45.8,8.9,34.8,17.8,27855,49089,5.8,14.7,19.08,4.6,50.5,43.1,12,24,0.18,33,46,18,47870
28031,MS,Covington County,83.4008,37.65,12.02,0,15,15.3,18,-10,33.68162918,16,41.3,8.9,33.9,19.5,18148,45051,3.5,20.4,17.63,2.6,34.8,59.4,14,24,0.19,32,41,20,48382
28033,MS,DeSoto County,64.9177,14.97,6.61,1,15,15.3,24,-11.11111111,34.89126205,12.2,40,6.3,28.3,14.9,191301,85297,3.2,7.9,13.45,5.8,32.6,56.4,10,19,0.13,28,40,15,81956
28035,MS,Forrest County,49.8849,20.37,5.64,1,15,15.3,3,-40,25.30367279,13.1,41.7,6.8,29.4,15.1,78272,53640,6.7,15.6,13.74,4.4,35.5,55.8,13,22,0.2,30,44,17,51328
28037,MS,Franklin County,86.182,39.07,14.31,0,15,15.3,0,0,18.45992088,17.4,41.7,9.8,34.8,19.4,7622,52939,4,26,21.53,1.1,35,62.4,13,25,0.22,34,42,21,48075
28039,MS,George County,85.8566,34.55,10.38,1,15,15.3,0,0,25.83356094,13.6,40.8,8.4,30.9,18.5,25170,59758,7.5,13.8,14.88,3.1,7.2,85.1,14,22,0.22,30,40,18,63349
28041,MS,Greene County,89.0118,30.48,9.17,0,15,15.3,5,-16.66666667,12.8355751,13.8,42.6,7.8,31.9,20.1,13615,54276,11.9,11.4,15.14,1.5,23.8,70.9,11,22,0.21,31,43,20,54057
28043,MS,Grenada County,56.3253,22.51,8.04,1,15,15.3,16,0,32.37093735,17.4,45.1,9.2,37.8,21.3,21217,48804,4.9,17.2,18.8,0.5,44.7,50.3,12,28,0.19,37,45,22,49210
28045,MS,Hancock County,74.0876,26.15,10.53,1,15,15.3,0,0,12.3099947,14.7,36.2,9.6,32.9,18.9,46167,67708,5,10.4,22.56,4.2,7.1,83.4,11,22,0.18,31,36,20,61126
28047,MS,Harrison County,58.7913,23.66,6.67,1,15,15.3,0,0,9.966205597,13.9,34.4,7.8,29.1,17.8,210891,59479,7.1,13.4,16.62,6.9,23.3,60.8,13,21,0.19,28,35,18,56692
28049,MS,Hinds County,46.4696,18.12,5.51,1,15,15.3,0,0,16.55020523,17.5,46.3,7.6,36.4,19.9,218533,49402,7.5,16.9,16.34,2.1,71.7,22.9,13,27,0.16,36,47,21,50965
28051,MS,Holmes County,75.8001,54.31,9.57,0,15,15.3,8,-11.11111111,15.1901865,21.7,52.2,9.5,42.8,23.3,16191,32538,9.5,33.3,16.77,0.4,81,14.6,12,34,0.25,42,53,24,30542
28053,MS,Humphreys County,56.8253,37.04,8.22,1,15,15.3,0,0,37.00979233,23.7,50.6,11.1,45.6,24.8,7395,33731,12.5,21.1,18.9,0.4,78.2,20.2,14,36,0.23,44,51,26,31538
28055,MS,Issaquena County,100,60.97,14.44,0,15,15.3,3,-25,37.48615646,15.7,44.4,7.8,36.4,21.6,928,31429,5.1,2.6,24.46,1.7,62.2,33.9,18,30,0.23,38,46,24,36986
28057,MS,Itawamba County,87.4133,39.2,12.62,1,15,15.3,7,0,38.03940201,12.8,37,8.3,29.7,18.5,24036,55546,5.1,10.6,17.47,1.9,5.2,88.2,13,22,0.16,29,38,20,56977
28059,MS,Jackson County,63.9043,22,7.31,1,15,15.3,6,-25,32.06827164,13.2,38.4,7.4,27.2,16.6,145249,66201,6.7,10.8,17.26,7.6,18.9,66.1,12,19,0.19,27,38,17,66751
28061,MS,Jasper County,92.5414,41.97,14.7,0,15,15.3,3,-25,20.39363098,18.3,43.6,9.6,34.8,18.4,16059,48660,6.2,12,21.41,0.8,52,44.5,12,25,0.17,33,44,20,46577
28063,MS,Jefferson County,76.2467,50.63,10.15,0,15,15.3,0,0,20.40594101,22.1,51.7,9.6,39.6,20.9,7068,38305,1.8,33.3,20.19,2,82.9,13.1,14,31,0.23,38,52,22,37617
28065,MS,Jefferson Davis County,90.1836,51.7,14.29,0,15,15.3,19,18.75,19.89297485,20.2,43.3,10.3,37.6,19.3,11117,38548,9.6,21.4,24.57,0.7,59.5,37.8,13,26,0.18,35,44,20,39794
28067,MS,Jones County,71.9474,30.09,10.42,1,15,15.3,7,-22.22222222,29.1156044,14.9,43,8.3,30.6,16.1,66472,52216,4,12.3,17.83,6.3,28.2,62.9,14,21,0.19,29,43,16,50310
28069,MS,Kemper County,99.5275,61.31,15.57,0,15,15.3,0,0,17.6719532,17.5,45.4,8.9,35,17.4,8729,46431,10.8,20.8,22.06,1.2,59.4,33.2,13,24,0.19,33,47,19,42461
28071,MS,Lafayette County,82.0294,34.24,9.06,1,15,15.3,7,0,32.13298035,10.9,37.6,6.4,26,14,58327,67185,2.1,10.9,13.68,3.7,22.6,68.5,12,19,0.16,26,40,15,72838
28073,MS,Lamar County,71.5376,23.14,7.55,1,15,15.3,17,6.25,23.96027184,12.5,39.6,7.1,27.7,16.7,65713,70909,4.8,9.9,15.31,3.7,21.7,70.6,12,19,0.17,27,40,17,63079
28075,MS,Lauderdale County,76.3236,32.9,10.94,1,15,15.3,3,-25,14.50341892,16.5,38.8,8.7,33.1,19.2,71504,50817,5.8,18.5,18.66,2.5,40.8,50.3,13,25,0.2,32,39,21,51437
28077,MS,Lawrence County,85.2453,33.85,12.52,0,15,15.3,0,0,22.5421257,17.9,43.4,10.2,37.4,22.2,11786,43531,9.2,15,19.56,2.1,31.7,63.5,13,27,0.21,36,43,23,49431
28079,MS,Leake County,82.3319,43.03,10.84,1,15,15.3,4,-33.33333333,8.644698143,18.1,45.2,9.8,36.1,21.6,21319,50728,6.2,14.8,18.16,6.6,38.9,46.1,15,27,0.2,34,45,21,47849
28081,MS,Lee County,66.4687,23.37,8.39,1,15,15.3,0,0,21.39158821,14.1,40.7,7.7,33.4,17.9,83034,67863,5.1,10.5,15.81,3.5,29.9,62.5,11,22,0.16,33,41,18,64744
28083,MS,Leflore County,59.796,40.13,5.89,1,15,15.3,3,0,4.501872063,20.6,45.3,9.1,43.2,24.6,27141,35277,11.6,27.7,15.12,3.2,74.3,20.9,13,35,0.21,43,46,25,33945
28085,MS,Lincoln County,73.2078,29.72,9.82,1,15,15.3,3,-25,16.01335716,16,43.1,8.6,34,20.4,34877,51119,3.2,17.1,17.78,1.3,30,67,13,23,0.19,33,43,21,52040
28087,MS,Lowndes County,70.7214,28.85,8.29,1,15,15.3,0,0,16.0714817,15.5,43.6,7.6,33.2,17.4,57838,53812,6.3,14.8,17.34,2.3,43.6,49,12,21,0.17,32,44,18,53883
28089,MS,Madison County,56.9691,10.89,5.9,1,15,15.3,5,0,33.64514923,12,37.3,6,25.1,13.3,111647,83441,3.7,7.9,15.26,3.9,37.1,53.9,9,16,0.13,25,37,14,82057
28091,MS,Marion County,91.1126,51.16,13.13,1,15,15.3,3,0,21.30083656,16.8,43.9,9.4,34.1,21.6,24193,45110,7.5,15.6,18.84,1.9,31.2,63.4,14,26,0.2,33,44,23,47020
28093,MS,Marshall County,85.3951,34.9,11.08,1,15,15.3,6,-25,11.36539459,17.2,44.1,9,35.6,19.7,33979,53458,4.4,18.1,19.04,5.1,42.8,47.1,12,26,0.18,35,44,21,52334
28095,MS,Monroe County,70.4375,29.84,10.25,1,15,15.3,0,0,21.77108002,16.6,40.8,9.4,33.4,19.7,33747,51866,6.3,13.2,20.43,1.6,29.7,66.3,12,24,0.17,31,41,20,50639
28097,MS,Montgomery County,58.1842,26.6,9.89,1,15,15.3,7,0,10.47554874,20.8,45.4,11.7,40.8,21.7,9602,41748,4.7,18.1,22.53,0.2,44.6,51.9,15,30,0.2,38,46,22,46424
28099,MS,Neshoba County,75.506,35.12,9.57,1,15,15.3,7,0,16.29561424,16.7,42,9.6,37.7,23.3,28932,57013,7.5,20.1,16.91,0.8,21.2,57.4,13,28,0.22,37,42,24,49446
28101,MS,Newton County,81.5966,37.93,12.18,1,15,15.3,5,-28.57142857,5.989842415,16.1,43.5,8.9,35.4,20.7,21093,50540,4.7,18.2,17.25,1.9,31.6,59.7,12,26,0.2,35,44,22,49338
28103,MS,Noxubee County,63.5437,29.7,9.03,1,15,15.3,0,0,90.0791626,19.5,46.5,9.3,38.4,21,10025,33833,8.6,29.3,18.18,0.4,73.6,25.5,16,29,0.19,37,47,21,37567
28105,MS,Oktibbeha County,66.1374,33.01,6.59,1,15,15.3,12,-7.692307692,28.41582108,11.1,36,5.6,28,14.2,51771,46695,5.8,13.2,12.21,2.4,35.4,54.7,11,23,0.18,32,41,19,47584
28107,MS,Panola County,86.5243,42.47,10.65,1,15,15.3,7,-12.5,31.35785866,18.3,46,9.4,38.2,20.7,32808,45945,6.6,17.8,17.45,2.1,48.2,46.5,13,28,0.18,37,46,21,46097
28109,MS,Pearl River County,77.5625,25.87,11.26,1,15,15.3,0,0,6.483279705,13.8,39.9,8.7,30.5,17.4,57458,58135,6.1,13.7,19.57,4.3,12,79.1,14,21,0.19,29,40,18,54266
28111,MS,Perry County,94.7303,42.82,13.37,0,15,15.3,0,0,12.42699051,17,41.9,10.4,37.9,23.4,11449,49634,2,16.6,19.51,1.9,15.4,77.3,14,27,0.23,35,42,23,46201
28113,MS,Pike County,60.6919,30.19,8.12,1,15,15.3,0,0,13.51381969,18.3,45.3,9.3,36.9,21.7,39602,43814,5.8,23.2,17.93,1.7,53.6,41.4,14,29,0.22,36,46,23,41815
28115,MS,Pontotoc County,90.1154,37.93,11.22,1,15,15.3,0,0,25.71004677,13.1,43.2,7.6,29.1,17.2,31550,51484,3.1,11.5,15.51,7.1,14.7,74,14,21,0.19,29,43,18,51490
28117,MS,Prentiss County,70.8893,33.47,11.03,1,15,15.3,3,-40,36.2136879,13.3,39.5,8,32,18.4,25184,49724,3.5,14,17.46,1.5,12.8,79.5,13,23,0.19,32,40,20,50292
28119,MS,Quitman County,100,67.64,14.06,1,15,15.3,0,0,51.21316147,21.6,50.3,9.9,40.9,22.9,5774,32412,12.4,25.4,18.38,0.3,73.5,24.4,13,32,0.21,40,50,23,35150
28121,MS,Rankin County,67.288,19.54,7.5,1,15,15.3,0,0,29.56866837,12,36.3,7,27.5,16,158854,79357,4.4,6.1,16.75,3.3,20.9,71,10,19,0.14,27,36,16,70794
28123,MS,Scott County,70.6417,37.37,8.71,1,15,15.3,6,50,4.542567253,18.3,45.9,9.6,38.4,21,27718,48786,5.5,16.7,15.86,15.5,33.8,45.8,16,28,0.19,37,46,21,48112
28125,MS,Sharkey County,55.7399,36.3,7.46,0,15,15.3,10,25,0,24.1,49.6,11.6,45.5,23.8,3872,40000,9.1,25.7,18.29,0.4,75.7,23.3,12,35,0.21,43,50,25,37098
28127,MS,Simpson County,79.5428,38.15,11.02,1,15,15.3,3,0,15.48108482,16,41.6,9.1,33.6,19.9,25691,56381,4.4,15.8,19.14,1.7,35.6,60.8,15,24,0.18,32,42,20,53352
28129,MS,Smith County,89.4879,36.26,13.03,0,15,15.3,3,-25,11.50175571,16.6,41.7,9.8,36.5,21,14132,60916,4.4,14,20.92,1.7,23,73.3,14,25,0.18,35,42,22,53814
28131,MS,Stone County,86.8682,39.81,10.01,1,15,15.3,3,-25,23.00148964,14.8,41.1,8.9,33.4,19.8,18894,61413,9.3,14.5,17.39,2.6,17.1,75.2,16,23,0.21,32,41,20,56686
28133,MS,Sunflower County,67.1957,41.91,5.93,1,15,15.3,3,-40,17.24686813,18.3,47.3,8.2,39.4,22.5,24333,39956,11.2,21.6,15.39,2.8,72.7,22.9,13,30,0.2,39,48,23,43980
28135,MS,Tallahatchie County,81.9653,48.77,9.22,1,15,15.3,5,-54.54545455,29.07113457,17.8,44.8,9,38.4,22.3,11764,37466,10.2,20,18.15,0.8,60.8,36.6,14,29,0.19,38,45,23,42319
28137,MS,Tate County,86.2925,34.43,11.05,1,15,15.3,3,-25,17.91372108,14.3,39.9,7.7,30.6,18,28321,69704,4.7,14.5,16.75,3.2,29.2,64,14,23,0.17,31,40,20,62784
28139,MS,Tippah County,79.8658,34.35,11.24,1,15,15.3,3,0,10.53709602,14.3,41.7,8.6,34.4,20.1,21523,52542,5.5,14.1,17.36,5.3,14,75.9,15,24,0.2,34,42,21,53452
28141,MS,Tishomingo County,73.1722,35.04,12.54,0,15,15.3,3,-25,11.75255871,14.5,39.9,9.3,32,18.7,18660,53040,3.2,12.2,21.16,3.2,1.2,90.4,15,21,0.21,30,40,19,47264
28143,MS,Tunica County,62.48,33.31,5.33,1,15,15.3,3,0,18.73144341,19.8,50.2,8.7,42.3,24,9475,39364,13.3,23.2,14.69,1.8,79.9,18.2,12,34,0.19,42,50,24,39659
28145,MS,Union County,80.9826,35.05,11.14,1,15,15.3,3,0,22.17863083,13.6,40.1,8.4,29.9,16.6,28122,55505,4.4,11.9,16.58,4.9,13.6,76.5,15,21,0.17,28,40,16,55304
28147,MS,Walthall County,89.4634,46.7,12.98,0,15,15.3,4,-33.33333333,31.05688095,17.5,41.3,9.3,33.8,20.1,13839,48905,6.6,13.4,21.96,2,41.9,52.9,17,25,0.19,33,41,21,48909
28149,MS,Warren County,64.2836,25.12,7.74,1,15,15.3,3,0,27.28122902,15.7,41.8,8,31.4,17.2,43020,59401,4.8,14.4,18.96,2.1,48.6,46.4,11,22,0.17,31,42,18,55783
28151,MS,Washington County,48.2179,27.91,5.8,1,15,15.3,0,0,15.75180054,19,44.5,8.8,35.4,18.7,42765,42165,6.3,21.7,17.82,1.6,71.4,23.9,13,27,0.22,34,45,19,39081
28153,MS,Wayne County,77.0842,33.23,10.51,1,15,15.3,0,0,5.091878414,16.1,45,8.7,34.3,19.4,19718,37619,7,15.8,18.01,2.2,37.9,56.5,15,25,0.19,34,46,21,45573
28155,MS,Webster County,72.3726,26.42,11.04,0,15,15.3,0,0,22.64168549,14.4,40,8.5,31.4,19,9972,58789,6.6,11.9,18.15,1.9,18.7,77.9,13,22,0.19,30,40,19,54929
28157,MS,Wilkinson County,72.7784,42.64,9.11,0,15,15.3,9,-30.76923077,19.71137428,20,49.1,9.3,39.1,22.5,8162,35311,13.4,24.9,19.66,0.8,67.2,28.1,13,29,0.19,38,49,23,36240
28159,MS,Winston County,78.3969,37.73,13.03,1,15,15.3,0,0,56.45072174,17.7,44.5,9.5,34.8,20,17536,53031,6.7,21,21.68,0.6,47.1,49.4,13,27,0.21,34,45,22,48990
28161,MS,Yalobusha County,75.8415,30.01,12.64,1,15,15.3,3,-40,18.57286453,18.1,42.9,9.8,36.4,20.7,12419,49151,5.9,13.5,21.93,1.7,37,57.2,12,26,0.19,34,43,22,50790
28163,MS,Yazoo County,75.0797,43.34,7.87,1,15,15.3,3,0,9.443569183,17.1,45.6,8.1,38.3,23.6,24835,39295,9.7,22.2,15.22,5.4,57.1,35.9,14,30,0.22,38,45,24,42434
29001,MO,Adair County,50.9058,19.9,7.48,1,12,11.5,0,0,28.403965,10.2,36.7,7.2,24.7,15.5,25301,61536,4.1,10,15.39,3,4.4,87.1,12,21,0.16,28,42,21,56954
29003,MO,Andrew County,63.57,17.25,8.98,1,12,11.5,33,3.125,34.40192795,11.8,42.3,8.1,26.5,18.2,18065,75625,3.6,4.2,21.05,2.6,1.3,92.4,8,17,0.12,25,42,19,75926
29005,MO,Atchison County,49.6331,15.71,10.29,0,12,11.5,17,70,32.59446716,13.7,39.1,10,29.3,19.4,5187,58750,2.3,8.3,25.2,2.1,0.2,92.6,11,19,0.15,27,39,21,56797
29007,MO,Audrain County,55.079,20.36,8.57,1,12,11.5,8,14.28571429,18.87792206,13.6,40.2,8.9,33.8,25.6,24548,59448,4.3,9.9,19.04,3.2,4.4,87.2,12,24,0.17,33,40,26,55957
29009,MO,Barry County,76.6032,34.16,13.93,1,12,11.5,4,0,18.66625595,13.7,38.2,9.4,31.4,20.2,35033,58346,4.6,10.2,21.98,10.2,0.2,80.2,13,22,0.17,30,38,21,53303
29011,MO,Barton County,95.8331,40.96,16.36,1,12,11.5,4,0,19.62960243,15,42.3,10.4,33.4,24.4,11690,51635,3.3,16.8,21.39,3.1,0.2,89.9,12,24,0.2,31,43,25,50185
29013,MO,Bates County,69.911,24.11,12.1,1,12,11.5,7,-22.22222222,20.47204208,12.8,38.2,8.7,28.5,19.9,16186,60733,5.9,11.1,19.34,2.6,2.1,91.7,12,19,0.18,27,38,21,56178
29015,MO,Benton County,80.6177,33.78,20.83,0,12,11.5,11,10,30.78977776,16,38.2,11.6,32.1,21,20151,52567,3.8,14.4,31.37,2,1,91.6,13,22,0.18,28,38,23,50946
29017,MO,Bollinger County,87.716,36.58,14.19,0,12,11.5,0,0,25.93873024,14.1,41.4,9.9,31,24.1,10559,63814,3.5,8.3,21.14,1.7,0.8,93.7,12,24,0.17,30,41,26,53134
29019,MO,Boone County,47.4294,12.99,4.47,1,12,11.5,4,0,51.03587341,8.8,30.7,5.3,19.4,12.8,188043,72758,3.8,7.7,13.48,4.5,9.5,75.8,8,15,0.14,21,33,15,70153
29021,MO,Buchanan County,45.9577,15.4,6.13,1,12,11.5,10,0,32.60105896,12.6,39.9,7.9,26.9,19.6,83568,62158,4.2,10.3,17.44,7.6,5.6,79.7,10,20,0.17,26,40,20,60575
29023,MO,Butler County,63.5359,27.57,10.55,1,12,11.5,3,0,21.24638748,13.6,41.1,9.4,32.2,22.5,42020,49089,4.8,12.9,19.48,2.5,4.7,85.9,12,23,0.2,31,41,23,48059
29025,MO,Caldwell County,73.5149,27.01,11.66,0,12,11.5,3,0,9.033442497,13.6,40.2,9.2,29.9,21,8927,64806,2.9,6.3,20.25,2.3,1.2,92,11,20,0.16,27,40,21,62916
29027,MO,Callaway County,78.1443,20.73,8.92,1,12,11.5,13,18.18181818,21.54270744,12.1,41.5,7.8,27.8,20.9,44741,74176,5.1,8.2,17.92,2.5,3.7,88,8,20,0.13,28,42,22,64214
29029,MO,Camden County,83.743,26.1,18.82,1,12,11.5,0,0,12.73877239,14.4,34.2,10.2,27.4,19.1,43667,66387,4.3,8.5,29.68,3.5,0.9,92.1,11,19,0.16,25,34,21,63903
29031,MO,Cape Girardeau County,58.214,16.5,8.07,1,12,11.5,28,-9.677419355,31.07230568,11.3,38.9,7.4,26.9,19.8,82735,68464,2.3,6.3,17.85,2.9,7.4,83.6,9,19,0.14,27,41,22,67445
29033,MO,Carroll County,57.9739,17.35,10.85,1,12,11.5,0,0,11.68720245,13.1,38.5,9.4,29.2,20.2,8411,62154,4.3,9.5,22.34,2.2,1.5,93.3,9,19,0.14,27,39,21,56690
29035,MO,Carter County,99.7917,44.29,16.56,0,12,11.5,9,-18.18181818,31.22801018,14.4,40.1,10,32.3,22.7,5297,50000,3.8,11.9,20.62,2.3,0.4,92.6,12,23,0.21,30,40,23,43801
29037,MO,Cass County,63.6736,15.27,8.95,1,12,11.5,0,0,31.2970314,10.9,35.3,7.2,24.6,16.1,110773,87535,4.2,4.5,17.97,5.5,4.6,83.6,7,15,0.12,23,35,16,85283
29039,MO,Cedar County,67.4717,31.75,14.82,1,12,11.5,4,33.33333333,7.334821701,15.4,41.5,11.4,33.9,23.2,14615,48181,2.6,10.9,23.13,2.2,0.5,92.1,13,24,0.19,31,42,25,48789
29041,MO,Chariton County,68.5937,19.51,14.34,0,12,11.5,0,0,8.959321022,13.1,36.1,9.7,27,17.6,7390,71520,3.5,5.5,24.9,1.5,1.9,92.7,9,17,0.15,23,36,18,56070
29043,MO,Christian County,60.805,17.32,7.11,1,12,11.5,0,0,25.95567894,10.8,37,7.2,25.6,20.1,92915,83437,3.4,5.8,16.74,3.8,0.7,90.4,8,18,0.13,25,37,20,79714
29045,MO,Clark County,70.0111,24.27,11.4,0,12,11.5,4,33.33333333,15.13676834,14.6,40.5,10.8,34.1,24.9,6675,51781,5,6.4,21.74,1,1.9,94.9,11,23,0.14,31,40,25,56191
29047,MO,Clay County,45.7785,7.48,4.32,1,12,11.5,0,0,20.62247658,10.5,35.5,6.6,22.1,17.3,258122,88468,3.8,5.7,15.28,8,6.8,77,7,16,0.12,22,35,17,84816
29049,MO,Clinton County,59.5884,14.7,9.75,1,12,11.5,3,-25,18.87612534,11.3,38,7.7,26.3,20.3,21414,70627,3,8.6,18.91,2.6,0.8,91.9,8,18,0.14,26,38,21,76875
29051,MO,Cole County,59.0396,13.04,6.22,1,12,11.5,0,0,37.64400101,10.6,36.4,6.8,23.6,15.2,77032,74876,2.9,7.8,18.03,3.6,9.7,79.2,8,16,0.12,23,37,16,74002
29053,MO,Cooper County,57.8824,17.71,9.5,1,12,11.5,10,-28.57142857,11.34885597,12.6,40.8,8.3,29.5,20.6,16824,70625,4.3,9.9,19.82,2.1,5.6,87.8,9,19,0.15,28,41,21,70769
29055,MO,Crawford County,68.3975,27.49,11.08,1,12,11.5,19,-5,10.57576084,14.2,38.8,9.9,32.4,24.4,22797,57629,4.9,9.3,21.31,2.4,0.8,91.9,12,24,0.17,31,39,26,55253
29057,MO,Dade County,69.1181,27.13,13.13,0,12,11.5,5,25,8.860022545,15.5,44.4,10.9,33.4,22.9,7641,53750,3.2,7.8,24.64,2.3,0.4,92,12,23,0.16,31,45,24,53959
29059,MO,Dallas County,81.5621,36,13.11,1,12,11.5,3,0,21.85564804,14,40.7,9.8,31.3,22.7,17551,53464,3.9,16.4,21.04,2.3,0.2,93.1,14,21,0.18,29,41,23,63112
29061,MO,Daviess County,71.2534,22.63,12.18,0,12,11.5,44,7.317073171,23.5098877,13.9,37.1,10,32,23.1,8477,63984,1.4,7.3,21.68,1.8,1,95.1,14,23,0.15,30,37,25,59385
29063,MO,DeKalb County,52.4556,17.09,8.22,0,12,11.5,0,0,33.44236374,11.6,42.3,8,27.3,19.2,10876,69826,2.3,4.8,19.54,2.4,6.5,87,10,19,0.14,26,42,20,63946
29065,MO,Dent County,67.7484,26.07,12.65,1,12,11.5,0,0,33.58274841,14.9,38.8,10.6,31.8,23.2,14539,56312,4.4,7.6,22.24,2.2,0.4,91.1,11,22,0.18,29,39,23,49324
29067,MO,Douglas County,79.2317,41.38,15.33,1,12,11.5,3,-40,36.85824966,15.1,38.9,11,31.6,22.1,11965,45985,6.1,14.9,24.88,2.3,0.9,92.4,13,21,0.19,29,39,23,43336
29069,MO,Dunklin County,48.8275,23.96,7.78,1,12,11.5,3,50,4.392245293,14.9,42.9,10.1,34.1,23.5,27493,47849,4.8,15.6,18.74,7.7,6.9,73.5,12,24,0.2,32,43,24,45570
29071,MO,Franklin County,62.3943,17.11,8.34,1,12,11.5,0,0,34.34149551,11.7,39.1,8,26.4,17.5,105950,73165,4.3,5.6,19.2,2.3,0.9,88.7,10,17,0.13,25,39,17,70389
29073,MO,Gasconade County,63.4884,17.69,12.08,1,12,11.5,3,50,15.25954056,12.9,38.4,9,26.6,17.6,14746,64232,3.3,8.9,23.38,1.6,0.9,94.3,11,17,0.15,25,39,19,62203
29075,MO,Gentry County,59.9252,25.22,10.54,0,12,11.5,12,20,20.44738197,12.9,37.6,9,30.3,22.6,6245,55848,2.2,12,18.69,2,0.4,93.4,13,21,0.16,29,38,23,54610
29077,MO,Greene County,38.1218,11.57,5.2,1,12,11.5,4,-20,23.58337402,10.1,33.1,6.7,23.3,15,303375,61479,3.4,8.6,17.15,5.1,3,84,10,16,0.16,23,35,17,59740
29079,MO,Grundy County,61.7984,22.22,12.09,1,12,11.5,105,-1.869158879,26.15658188,14.1,39,10.5,30.6,20.8,9787,51975,3.2,11.1,22.46,2.8,0.4,92.1,12,21,0.17,28,40,22,48491
29081,MO,Harrison County,68.6385,28.52,13.48,1,12,11.5,13,18.18181818,26.12927246,14.1,42.1,9.8,31.8,20.7,8190,54367,2.5,11.1,22.77,0.8,0.8,93.8,11,20,0.17,30,43,22,50489
29083,MO,Henry County,67.9345,25.19,13.11,1,12,11.5,21,-8.695652174,31.03054428,13.9,40.2,9.7,29.5,19.9,22328,57926,4.4,7.7,22.43,3,0.8,91.3,11,19,0.17,27,40,20,55216
29085,MO,Hickory County,95.7477,42.87,28.11,0,12,11.5,4,-20,33.38888931,17.6,43.1,13.2,35.8,23.4,8585,39390,13.8,14.2,32.35,1.8,0.1,93.4,11,25,0.19,33,44,26,48213
29087,MO,Holt County,78.7187,31,15.99,0,12,11.5,0,0,19.30865479,14.2,39.1,10.3,32.1,21.4,4240,61187,1.8,5.2,25.68,1.9,0.4,93.3,9,21,0.14,29,40,23,61260
29089,MO,Howard County,63.1469,22.88,9.82,1,12,11.5,4,0,43.72945786,12,38.6,8.1,26.4,18.9,10147,65938,3.7,6.8,20.12,2.3,5.5,86.2,9,20,0.14,26,40,21,57674
29091,MO,Howell County,71.1455,33.03,10.95,1,12,11.5,3,-57.14285714,19.45915031,14.8,40.4,10.2,33.5,24.7,40383,50993,5,14.9,19.92,2.6,0.5,91.5,13,24,0.2,31,41,25,48727
29093,MO,Iron County,69.9648,34.41,12.33,0,12,11.5,4,-33.33333333,18.59644699,14.7,40,10.4,30.6,20.8,9446,48850,3,14,22.26,2.2,0.5,91.7,10,20,0.2,27,39,20,48241
29095,MO,Jackson County,31.1376,8.64,3.57,1,12,11.5,0,0,40.06546021,11.7,38.7,6.7,22,15.4,719976,68577,4.7,9.7,15.88,11.4,22,59.3,11,18,0.14,22,39,16,66102
29097,MO,Jasper County,50.9323,17.03,6.64,1,12,11.5,3,-50,8.962192535,11.7,35.3,7.5,27.2,19.9,124357,60694,3.6,11.3,16.12,9.8,1.7,80.6,12,20,0.17,27,36,21,55152
29099,MO,Jefferson County,64.653,16.78,6.9,1,12,11.5,0,0,20.87679482,11.1,39.5,7.4,26.6,19.8,229458,82851,3.2,6.2,16.67,2.6,1,88.5,8,18,0.13,26,39,20,81517
29101,MO,Johnson County,69.6573,21.08,7.77,1,12,11.5,0,0,10.20503426,9.5,38,6.2,23.3,16.7,54732,67272,4.7,7.1,13.15,5.2,4.3,83.7,9,18,0.14,24,40,18,68326
29103,MO,Knox County,71.0485,25.88,13.09,0,12,11.5,5,-37.5,3.832087755,14,38,10.2,34.6,24.4,3756,57788,1.1,7.2,21.51,0.3,0.6,94.8,17,25,0.15,33,39,27,50083
29105,MO,Laclede County,72.35,28.89,11.3,1,12,11.5,4,0,29.14684677,13.6,44.3,9.1,31.4,23.3,36390,53282,5.3,11,18.28,3,0.6,90.4,10,22,0.17,30,44,24,52211
29107,MO,Lafayette County,65.8447,19.72,10.09,1,12,11.5,0,0,20.46402931,12,38.8,8.3,29.5,20.2,33115,80612,3,6.9,19.31,3.5,1.6,89.7,9,19,0.14,28,39,21,67178
29109,MO,Lawrence County,66.1048,27.89,9.96,1,12,11.5,0,0,5.47873354,12.8,41.8,8.3,28.6,19.9,38593,61215,4.3,10.5,18.13,8.5,0.3,86.2,13,19,0.16,28,42,21,58128
29111,MO,Lewis County,86.5984,30.17,14.55,0,12,11.5,4,-33.33333333,15.95082188,12.9,38.3,9,30.7,21.8,9924,59934,5.1,8,19.27,1.1,3.9,91.5,11,23,0.16,30,40,24,57912
29113,MO,Lincoln County,80.136,25.35,8.36,1,12,11.5,0,0,99.76810455,10.6,41.7,6.9,26.2,18.8,63057,89278,3.7,6.2,14.82,2.9,1.7,91.9,9,17,0.14,26,41,19,79954
29115,MO,Linn County,55.1678,17.91,10.16,1,12,11.5,8,0,7.968950272,14.1,41.3,9.8,32.6,23,11852,61635,3.2,10.8,21.77,3,0.8,93.7,12,22,0.16,30,41,23,53836
29117,MO,Livingston County,50.7734,15.24,9.41,1,12,11.5,4,-20,2.951439142,12,38.3,8.2,28.1,18.3,14364,63627,2.7,8.4,20.06,2.1,3,90.8,11,18,0.14,26,39,19,59389
29119,MO,McDonald County,76.9893,36.68,9.82,0,12,11.5,4,33.33333333,10.98256016,14.8,41.5,9.5,33.8,25.2,23701,52375,6.8,14.9,15.56,12.4,2,68.3,17,25,0.16,33,41,25,54452
29121,MO,Macon County,69.8448,29.07,12.16,1,12,11.5,0,0,14.11414623,13,36.8,9.1,29,20.2,15163,62357,2.1,7.9,22.28,1.9,1.8,92,11,19,0.14,27,37,21,58887
29123,MO,Madison County,64.5701,28.61,10.6,1,12,11.5,3,0,17.7027626,12.5,37.7,8.7,29.7,21.2,12729,54434,4.8,7.4,19.55,2.8,0.3,92.2,10,20,0.16,29,38,22,52339
29125,MO,Maries County,78.0717,27.58,14.03,0,12,11.5,5,-44.44444444,3.196646214,13.9,38.7,9.9,31.8,23.9,8450,59455,4.8,7.8,22.04,2.1,0.2,91.7,12,22,0.18,30,39,25,58983
29127,MO,Marion County,36.3255,12.59,5.28,1,12,11.5,5,-16.66666667,4.680326939,12.2,35.6,8.1,27.8,20.2,28457,62903,3.8,10,19,2,4.2,89,9,19,0.15,27,36,22,60780
29129,MO,Mercer County,100,37.89,20.16,0,12,11.5,11,83.33333333,16.45462036,13.9,42.2,10,30.4,19.2,3482,62679,3.5,7,22.31,4.8,0.2,91.1,12,20,0.16,28,42,20,55282
29131,MO,Miller County,72.8073,25.56,10.46,1,12,11.5,0,0,54.2928772,12.8,39.5,8.5,29.1,22.6,25269,56736,5.3,9.7,20.07,2.2,1.1,93.3,12,20,0.17,28,40,24,55031
29133,MO,Mississippi County,39.7318,18.12,6.03,1,12,11.5,4,33.33333333,16.47314453,16.3,44.4,10.1,39.3,28.2,11902,48160,2.7,15.8,18.85,0.8,19,70.7,13,29,0.2,38,45,29,48342
29135,MO,Moniteau County,52.0644,13.99,6.35,1,12,11.5,5,0,11.1386776,12.4,40,8.2,29.5,21.3,15262,65715,2.5,6.8,16.71,5.9,2.2,88.1,15,20,0.14,28,40,21,63971
29137,MO,Monroe County,74.2147,25.42,12.92,0,12,11.5,0,0,36.94941711,14.6,41.1,10.4,32.7,20.9,8734,54516,1.8,7,24.96,1.8,3.5,91.6,11,21,0.16,30,41,22,54624
29139,MO,Montgomery County,76.5828,29.77,15.31,1,12,11.5,4,-20,10.38738728,13.3,41.3,9.1,30.5,21.6,11426,65500,3,10.4,20.47,2.3,0.8,92.3,13,21,0.16,30,41,23,57686
29141,MO,Morgan County,79.9229,37.77,17.26,0,12,11.5,3,0,15.16512012,15.1,43.1,10.9,31.6,22.3,21717,53412,2.9,13.4,24,2.6,0.2,91.9,19,22,0.19,29,43,23,52072
29143,MO,New Madrid County,58.4227,31.34,9.5,1,12,11.5,5,-28.57142857,16.09342766,15,41.6,9.5,33.6,24.2,15731,51881,3.4,13.1,19.87,1.9,13,74.2,11,24,0.18,32,42,25,53843
29145,MO,Newton County,69.8549,25.54,10.18,1,12,11.5,6,-25,18.9620285,12.1,36.8,7.9,26.2,17.3,60118,66301,5.9,9.3,18.84,6.8,0.9,80.4,11,17,0.15,25,37,18,63292
29147,MO,Nodaway County,78.9123,38.62,9.54,1,12,11.5,0,0,24.67807961,10.9,38.8,7.8,26.5,18.4,20774,59315,2.4,8.3,17.82,2.2,2.1,91.5,9,20,0.15,27,42,22,55749
29149,MO,Oregon County,69.2888,33.64,13.28,0,12,11.5,9,-10,37.58786011,15.3,43.9,10.7,33.8,24.4,8673,43069,5.2,21.6,22.98,1.5,0.1,92.6,12,24,0.21,32,44,26,41462
29151,MO,Osage County,89.7757,23.98,12.85,0,12,11.5,3,50,3.662695169,10.5,36.4,7.3,24.4,17.8,13402,76681,1.7,3.9,18.27,1.1,0.3,96.6,8,17,0.12,24,37,20,73660
29153,MO,Ozark County,94.8454,49.5,22.36,0,12,11.5,4,-20,63.31956863,17.7,44.1,12.5,38,26.9,8873,44163,5,15,29.34,2.1,0.3,93.7,14,28,0.21,36,44,30,45234
29155,MO,Pemiscot County,43.3814,20.51,6.54,1,12,11.5,0,0,26.66386795,16.5,43.5,9.7,35.5,24.8,14958,40089,9.7,26,18.24,3.2,24.4,65.1,11,27,0.22,34,44,26,42080
29157,MO,Perry County,61.1587,18.37,9.02,1,12,11.5,0,0,7.462122917,12.9,37.5,9.2,29.8,20.3,18976,62981,4.9,9.5,19.66,2.5,0.7,93.4,10,19,0.14,27,37,20,64302
29159,MO,Pettis County,56.7743,20.84,8.41,1,12,11.5,4,0,15.77645111,12.1,38.7,8.1,28.4,19,43397,60430,3.8,10,17.32,9.9,2.5,82.1,12,20,0.16,27,39,19,55021
29161,MO,Phelps County,57.6713,22.54,7.86,1,12,11.5,0,0,6.803191662,11.2,37.4,7.8,27.6,18.6,45194,58396,3.9,8.5,17.07,3.1,2.4,84.9,11,20,0.17,28,39,21,53151
29163,MO,Pike County,73.591,28.67,10.71,1,12,11.5,0,0,45.45417023,13.5,43.3,9.2,31.3,22.6,17711,54989,3.9,13,19.07,2.5,5,89,11,21,0.16,29,43,23,59147
29165,MO,Platte County,54.5031,8.76,5.6,1,12,11.5,0,0,8.45126915,10.5,39.9,6.4,22.6,14.9,110371,96227,2.7,5.4,16.09,7.2,7.5,76.7,6,15,0.12,22,40,15,96353
29167,MO,Polk County,71.6221,27.91,11.76,0,12,11.5,42,-4.545454545,39.23477173,13.2,41,8.9,31.7,23.1,32444,59647,4,10.4,18.28,3,0.7,90.9,12,23,0.17,31,42,25,56628
29169,MO,Pulaski County,80.9397,28.61,4.79,1,12,11.5,0,0,9.821046829,8.3,33.3,4.7,23.1,16.8,53894,64466,4.7,7.8,9.65,11.5,10.1,68.5,9,18,0.16,24,35,18,71856
29171,MO,Putnam County,61.9638,20.88,12.89,0,12,11.5,3,50,31.95874596,12.7,40,8.9,26.6,18.2,4642,63510,4,4.5,25.03,3,0.2,95.1,9,17,0.14,25,41,20,51967
29173,MO,Ralls County,92.287,25.33,14.92,0,12,11.5,14,0,20.63009071,13.9,40.5,9.4,29.5,21.3,10428,65388,4.8,8.8,23.16,1.2,1.8,92.8,9,18,0.14,26,40,21,68550
29175,MO,Randolph County,60.3756,20.01,8.4,1,12,11.5,185,2.209944751,26.75626945,12.4,41.6,7.9,30.9,20.6,24365,53033,4.4,9.9,17.71,2.5,4.9,87.5,10,21,0.17,30,42,22,59692
29177,MO,Ray County,75.7275,20.18,10.32,1,12,11.5,5,25,34.04630661,12.6,40.5,8.6,27.2,19,23145,74573,3.4,9,19.3,2.9,0.8,92.2,10,19,0.14,26,40,20,70993
29179,MO,Reynolds County,85.9283,35.91,17.88,0,12,11.5,0,0,82.24952698,15.2,40.5,10.9,32.7,24.6,6010,45028,10.9,15.8,23.69,1.7,1.5,90.9,12,24,0.2,31,41,26,43674
29181,MO,Ripley County,86.3218,45.66,15.53,0,12,11.5,0,0,9.621943474,14.2,42.8,9.9,34.6,24.8,10708,42037,3.7,20.5,19.93,1.5,0.3,92.4,12,25,0.2,33,43,26,43485
29183,MO,St. Charles County,46.2434,5.95,5.07,1,12,11.5,10,0,18.25972748,9.9,36.3,6.1,22.4,15.8,414535,104692,2.9,3.5,16.98,4.2,5,83,5,14,0.1,22,36,16,98765
29185,MO,St. Clair County,75.6907,28.62,17.86,0,12,11.5,3,0,10.10774899,15.2,40.4,11.2,31.2,21.7,9587,53043,3.3,11.6,25.63,2.2,0.8,92.8,11,22,0.18,29,41,24,50578
29186,MO,Ste. Genevieve County,80.4839,23.84,11.99,1,12,11.5,0,0,38.52551651,13.1,37,9.2,28.6,20.8,18571,66339,4.2,7.1,21.46,1.5,1.2,93.8,8,20,0.14,27,37,21,71557
29187,MO,St. Francois County,57.0935,20.89,7.66,1,12,11.5,8,14.28571429,7.041247845,12.2,40,8,28.2,22.3,66999,57477,4.5,11.5,17.22,1.9,2.7,89.9,10,20,0.18,27,40,23,55578
29189,MO,St. Louis County,27.1619,5.1,3.79,1,12,11.5,4,-20,14.64611721,12.1,33.1,7.3,24.7,16.2,995569,82936,4.3,6.8,19.12,3.9,24,61.4,7,17,0.12,23,33,17,81631
29195,MO,Saline County,59.1823,21.76,8.81,1,12,11.5,3,-25,27.24845505,12.2,37.5,7.9,25.9,17.2,23231,57931,3.2,11.6,17.21,12.6,4.9,75.3,10,19,0.15,26,39,19,53943
29197,MO,Schuyler County,100,43.08,19.63,0,12,11.5,10,0,41.3652916,11.8,39.1,8.5,26.4,17.9,4038,61205,3.7,6,19.19,0.7,0.2,94.2,11,17,0.16,25,40,20,52078
29199,MO,Scotland County,77.9923,33.3,13.44,0,12,11.5,5,0,12.56141853,13.2,38.6,9.6,31.6,21.7,4686,68913,0.2,7.1,19.36,0.2,0.1,96,19,22,0.13,30,39,23,57063
29201,MO,Scott County,52.8042,20.35,7.36,1,12,11.5,0,0,32.87752151,14.5,43.4,8.8,32.3,21.4,37933,62782,2.9,9.1,18.71,2.6,9.1,80.8,10,21,0.16,30,43,22,60088
29203,MO,Shannon County,79.7426,42.29,14.17,0,12,11.5,5,-16.66666667,12.58303738,15.2,41.8,10.9,34,24.3,7177,55222,1.3,13.9,22.52,0.7,0.2,92.2,11,24,0.17,32,41,25,44439
29205,MO,Shelby County,73.3639,28.35,13.5,0,12,11.5,0,0,12.14640617,14.7,41.2,10.4,31.1,21.8,5986,51594,1.8,12.8,22.25,2.3,1.1,93.6,12,22,0.16,29,41,23,56121
29207,MO,Stoddard County,54.1786,22.33,8.56,1,12,11.5,3,0,34.69417572,14.1,45.1,9.6,33.9,24.7,28470,57957,3.7,10.2,20.65,2.2,1.1,92.7,12,23,0.18,32,45,26,51741
29209,MO,Stone County,89.4855,31.46,21.72,1,12,11.5,4,0,8.868201256,15.8,39.8,11.5,28.9,19.1,32048,63520,7.1,10,32,2.9,0.3,92.5,11,19,0.16,25,40,20,62394
29211,MO,Sullivan County,70.4596,24.76,13.32,0,12,11.5,0,0,14.01086044,15.1,39.7,9.7,33.1,21.9,5857,56964,2.5,9.7,20.8,18.1,2.7,76.8,12,24,0.15,32,40,23,51492
29213,MO,Taney County,76.1068,32.66,13.13,1,12,11.5,6,20,17.95997047,13.8,38.4,9.5,31.7,20.3,56529,56497,3.9,10.8,22.76,7.6,1.8,85.1,12,21,0.18,30,39,22,54514
29215,MO,Texas County,75.7598,36.93,12.76,0,12,11.5,93,-13.08411215,6.021296501,14,40.7,9.8,29.6,20.4,25161,50036,5.1,11.7,21.53,2.5,3.5,89,14,22,0.19,28,41,22,47273
29217,MO,Vernon County,74.4374,31.28,11.95,1,12,11.5,3,0,20.07289505,13.1,40.6,8.9,30.7,21.1,19687,52230,4.2,8.9,20.56,2.7,0.9,92.6,12,21,0.18,30,41,23,53602
29219,MO,Warren County,72.721,19.69,10.83,1,12,11.5,4,0,42.52916718,12,37.6,8.3,26.3,19.9,37177,81209,3.7,4.5,18.23,4.1,1.1,89.4,10,19,0.13,25,38,20,77075
29221,MO,Washington County,85.208,44.82,10.85,0,12,11.5,6,50,34.0127449,13.3,39.4,9.1,30.3,23.3,23470,56043,3.6,13,17.93,1.1,1.7,91.8,12,23,0.19,30,39,24,49510
29223,MO,Wayne County,92.9186,46.21,20.28,0,12,11.5,0,0,15.38936043,15.5,41.9,11.3,33.4,21.9,10862,47226,7.3,18.7,25.14,1.5,0.4,92.4,13,21,0.23,30,41,22,41315
29225,MO,Webster County,72.0561,29.19,8.67,1,12,11.5,6,20,14.93563938,11.9,38.9,8,27.8,19.2,40500,71155,3.8,10.8,15.77,2.3,1.1,91.2,13,19,0.15,27,39,19,69841
29227,MO,Worth County,59.44,17.69,12.97,0,12,11.5,0,0,100,14.8,39.4,10.9,31,20,1934,47847,1.6,11.6,26.37,0.6,0.1,95.2,10,19,0.17,28,40,21,50765
29229,MO,Wright County,63.8819,33.09,10.54,1,12,11.5,12,20,26.26444817,14.8,41.1,10.3,31.6,23,18965,47909,3.5,14.7,19.72,2.6,0.5,91.7,13,22,0.18,29,41,23,47612
29510,MO,St. Louis city,6.1371,3.65,0.75,1,12,11.5,3,50,49.55866623,12.4,36.8,6.8,25.7,18.9,288512,56160,5,14.7,15.5,5.3,42.1,44.4,8,21,0.16,25,37,19,55231
30001,MT,Beaverhead County,52.4307,17.24,8.91,1,10,10.4,0,0,19.52969551,9.9,30.2,7.9,24.3,13.6,9713,61268,1.3,4.8,23.82,5.2,0.5,89.1,11,16,0.11,23,31,15,63084
30003,MT,Big Horn County,70.1245,38.47,6.12,0,10,10.4,0,0,26.80077171,13.6,41.3,8.5,29.7,23.4,12891,58750,13.2,14.8,14.07,4.7,0.3,27,13,25,0.17,29,41,23,51259
30005,MT,Blaine County,66.4392,37.68,6.45,0,10,10.4,0,0,52.46206284,13.3,41.4,8.8,27.8,22.1,6949,64813,13.6,12.9,16.74,2.8,0.4,44.1,14,22,0.16,26,41,22,56865
30007,MT,Broadwater County,64.55,16.32,9.96,0,10,10.4,0,0,7.248456001,11.5,32.5,9.2,24.7,17.4,7668,70374,3.5,7.5,23.24,2.8,0.2,88.9,11,17,0.11,22,32,17,72933
30009,MT,Carbon County,66.6105,14.34,12.26,0,10,10.4,0,0,22.43639755,10.6,29.4,8.1,22.9,14.2,11116,80261,4.5,5.3,28.05,3,0.3,90.1,12,15,0.11,21,29,14,72463
30011,MT,Carter County,100,34.27,23.19,0,10,10.4,6,-33.33333333,39.38310623,11.9,33.4,9.5,26.3,16,1308,54167,2.8,11.1,31.12,2.4,0.1,88.9,13,16,0.14,23,33,17,55704
30013,MT,Cascade County,37.9086,12.62,5.53,1,10,10.4,23,27.77777778,12.88271427,9.5,35.2,7.5,24.8,16.2,84606,67690,3.3,7.5,19.64,5.3,1.3,82.4,10,16,0.12,23,36,16,65018
30015,MT,Chouteau County,64.7353,31.38,8.37,0,10,10.4,21,16.66666667,16.60403252,11.4,34.3,8.3,26.1,16.9,5906,58218,3.2,8.9,23.38,3.1,0.1,75.4,15,18,0.12,24,35,18,61903
30017,MT,Custer County,27.4532,6.25,4.45,1,10,10.4,0,0,55.30102539,9.9,35.8,7.1,25.5,15.5,11961,70605,3.4,5,20.75,3.4,0,89,11,16,0.13,24,36,16,58850
30019,MT,Daniels County,41.45,8.09,8.09,0,10,10.4,5,0,28.09794426,11,31.5,8.9,24.5,15.1,1494,55625,0.5,11.7,31.66,3.3,0.3,90.3,9,16,0.12,22,32,16,56695
30021,MT,Dawson County,56.6169,13,11.06,1,10,10.4,0,0,100,9.4,35.4,7.1,23.7,16.4,8827,71334,2.7,3.3,21.16,3.6,0.2,90.4,10,16,0.1,22,36,17,60663
30023,MT,Deer Lodge County,37.5319,11.56,6.52,1,10,10.4,0,0,98.32987976,11.1,32.8,8.5,24.9,15.3,9597,57527,3.4,10.6,26.34,3.5,0.4,89.3,10,17,0.18,23,33,16,56648
30025,MT,Fallon County,37.6,8.63,6.82,0,10,10.4,0,0,53.49515533,9.2,33.4,6.8,21,15.3,2760,76250,0,8.4,22.25,0.1,0,92.2,10,15,0.11,20,34,16,66776
30027,MT,Fergus County,53.1593,15.88,10.78,1,10,10.4,0,0,30.26221848,10.7,32.4,8.2,25.5,14.8,11687,63706,4.2,9.4,25.08,2.4,0.6,92.4,13,15,0.13,22,32,15,63717
30029,MT,Flathead County,53.558,14.75,7.66,1,10,10.4,3,50,61.25503922,8.4,30.1,6.6,21.8,16.1,110695,73925,2.9,5.3,21.1,3.7,0.2,90,11,17,0.1,21,30,17,74150
30031,MT,Gallatin County,51.3845,11.66,5.46,1,10,10.4,8,0,5.677994251,6.2,22.6,4.8,15.3,11.8,124074,93528,2.3,3.8,13.59,5.4,0.4,87.5,9,13,0.09,16,24,12,90942
30033,MT,Garfield County,70.57,23.56,13.02,0,10,10.4,16,23.07692308,17.07622719,10.8,32,8.6,24.8,16.6,1094,69583,0,10,26.42,0,0,96.7,16,17,0.1,23,32,18,53069
30035,MT,Glacier County,47.3428,24.72,4.53,1,10,10.4,0,0,56.22702789,15,35.9,9.1,32.8,29.9,13637,46875,10,21.3,13.21,2.9,0.2,29.5,13,32,0.19,33,36,30,51416
30037,MT,Golden Valley County,100,40.33,21.38,0,10,10.4,9,12.5,7.497186184,14.3,34.1,11.3,30.6,20.2,899,58333,1.5,10.2,28.81,4.3,0.8,90.3,14,20,0.13,25,34,20,47927
30039,MT,Granite County,100,34.29,24.46,0,10,10.4,0,0,40.13272476,11.9,32.5,9.5,25.4,16,3462,59265,3.7,6.1,31.25,2.6,0.1,90,16,17,0.13,23,32,17,65695
30041,MT,Hill County,61.3791,23.57,7.78,1,10,10.4,3,0,30.19206047,10.5,34.4,7.6,25.7,19.4,16155,52798,4.2,16.3,16.29,3.5,0.3,67.1,12,19,0.13,25,35,20,51435
30043,MT,Jefferson County,89.6539,20.35,12.16,0,10,10.4,0,0,100,9.9,30.5,7.5,20.5,13.7,12774,95490,4.2,3.6,23.18,3,0,90.6,10,14,0.09,19,29,14,85163
30045,MT,Judith Basin County,78.76,28.46,16.24,0,10,10.4,0,0,27.1718235,11.6,33.4,9.5,25.2,14.9,2071,59000,0.1,8,26.03,7.7,0,89.9,13,15,0.13,22,33,16,57166
30047,MT,Lake County,64.2516,22.29,11.33,0,10,10.4,18,-10,19.56306648,12,33.7,8.8,25.9,18,32561,63360,5.7,12.1,24.24,4.3,0.2,64.6,14,19,0.14,24,34,19,60882
30049,MT,Lewis and Clark County,50.818,11.72,7,1,10,10.4,0,0,31.89033127,8.2,30.7,6.3,16.7,11.8,73464,78237,3.2,3.4,20.2,4,0.5,88.6,10,12,0.1,15,30,11,76816
30051,MT,Liberty County,100,34.82,19.75,0,10,10.4,4,0,41.57567596,13.3,37,10.9,33,24.3,1952,57857,0.6,18.4,21.57,0.1,0,93.4,17,25,0.17,30,37,25,60846
30053,MT,Lincoln County,66.2939,26.55,13.63,1,10,10.4,0,0,100,12.5,30.7,9.7,27.2,19.1,21175,47143,5.1,8.3,30.14,3.1,0.1,90,14,20,0.16,25,31,21,51941
30055,MT,McCone County,61.98,19.43,12.47,0,10,10.4,0,0,36.11307144,10,33,8.3,21.6,13.3,1670,69375,2.1,4.4,30.42,0.2,0,92.1,11,14,0.07,20,34,15,56696
30057,MT,Madison County,77.028,24.25,15.03,0,10,10.4,3,50,25.46754456,10.4,26.9,8.2,21.8,14.4,9223,75250,3.1,2.5,30.78,3.7,0,90.4,11,14,0.09,19,27,15,73316
30059,MT,Meagher County,100,41.05,22.63,0,10,10.4,0,0,52.37716675,11.2,33.6,8.8,22.2,12.9,2007,71932,0.3,13.5,34.73,3.2,0.7,94,12,14,0.11,20,34,14,55193
30061,MT,Mineral County,69.3487,28.16,15.92,0,10,10.4,0,0,19.2307415,11.7,35.3,9,23.7,16.5,4959,63450,3.1,9.2,28.11,3.7,0.2,88.9,13,17,0.14,22,35,18,58832
30063,MT,Missoula County,45.6352,11,5.35,1,10,10.4,0,0,100,7.3,28.2,5.6,17.3,13,120672,75598,3.7,4.8,17.14,5.1,0.4,85.5,9,14,0.11,18,29,14,72882
30065,MT,Musselshell County,59.3318,23.39,11.98,0,10,10.4,12,0,2.735879183,11.7,33.6,9.1,25.6,16.8,5152,58920,9.2,13.5,29,4.3,0,86.6,14,18,0.12,24,33,18,55991
30067,MT,Park County,58.9257,16.29,9.53,1,10,10.4,3,0,53.84511948,9.7,28.1,7.3,22.6,14.8,17710,70047,2.7,8.5,24.62,3.6,0.2,90.9,9,14,0.11,21,28,15,63958
30069,MT,Petroleum County,100,29.59,20.85,0,10,10.4,5,0,26.0825386,11.8,32.5,9.7,24.8,14.9,447,60208,0,3.7,28.19,0,0,98.9,9,15,0.08,21,33,16,50164
30071,MT,Phillips County,49.99,18.11,8.76,0,10,10.4,5,-37.5,24.10190201,10.7,39.2,8.3,24.2,15.5,4221,53417,1.8,4.2,24,1.1,0.2,81,11,16,0.1,22,39,16,53212
30073,MT,Pondera County,48.7024,21.98,6.75,0,10,10.4,8,-20,31.13269615,11.4,33.9,8.5,24.9,17.2,6035,52338,5.8,13.6,21.86,2.6,0,78.9,14,18,0.15,23,34,18,47659
30075,MT,Powder River County,67.8,24.64,13.22,0,10,10.4,0,0,35.23910904,12.1,32.8,9.5,27.1,18.2,1815,67045,0.7,4.6,30.03,1.4,0,89.2,12,19,0.12,25,33,20,56746
30077,MT,Powell County,51.3665,7.14,6.55,0,10,10.4,6,-33.33333333,6.923048973,10.5,33,8,26.2,19.2,7053,66923,2.3,1.6,20.87,2.7,0.4,86.8,11,19,0.11,25,33,19,61354
30079,MT,Prairie County,100,34.76,26.04,0,10,10.4,0,0,15.30505657,16.3,36.4,13.5,33,21,1250,51250,0.9,17.4,42.16,0.6,0,88.1,16,23,0.16,28,37,21,52555
30081,MT,Ravalli County,74.0137,24.01,13.58,0,10,10.4,0,0,22.61458969,10.1,32.9,7.7,20.1,12.7,46727,71283,3.2,4.6,27.01,4.1,0.3,88.6,12,13,0.11,18,33,13,70624
30083,MT,Richland County,59.4618,12.86,8.32,1,10,10.4,0,0,60.16043091,9.3,36.2,6.8,23.3,15.8,11235,73084,3.3,5.8,17.47,5.5,0.3,87.5,10,15,0.1,22,36,16,74540
30085,MT,Roosevelt County,40.8179,14.28,5.86,0,10,10.4,0,0,43.64525986,13.4,40.3,8.1,30.3,28.1,10526,57063,10.8,25.1,12.22,2.9,0.1,32.4,12,28,0.19,30,41,29,51596
30087,MT,Rosebud County,49.6933,19.2,6.09,0,10,10.4,0,0,100,12.5,39.2,8.4,29.3,22.3,8165,49914,10.6,16.5,17.55,3.7,0.1,51.4,12,24,0.16,29,40,24,60218
30089,MT,Sanders County,76.881,34.62,15.83,0,10,10.4,3,0,41.89451599,13.3,35.3,10.3,25.9,16.8,13285,57476,6,10.3,33,3.5,0.2,88.3,17,17,0.15,22,35,17,54599
30091,MT,Sheridan County,48.1815,15.75,10.36,0,10,10.4,0,0,34.48288727,10.2,32.8,8,21.3,12.8,3669,70147,2.1,5.5,22.7,4,0,88.2,12,14,0.11,19,33,13,58094
30093,MT,Silver Bow County,18.9894,4.56,2.86,1,10,10.4,0,0,100,9.5,29.4,7.1,23.1,14.9,35785,61754,4.1,7.6,19.48,4.6,0.1,89.1,10,16,0.14,22,30,15,58406
30095,MT,Stillwater County,66.3996,12.68,10.6,0,10,10.4,17,-5.555555556,21.31267166,9.7,32.6,7.2,20.9,11.8,9182,84732,3.1,5.6,25.2,3.5,0,92,10,12,0.1,18,32,12,81392
30097,MT,Sweet Grass County,51.57,12.3,8.77,0,10,10.4,5,0,35.02439499,10.4,32,8.3,21.3,12.7,3720,77000,1.8,4.6,25.78,1.2,1,90.8,10,13,0.09,19,32,13,70052
30099,MT,Teton County,71.0046,22.68,13.39,0,10,10.4,5,0,12.86044216,10.2,30.8,8,23.6,15.6,6353,70430,1,5.1,23.08,2,0.3,91.5,13,16,0.12,22,31,17,71393
30101,MT,Toole County,49.0234,9.72,5.89,1,10,10.4,0,0,100,9.9,35,7.5,26.3,19.9,5061,57731,4.9,6.3,18.02,4.4,1.7,82.2,14,20,0.12,26,35,20,52399
30103,MT,Treasure County,100,44.79,23.82,0,10,10.4,0,0,98.53997803,11.6,30.3,9.4,22.8,13.5,732,67917,1,9.4,22.81,5.2,0,93,12,15,0.11,20,31,14,61560
30105,MT,Valley County,54.1047,17.9,10.29,1,10,10.4,0,0,100,11.2,35.6,8.6,24.8,14.6,7519,71695,3,5.3,24.51,2.6,0.4,84.2,13,16,0.12,23,36,16,63507
30107,MT,Wheatland County,51.14,23.78,8.01,0,10,10.4,4,0,12.25124836,12.4,35.3,9.6,27.9,18.2,2056,49489,0.8,18.2,28.99,2.5,1,94.2,16,19,0.15,25,35,19,47545
30109,MT,Wibaux County,100,44.25,23.89,0,10,10.4,4,0,32.5735817,11.4,34.2,8.9,26.4,17.2,1193,67462,1.7,14.6,20.45,7.7,0.6,89.2,11,18,0.13,24,35,18,56108
30111,MT,Yellowstone County,43.8015,11.21,5.32,1,10,10.4,0,0,36.2842865,9.3,34.3,6.3,22,16.7,168957,76570,3.4,6.5,18.28,6.6,0.4,83.4,10,16,0.11,22,35,17,70221
31001,NE,Adams County,47.992,14.22,8.79,1,10,10.5,0,0,10.08354664,11.3,40,7.4,25.4,14,31052,68365,2.4,8.5,18.82,12.5,1.4,82.3,7,15,0.14,25,41,15,66695
31003,NE,Antelope County,59.2683,23.24,10.64,0,10,10.5,6,-40,30.71222878,11.9,39.7,8.4,26.2,13.6,6305,66105,1.7,6.2,24.71,4,0.8,92.8,8,14,0.14,25,41,15,65907
31005,NE,Arthur County,100,34.45,20.43,0,10,10.5,0,0,0.671959102,11.7,38.3,8.7,26.3,13,484,76250,0.4,2.4,22.73,0.6,0,93,8,15,0.13,24,39,14,54974
31007,NE,Banner County,100,27.95,19.71,0,10,10.5,0,0,15.52475929,13.1,40.4,9,24.7,12.2,742,78839,3.7,5.3,27.76,10.6,0,85.8,7,13,0.14,22,39,12,67307
31009,NE,Blaine County,100,25.62,19.87,0,10,10.5,3,-50,18.41707802,13.6,40.2,9.2,30.1,16.7,422,69583,1.3,5.5,34.6,0,0,100,10,16,0.16,26,39,17,52512
31011,NE,Boone County,55.0068,16.37,9,0,10,10.5,4,0,18.27926826,12,34.5,9.1,26.7,14,5356,74947,1.2,6.3,23.82,4.3,0,93.5,7,15,0.12,25,35,16,66345
31013,NE,Box Butte County,37.7004,10.31,5.69,1,10,10.5,3,-25,29.42085457,12.2,40.1,7.9,26,14.5,10714,68892,1.6,7.1,20.79,12.6,0.1,78.6,9,15,0.14,25,41,15,66613
31015,NE,Boyd County,76.72,25.92,20.13,0,10,10.5,3,50,38.75593185,14.1,39.5,10.3,28.1,14.9,1688,67045,2.3,7.4,31.93,3.3,0.2,90.8,8,15,0.14,25,41,17,49077
31017,NE,Brown County,41.82,17.07,9.59,0,10,10.5,3,0,21.46989059,12.7,40,9.2,28.4,14.3,2869,54676,1.7,12.1,27.5,6.2,0,88.5,9,15,0.14,25,41,15,58896
31019,NE,Buffalo County,44.0894,12.66,5.08,1,10,10.5,3,-25,24.67325783,10.5,41.6,6.9,26.7,16.3,50579,75911,2.6,5.3,16.6,10.6,0.8,83.8,8,18,0.14,27,43,18,76686
31021,NE,Burt County,42.8506,13.68,8.85,0,10,10.5,5,0,31.62817764,13,40.7,9.2,27.2,15.3,6740,63685,1.1,10,24.48,3.4,0.2,90.3,7,15,0.16,25,41,16,67113
31023,NE,Butler County,65.3658,15.38,11.52,1,10,10.5,4,0,22.15513229,10.7,38.9,7.5,25,13.1,8424,79268,1.2,4.7,20.86,6.3,0.2,90,7,13,0.12,24,39,14,74710
31025,NE,Cass County,76.2927,13.01,9.96,1,10,10.5,7,16.66666667,44.5680275,10.5,38.6,7.2,23.9,13,27161,91836,1.7,3.1,18.76,4.1,0.3,90.5,5,13,0.12,22,38,13,83291
31027,NE,Cedar County,70.6254,15.73,12.94,0,10,10.5,6,0,16.20956612,11.8,39.9,8.5,26.6,14.8,8315,73578,1.7,4.5,22.33,2.5,0.1,95,7,14,0.11,24,40,16,69895
31029,NE,Chase County,47.51,14.11,10.34,0,10,10.5,0,0,29.00628281,13,38.2,8.9,28.6,15.5,3671,68173,1.9,6.2,24.73,17.9,0.4,77.8,9,18,0.13,27,39,17,67334
31031,NE,Cherry County,56.132,17.21,11.3,0,10,10.5,3,-25,41.33106995,13.8,41.8,9.3,30.4,18.8,5498,66270,0.4,3.8,22.37,3.5,1,83.8,7,18,0.14,29,42,20,55132
31033,NE,Cheyenne County,34.0807,7.68,5.79,1,10,10.5,0,0,26.81713676,12.6,41,8.7,29.3,15.3,9533,60348,3.4,8.5,21.99,8.7,0.8,86.9,7,15,0.15,27,41,16,60177
31035,NE,Clay County,60.795,19.39,10.54,0,10,10.5,0,0,33.94021606,12.4,44,8.4,28.8,16.6,6095,78986,1.9,5,20.28,9.7,0.7,87.1,7,16,0.13,28,44,17,67568
31037,NE,Colfax County,44.0547,13.55,8.22,1,10,10.5,8,0,28.17715454,13.4,38.5,7.9,31.8,15.7,10641,82530,1.3,2.9,13.81,47.8,3.5,44.7,14,22,0.12,32,39,16,70792
31039,NE,Cuming County,63.4085,16.21,12.5,0,10,10.5,97,6.593406593,11.87993717,12.4,38.8,8.8,28.4,15.2,8975,71104,2.2,4.2,21.52,12.4,0.4,85.1,9,15,0.12,26,40,16,65814
31041,NE,Custer County,62.2491,20.36,12.66,1,10,10.5,0,0,33.26264191,12.7,38.5,9,28,15.6,10518,67906,2.6,4.2,22.55,4,0.5,91.6,8,16,0.14,26,39,16,65151
31043,NE,Dakota County,45.9088,14.94,5.75,1,10,10.5,3,0,22.18545151,13.6,45.3,7,34,17,21354,70329,4.8,10.2,12.84,41.6,8.7,42.3,10,21,0.14,34,46,17,70126
31045,NE,Dawes County,38.7131,12.15,8.29,1,10,10.5,0,0,47.02106476,10.4,36.6,7.1,24,12.9,8140,56280,1.6,7.8,19.74,5,0.5,85.8,8,15,0.14,24,40,16,54925
31047,NE,Dawson County,56.2662,19.11,7.89,1,10,10.5,3,-25,37.80621719,13.6,41.1,8.2,33.4,16.5,24202,69880,1.4,6.8,16.54,37.4,6.4,52.8,11,20,0.15,32,41,17,67619
31049,NE,Deuel County,48.62,14.2,10.78,0,10,10.5,4,0,4.063536167,14.2,39.2,9.8,27.5,14.6,1847,70096,1.4,5.7,28.1,9.9,0,85.7,7,14,0.13,24,39,14,58676
31051,NE,Dixon County,100,27.56,17.83,0,10,10.5,6,0,32.3925209,13.4,40.6,9.2,28.2,15.4,5545,72454,2.4,5.1,22.11,15.8,0,80.9,10,17,0.13,26,41,16,67521
31053,NE,Dodge County,44.6465,12.58,8.22,1,10,10.5,0,0,37.86807632,11.5,37.9,7.9,28.3,15.8,37351,74329,3.4,7.9,19.13,18,0.5,77.5,8,16,0.14,27,39,16,66833
31055,NE,Douglas County,15.9871,2.8,1.67,1,10,10.5,0,0,10.10106373,10.5,35.7,6.6,24.7,14.3,590736,80391,3.8,7.7,14.09,14.5,10.2,65.8,8,16,0.13,24,36,14,77747
31057,NE,Dundy County,51.97,26.65,10.7,0,10,10.5,0,0,64.07082367,12.9,40.3,8.9,26.8,14.6,1736,58922,0.3,8.7,24.6,3.3,0.6,92.5,8,16,0.14,26,41,17,55818
31059,NE,Fillmore County,62.3687,19.06,13.06,0,10,10.5,0,0,40.98944092,12.2,38.8,8.7,26.8,15.2,5541,76295,0.4,7,23.82,3.8,0.6,92.5,6,14,0.12,24,39,16,69021
31061,NE,Franklin County,68.0771,21.47,15.04,0,10,10.5,4,100,66.1456604,13.9,41.3,10.4,30.7,16.4,2846,60195,2.7,9,28.11,3.5,0.1,92.7,6,16,0.16,28,42,18,58346
31063,NE,Frontier County,65.57,15.56,13.99,0,10,10.5,11,0,27.07136726,12.8,39.2,9.5,27.6,15.3,2569,70132,2.6,8.7,26.27,4.9,0.1,91.1,8,16,0.15,26,41,17,62676
31065,NE,Furnas County,32.24,9.66,6.28,0,10,10.5,0,0,17.31442833,13.5,40.6,9.8,28.3,17,4568,61048,1,9,25.99,5.1,0.4,91.4,8,17,0.15,26,41,18,59530
31067,NE,Gage County,54.0557,12.79,9.58,1,10,10.5,0,0,6.881371498,13.4,42.7,9.2,31.4,17.3,21629,67247,1.5,8.5,22.08,3.4,0.5,92.5,6,17,0.16,29,43,18,66947
31069,NE,Garden County,56.48,14.77,15.13,0,10,10.5,0,0,100,15.3,41.2,11.4,33,17.3,1761,41882,5.4,11.1,29.64,4.3,0.1,93.4,9,20,0.14,30,42,19,44135
31071,NE,Garfield County,39.54,11.53,9.48,0,10,10.5,0,0,94.99758148,12.2,36.3,9.2,23.9,12,1718,62804,2.7,5.4,29.39,1.7,0.2,96.7,8,13,0.13,21,38,14,51135
31073,NE,Gosper County,100,20.08,21.09,0,10,10.5,6,0,29.83032417,11.8,38.5,8.3,25.2,13.4,2040,77500,2.4,5.5,23.87,7.4,0,89.8,7,15,0.11,24,39,15,73056
31075,NE,Grant County,68.67,31.89,10.36,0,10,10.5,0,0,100,11.8,37,8.5,23.8,11.9,626,70147,0.3,5.9,21.73,0.2,0.2,96,7,12,0.14,21,37,12,63607
31077,NE,Greeley County,79,24.35,17.46,0,10,10.5,3,50,20.05903435,12.2,37.1,8.7,26.8,14.9,2202,63929,3.5,7.8,25.93,3.1,0.6,91.9,9,15,0.14,25,38,16,60686
31079,NE,Hall County,34.3396,8.53,4.83,1,10,10.5,0,0,29.84672928,12.2,37.7,7.4,31.5,15,62536,69251,4,12.1,15.65,32.4,3.3,60.5,11,18,0.15,31,38,16,69725
31081,NE,Hamilton County,60.1778,12.33,8.43,1,10,10.5,0,0,26.24922371,11.3,41.6,7.7,24,13.3,9464,83994,2.3,3.8,20.88,4.3,0.2,91.9,5,13,0.11,22,42,14,84805
31083,NE,Harlan County,60.05,20.38,12.79,0,10,10.5,0,0,2.488844156,12.7,36,9.1,24.7,13.6,2847,70625,1.3,3.1,28.56,1.8,0.1,94.1,9,14,0.13,23,37,15,63159
31085,NE,Hayes County,100,44.43,19.75,0,10,10.5,0,0,27.62597466,15.5,39.8,11.9,31.8,17.1,843,69250,0,9.5,25.5,4.9,0,93.6,9,17,0.15,28,41,18,59966
31087,NE,Hitchcock County,100,39.81,22.87,0,10,10.5,0,0,99.8841095,13.5,42.9,9.9,29.9,16.6,2569,51567,1.7,13.5,26.39,4.2,0,91.9,8,17,0.16,28,43,18,55551
31089,NE,Holt County,51.8009,14.64,10.39,1,10,10.5,0,0,6.779146194,13.5,39,9.4,28.7,15.6,10102,68513,0.9,8.4,22.89,5.7,0.4,90.9,8,15,0.13,26,39,16,65815
31091,NE,Hooker County,100,32.72,26.22,0,10,10.5,6,0,30.69829941,12.3,38.1,9.1,25.3,13.6,647,49464,3.9,0,21.33,0,1.5,88.9,8,15,0.14,25,40,17,53010
31093,NE,Howard County,62.7275,15.95,10.96,0,10,10.5,51,13.33333333,16.95071983,11.5,37.5,8.1,24.7,13.5,6534,76767,3.8,2.1,22.67,3.2,0.6,91.1,6,14,0.12,23,38,15,68795
31095,NE,Jefferson County,49.3147,15.15,9.8,1,10,10.5,7,-22.22222222,14.35563946,13.5,39.9,9.7,30.1,16.4,7161,59044,1.2,8.3,24.84,5.9,0.3,90.5,6,16,0.15,27,40,17,63707
31097,NE,Johnson County,69.3043,18.18,11.14,0,10,10.5,0,0,14.0432272,11.2,40.2,7.1,25.2,14.5,5261,57632,3.4,6.1,18.68,11.9,4.7,77.6,7,15,0.13,24,40,15,64134
31099,NE,Kearney County,43.1301,10.09,6.73,1,10,10.5,0,0,39.90821075,12.1,38.2,8.4,27,15.9,6713,78631,1.7,6.3,20.54,6.8,0,90.8,6,16,0.12,25,38,16,77458
31101,NE,Keith County,48.0441,11.38,10.97,1,10,10.5,0,0,100,13.6,36.7,9.8,29.3,14.9,8219,60645,2,6.5,27.91,9.1,1.1,85.4,8,15,0.14,26,37,16,57160
31103,NE,Keya Paha County,100,26.52,25.61,0,10,10.5,9,0,29.5572567,14.4,38.3,10.9,26.9,12.9,822,64000,1,5.6,25.3,4.6,0.1,93.1,11,15,0.13,24,40,15,52077
31105,NE,Kimball County,33.33,14.29,6.48,0,10,10.5,0,0,31.59469986,15,42.9,10.6,32.5,17.7,3248,56712,0.7,5.2,28.14,9.9,1.7,82.3,10,19,0.15,30,44,20,59686
31107,NE,Knox County,60.1717,19.8,9.99,0,10,10.5,3,0,50.33340836,13.9,43,10.1,30.8,16.4,8363,64636,3.6,7.7,25.82,2.9,0.7,84.5,8,17,0.15,27,44,17,60057
31109,NE,Lancaster County,24.5911,5.79,2.91,1,10,10.5,0,0,4.620869637,9.5,32,6.1,21.2,12.9,326696,74793,3.2,6.9,15.28,8.5,3.7,77.9,6,14,0.13,21,33,14,71171
31111,NE,Lincoln County,41.0332,10.41,6.16,1,10,10.5,3,-25,3.987722158,14.5,39.6,9.9,30.1,19.3,33802,65148,3.6,7,21.08,9.3,0.8,86,7,19,0.15,27,39,19,63632
31113,NE,Logan County,57.34,20.12,9.45,0,10,10.5,0,0,37.33560181,10,37.1,6.7,21.5,12.2,773,74271,0.2,4.5,23.67,1.9,1.7,88.6,6,12,0.12,22,38,14,66333
31115,NE,Loup County,100,29.57,21.68,0,10,10.5,3,-25,71.81031036,13.8,38.1,10,26.6,13.7,578,71667,0,1.9,24.22,8.5,0,87.5,6,14,0.14,24,39,15,61608
31117,NE,McPherson County,100,32.82,18,0,10,10.5,0,0,18.10644913,13.7,40,9.6,29.5,16.8,475,58684,0,8.8,21.26,0.8,0,92.4,5,17,0.12,28,41,19,55174
31119,NE,Madison County,42.4212,11.49,6.02,1,10,10.5,0,0,29.57969475,11.7,40,7.2,27.3,14.5,35532,63128,3,7.7,17.41,16.3,0.8,77.2,7,17,0.14,27,40,15,68218
31121,NE,Merrick County,66.5231,18.49,11.54,1,10,10.5,4,33.33333333,22.28773499,12.1,39.9,8.4,25.9,14.5,7724,68354,0.4,2.9,21.8,5.6,0,90.5,7,15,0.14,24,40,15,72297
31123,NE,Morrill County,68.89,24.38,12.63,0,10,10.5,0,0,46.46928024,12.6,38.6,8.8,28.4,13.8,4534,58500,3.6,8.3,22.12,14.7,0.1,80.5,8,16,0.13,26,39,14,62245
31125,NE,Nance County,35.62,8.61,5.57,0,10,10.5,6,20,19.24462509,12.8,40.5,8.4,28.8,16.8,3324,65179,3.6,7.5,21.42,2.6,0.2,94.1,6,16,0.15,27,41,17,61228
31127,NE,Nemaha County,51.253,16.86,8.15,1,10,10.5,0,0,4.771343231,11.3,39.7,8,28.6,14.9,7046,60924,6,9.6,20.15,3.3,1.1,89.3,8,16,0.16,27,41,16,65868
31129,NE,Nuckolls County,58.4865,20.97,14.03,0,10,10.5,0,0,58.20906448,12.5,37.6,9.4,28.2,13.9,4087,73976,0.6,2.4,29.31,3.6,0.1,92.6,8,14,0.12,25,38,15,58951
31131,NE,Otoe County,85.9082,22.86,16.97,1,10,10.5,0,0,30.66542244,11.7,36.6,8,26,14.9,16241,82188,2.7,8.9,20.61,9,1,85.5,6,15,0.14,24,37,15,76448
31133,NE,Pawnee County,67.58,21.42,15.66,0,10,10.5,0,0,28.02030373,14.4,38.5,11,32,15.6,2530,62188,2.2,5.4,28.38,1.9,0.1,93.9,10,18,0.15,28,39,17,55574
31135,NE,Perkins County,59.18,14.88,10.07,0,10,10.5,5,25,32.17123032,12.5,38.7,8.9,27.5,15.9,2821,72778,1.5,5.4,23.86,5.6,0,90.1,10,16,0.13,26,39,18,71521
31137,NE,Phelps County,42.4899,8,7.91,1,10,10.5,15,0,36.73703766,10.7,41.9,7.6,24.7,13.8,9009,68919,1.2,9.4,21.2,6.9,0.9,89.5,7,14,0.15,24,43,15,70550
31139,NE,Pierce County,82.497,19.27,13.51,0,10,10.5,6,0,24.45220566,10.8,41.1,7.6,25.9,14.2,7325,72357,2.1,5.6,19.88,2.7,0.4,93.6,6,13,0.12,25,41,15,78454
31141,NE,Platte County,53.3039,11.25,7.35,1,10,10.5,4,-20,7.665017128,11.3,36,7.3,28.4,15.3,34716,71552,2,8.1,18.3,23.7,0.7,72.7,8,17,0.12,28,36,16,76785
31143,NE,Polk County,47.2831,13.35,7.65,0,10,10.5,4,-20,32.38161087,12.3,39.9,8.7,27.7,16.4,5225,69768,1.3,5.5,23.18,6.3,0.2,90.1,8,16,0.12,26,40,18,79938
31145,NE,Red Willow County,71.2728,23.33,13.04,1,10,10.5,4,-42.85714286,31.9896946,11.2,38.7,7.5,23.5,13.9,10557,63697,1.4,10.5,21.03,6.3,1,88.8,8,13,0.15,22,40,15,60614
31147,NE,Richardson County,49.074,14.93,10.91,1,10,10.5,0,0,20.15662384,14.3,43.8,10.1,32.2,18.4,7751,60108,3.7,6,24.45,2.4,0.2,90.4,7,18,0.14,30,44,19,60839
31149,NE,Rock County,53.58,16.4,9.99,0,10,10.5,0,0,63.73807907,12.9,40.2,9.4,27.5,15.3,1319,58125,1.2,10.1,28.89,0.8,0.1,98.6,8,15,0.13,26,41,17,56969
31151,NE,Saline County,55.0667,16.73,9.51,1,10,10.5,0,0,7.455537796,13.3,40.8,8.3,30.6,15.5,14650,79910,2.9,7.7,15.44,29.5,0.4,64.8,12,19,0.13,29,41,16,76586
31153,NE,Sarpy County,42.4291,7.54,3.34,1,10,10.5,5,25,18.75260925,10.3,38.5,5.5,23.9,12.8,197389,103321,2.6,4,12.84,11.6,4,76.3,5,13,0.11,24,38,13,101902
31155,NE,Saunders County,68.896,14.32,10.35,1,10,10.5,0,0,100,10.7,36.2,7.1,22.7,13.3,23048,94066,2.5,5.2,18.5,2.8,0.2,92.2,5,13,0.12,21,36,14,85732
31157,NE,Scotts Bluff County,32.1985,9.7,5.57,1,10,10.5,0,0,3.297801971,13,41.3,7.9,25.8,14.4,35843,63614,2.7,8.9,20.91,23.9,0.6,70.7,9,17,0.15,24,42,15,57571
31159,NE,Seward County,78.7345,19.59,12,1,10,10.5,3,0,11.53827095,9.2,40.5,6.3,22.4,11.6,17641,82444,2.1,5.9,18.22,3,0.8,93.7,6,12,0.12,22,42,13,81819
31161,NE,Sheridan County,51.7014,17.73,11.92,0,10,10.5,0,0,20.37345695,13.1,35.1,9.1,27.8,14.9,5014,60121,2,8.2,27.72,5.4,0.6,80.5,10,16,0.15,26,36,17,59842
31163,NE,Sherman County,65.94,18.06,14.08,0,10,10.5,0,0,8.983746529,14.1,39.5,10.5,32,17.2,2967,63578,3,4.1,27.87,2.8,0.3,92.6,8,17,0.14,29,40,19,57592
31165,NE,Sioux County,100,32.13,21.36,0,10,10.5,0,0,52.41216278,16.2,39.7,12.4,33.9,17.8,1171,53929,1.8,11.4,27.5,2.1,0.1,95.5,10,19,0.17,31,41,20,61344
31167,NE,Stanton County,73.8751,16.17,8.77,0,10,10.5,0,0,89.08621216,12.1,38,8,27,15.7,5796,80687,0.7,7.3,20.58,7,0.1,89,5,14,0.12,25,38,16,78112
31169,NE,Thayer County,48.6301,14.22,11.24,0,10,10.5,0,0,19.72568321,14.1,40,10,28.6,15.6,4901,66213,2,6,25.3,3.2,0.1,93.1,6,16,0.13,26,40,17,63574
31171,NE,Thomas County,100,34.57,20.87,0,10,10.5,0,0,18.93802071,12.5,36.3,9.1,25.1,13.2,564,65000,2.1,6.3,39.01,5,2,89.2,9,14,0.13,22,37,14,56844
31173,NE,Thurston County,73.4225,43.13,6.77,0,10,10.5,216,7.462686567,19.02440643,14.7,47.7,8.3,31.4,22.9,6627,69177,10,9.6,12.58,4.9,0.3,36.2,6,24,0.18,32,49,24,57810
31175,NE,Valley County,39.5091,13.01,8.5,0,10,10.5,5,-16.66666667,50.1302948,12.6,40,9.4,26.6,13.9,4066,61852,0.2,7.5,25.82,2.9,0,94.7,9,14,0.13,23,40,14,56604
31177,NE,Washington County,75.5174,11.75,10.48,1,10,10.5,12,9.090909091,16.1278019,10.4,38.5,7.2,21.6,12,21106,94396,1.8,5.5,19.17,3.3,0.3,92.9,5,11,0.12,20,38,12,88234
31179,NE,Wayne County,40.6832,9.57,6.38,1,10,10.5,0,0,97.19029236,9.4,33,6.5,22,11.3,9844,66215,4.3,6.9,16.76,10.3,1,85.4,6,14,0.15,24,37,14,68309
31181,NE,Webster County,70.9498,21.13,14.59,0,10,10.5,0,0,46.80164719,13.2,39.6,8.7,29.4,16.8,3360,64347,0.7,9.1,22.95,5.8,0.2,88.2,7,16,0.13,28,40,18,57002
31183,NE,Wheeler County,100,35.16,18.95,0,10,10.5,5,25,15.65531445,14,38.4,10.3,28.5,15.3,847,70250,2.3,7,29.28,3.8,0,95.2,5,15,0.14,26,39,17,56377
31185,NE,York County,48.1717,11.93,8.84,1,10,10.5,0,0,15.21286774,10.5,38.3,7.4,22.6,10.7,14286,77757,1.5,5,20.19,6.2,1.3,87.9,5,12,0.13,21,39,11,73671
32001,NV,Churchill County,63.4095,17.34,10.06,1,12,11.9,4,33.33333333,52.59182739,11.2,33.3,7.6,24.7,17.3,25805,79163,5.3,3.3,20.17,15.2,2.1,70.7,11,20,0.14,24,34,18,72065
32003,NV,Clark County,20.3512,5.49,2.27,1,12,11.9,7,75,39.28164673,11.2,32.8,6.5,27.3,15.5,2329548,76472,7.6,9.7,15.9,31.9,11.5,38.3,13,21,0.15,27,33,16,75103
32005,NV,Douglas County,77.1129,17.8,15.94,1,12,11.9,0,0,92.62212372,11.5,30,8.9,21.1,11.6,49623,90754,3,6,32.75,13,0.3,77.2,10,14,0.12,19,31,12,82025
32007,NV,Elko County,50.9758,12.47,4.39,1,12,11.9,4,-42.85714286,87.13883209,10.1,35.8,6.2,24.5,17.3,54047,86487,4.5,5.6,13.14,26,0.8,61.1,10,18,0.13,25,36,17,85829
32009,NV,Esmeralda County,99.98,45.11,25.8,0,12,11.9,0,0,15.33655167,15.9,34.8,11.9,29.4,17.7,1028,41715,0.6,0,24.81,31.5,0.3,58.3,17,24,0.18,27,36,20,59057
32011,NV,Eureka County,69.21,9.78,8.85,0,12,11.9,0,0,0.382494807,13.3,35.1,8.9,27.3,18.6,1585,70473,0,11.2,21.89,5.4,0.1,80.9,8,20,0.16,25,34,18,81661
32013,NV,Humboldt County,57.9368,12.99,6.03,1,12,11.9,62,10.71428571,30.14311028,12.2,34,8,29.7,19.4,17289,81073,5.8,6.9,16.54,27.3,0.8,63.7,11,23,0.14,29,34,19,81500
32015,NV,Lander County,40.51,10.24,5.9,0,12,11.9,4,33.33333333,54.53480911,11.9,33.9,7.8,26.2,17.6,5770,89014,9.4,9.1,14.71,16.8,0.2,75,10,20,0.13,25,34,18,87398
32017,NV,Lincoln County,70.2351,19.09,12.6,0,12,11.9,8,-20,14.26247215,12.2,31.7,9.3,27.4,18.8,4405,72307,1.9,1.2,25.68,6.6,2.8,84.6,10,19,0.13,25,32,19,67577
32019,NV,Lyon County,77.1976,25.28,12.33,1,12,11.9,12,20,11.35223961,12.2,36,8.8,26.2,17.8,61680,80812,6.5,7.9,22.23,19.5,1.3,70.4,12,20,0.14,25,36,18,75195
32021,NV,Mineral County,100,37.2,22.55,1,12,11.9,17,13.33333333,1.534890771,15.7,34.4,11.2,30.2,19.2,4542,54855,9.8,15.3,26.11,17.4,3.2,57.1,9,24,0.16,28,35,21,58039
32023,NV,Nye County,90.6001,35.5,21.97,1,12,11.9,12,-7.692307692,19.2833519,15.4,31.5,10.8,30.2,18.9,54344,60714,8.1,10.2,30.9,17.1,2.9,68.9,12,23,0.17,28,32,21,63071
32027,NV,Pershing County,70.96,15.7,8.35,0,12,11.9,10,-16.66666667,16.93179893,11.5,35,7.5,25.6,18.8,6487,66902,3.9,10.4,17.34,23.6,4.8,63.7,12,20,0.13,25,35,19,66928
32029,NV,Storey County,100,23.2,18.4,0,12,11.9,31,6.896551724,10.48892117,12.4,31.1,9.4,23.5,13.8,4140,93409,6.5,2.3,33.24,12.8,2.2,76.5,8,16,0.12,22,31,16,88684
32031,NV,Washoe County,35.0088,7.8,3.96,1,12,11.9,67,-1.470588235,32.28143311,10.8,29.6,6.9,21.4,15,497200,88096,5.1,6.9,17.7,26.1,2.3,58.5,11,18,0.13,21,30,15,84282
32033,NV,White Pine County,65.8713,15.24,9.58,1,12,11.9,24,14.28571429,16.15127754,12.2,33.3,8.6,28.9,19.4,8735,72865,4,3.1,20.44,16.5,5.9,71.5,7,21,0.12,27,33,20,70635
32510,NV,Carson City,16.9308,3.05,3.14,1,12,11.9,41,-14.58333333,43.04330063,12.1,32.3,8.3,25.7,16.9,58384,72355,5.5,7.1,21.21,26.4,1.7,62.1,12,20,0.14,24,33,17,72823
33001,NH,Belknap County,73.2049,12.95,11.98,1,6,5.7,21,16.66666667,24.24682236,11,30.9,8.2,23,14.8,64659,92783,3.1,6.3,23.96,2.3,0.5,92.7,7,15,0.11,21,30,15,91333
33003,NH,Carroll County,88.0054,24.22,17.75,0,6,5.7,6,-14.28571429,33.86808014,10.6,28.8,8.9,21.4,13.6,51804,86463,5.1,4.8,30.89,1.8,0.6,94,8,14,0.1,19,29,15,77303
33005,NH,Cheshire County,72.5207,15.98,11.31,1,6,5.7,76,5.555555556,30.11383247,10.4,31.1,7.8,21,14.2,77297,83329,3.3,4.4,22.38,2.6,0.7,91.4,6,15,0.11,20,31,15,84008
33007,NH,Coos County,64.857,19.46,12.21,1,6,5.7,236,-7.8125,10.25940514,12.1,35.6,8.7,22.9,15.4,31271,57677,4.3,10.2,26.07,2.4,2,91.9,8,17,0.13,22,36,18,59592
33009,NH,Grafton County,68.5605,16.35,11.31,1,6,5.7,69,0,36.28916168,9.6,28.4,7.4,17.9,11.8,92120,88261,3.2,6.8,22.95,2.9,1.1,87.5,7,13,0.11,17,29,13,81537
33011,NH,Hillsborough County,53.7291,6.81,6.01,1,6,5.7,142,-3.401360544,20.00115395,9,30.1,5.8,18.3,10.3,426378,103545,3.1,4.3,17.31,8.5,2.2,80.1,6,12,0.1,18,30,10,103181
33013,NH,Merrimack County,73.9683,13.05,9.86,1,6,5.7,28,-34.88372093,32.8264122,9.7,30.7,6.7,19.8,11.7,155967,97004,3.1,4.1,19.92,2.7,1.6,90.1,6,13,0.1,19,31,12,91357
33015,NH,Rockingham County,71.1497,8.3,8.37,1,6,5.7,41,32.25806452,35.17203903,9.4,31.8,6.4,18.4,12.1,319082,118331,3.6,3,20.38,3.7,0.7,89.5,5,12,0.08,18,32,13,109660
33017,NH,Strafford County,54.5424,10.61,6.54,1,6,5.7,360,-0.552486188,8.099606514,9.8,31.8,6.2,21,13.7,132575,88570,3.5,5.4,17.09,3.2,1.1,87.6,6,14,0.1,21,33,15,84762
33019,NH,Sullivan County,75.8998,15.3,12.98,1,6,5.7,43,7.5,41.32143021,11.5,32.4,8.4,23,14.9,43715,80858,3.1,6.2,23.53,2.1,0.7,91.4,8,16,0.12,21,32,16,74730
34001,NJ,Atlantic County,48.0992,11.54,6.62,1,8,8.4,260,-5.797101449,0.680313051,12.1,33,7.3,26.7,13,276270,78050,8.8,9.9,19.85,20.4,12.6,54,9,17,0.12,25,33,13,75904
34003,NJ,Bergen County,10.6933,0.96,1.73,1,8,8.4,23,9.523809524,20.42158318,10.1,26,5.9,22.1,9.4,962316,124884,5.8,5.2,18.19,22.7,5.4,51.3,7,13,0.09,21,26,9,116157
34005,NJ,Burlington County,47.3207,6.92,6.27,1,8,8.4,115,-2.542372881,27.95477104,10.1,33,6.1,20.3,11.4,467805,108111,5.3,4.7,18.32,9.6,15.8,62.4,5,13,0.08,19,33,11,102384
34007,NJ,Camden County,21.0354,4.62,2.7,1,8,8.4,216,1.886792453,25.04345894,11.3,32.7,6.3,25.1,12.8,527257,88755,6.9,9.5,16.54,19.2,17.8,52.5,8,16,0.11,25,33,13,82678
34009,NJ,Cape May County,55.4499,14.56,11.45,1,8,8.4,150,-10.71428571,34.07674789,12.1,31.4,9,24.3,13.6,94941,91128,5.3,6,29.5,8.3,3.4,83.9,7,15,0.12,22,32,14,81007
34011,NJ,Cumberland County,49.8622,15.91,6.62,1,8,8.4,97,-1.020408163,40.34281921,12.6,36.6,7.4,28.6,16.6,153305,67436,6.8,12.3,15.8,35.7,16.4,40.9,12,22,0.13,28,37,17,64240
34013,NJ,Essex County,8.0994,0.75,1.33,1,8,8.4,107,-2.727272727,43.64505768,11,29.3,5.5,26.2,12.3,863002,80789,8.7,11.3,14.21,25.2,35.4,27.3,12,17,0.12,26,29,12,80005
34015,NJ,Gloucester County,53.2647,8.18,6.26,1,8,8.4,213,-12.34567901,15.21968079,10.1,36.4,6.5,21.7,12.3,306954,105115,5.3,5,16.9,8.3,10.2,74.3,5,15,0.09,21,36,12,96965
34017,NJ,Hudson County,0.6803,0.12,0.07,1,8,8.4,12,-25,20.82210159,9.8,30.9,5,25.4,11.1,718323,91795,6,11.2,12.64,40.7,10.7,27.3,11,17,0.13,25,31,11,88469
34019,NJ,Hunterdon County,75.986,7.2,9.44,1,8,8.4,67,-6.944444444,40.21159744,9.8,26.8,7.3,20.6,9.8,130160,141715,4.6,2.5,20.82,9.3,2.4,79.9,4,12,0.07,19,27,10,136407
34021,NJ,Mercer County,31.3383,3.85,4.02,1,8,8.4,27,0,42.72038269,10,30.6,6,23.1,10.3,385864,100645,6.3,6.9,15.95,23.1,17.9,42.7,10,15,0.1,22,31,10,95502
34023,NJ,Middlesex County,26.9126,4.09,3.88,1,8,8.4,162,5.882352941,10.96178722,11.1,27.1,5.8,22,9.8,871290,111549,6.7,6.3,16.13,23.6,9.7,37.5,9,14,0.09,21,27,10,104637
34025,NJ,Monmouth County,40.087,5.43,4.85,1,8,8.4,22,-8.333333333,35.05494308,9.8,29.2,6.4,18.9,11.4,645353,124845,5.4,4.3,19.12,12.9,5.8,71.5,6,13,0.08,18,29,12,117752
34027,NJ,Morris County,43.3721,3.9,5.72,1,8,8.4,77,-1.282051282,19.41802979,8.9,26.1,5.9,17.8,8.9,514528,137326,5.2,3.2,18.2,16,3,65.8,5,11,0.08,17,26,9,134308
34029,NJ,Ocean County,51.4004,10.05,12.84,1,8,8.4,0,0,100,10.9,32.5,8.2,25.1,13.5,654362,89863,5.4,6.6,22.62,10.9,2.9,81.1,6,16,0.11,24,33,15,85239
34031,NJ,Passaic County,18.2506,2.12,2.76,1,8,8.4,6,0,28.15223312,11.9,31.5,6.6,31.2,14.4,521012,87522,8,10.8,15.86,44.3,9.7,37.9,13,21,0.12,31,32,15,81823
34033,NJ,Salem County,64.194,16.71,9.98,1,8,8.4,4,33.33333333,39.30725098,10.7,36.1,7.2,22.7,12.5,65275,79960,7.4,9,19.09,11.3,13.2,70.2,7,15,0.12,22,36,13,84008
34035,NJ,Somerset County,46.6173,3.68,6.19,1,8,8.4,4,33.33333333,28.47649574,9.2,27.2,5.4,18.2,8.9,349846,140374,4.7,3.5,17.02,17.6,9.3,49.3,5,12,0.07,18,27,9,140242
34037,NJ,Sussex County,82.8477,11.12,9.6,1,8,8.4,5,0,32.3706665,9.3,29.6,6.6,20.2,11.4,145807,116186,5.1,3.6,18.97,11.9,1.7,79.7,5,13,0.08,19,29,12,109884
34039,NJ,Union County,10.9617,0.94,1.81,1,8,8.4,0,0,17.28959084,10.5,28.3,5.7,24.8,11.5,579290,103202,6.5,6.5,15.07,35.2,19.1,35.4,13,16,0.09,24,28,12,100031
34041,NJ,Warren County,72.3304,13.54,10.93,1,8,8.4,22,4.761904762,32.85469437,9.7,29.6,6.7,22.2,11.9,110849,100869,5.1,5.7,19.55,13,5.6,74.6,6,13,0.1,21,29,12,98857
35001,NM,Bernalillo County,23.8325,7.13,2.46,1,13,13.4,4,-20,30.46512794,10.3,27.7,6.5,20,13.3,673930,69473,5.3,11,18.28,49.1,2.6,37.1,11,18,0.14,20,28,14,68286
35003,NM,Catron County,100,44.1,27.95,0,13,13.4,4,-20,26.57279205,19,32.2,14.4,31.1,19.8,3743,49864,4.2,13.3,47.56,15.7,1.8,74.4,8,22,0.21,26,33,22,45802
35005,NM,Chaves County,40.716,21.29,5.09,1,13,13.4,0,0,28.48679352,13.1,41.4,7.7,29.5,17.3,64217,52938,5,20.1,16.46,58.4,1.5,36.1,14,24,0.17,29,42,18,51179
35006,NM,Cibola County,62.6165,35.9,8.2,1,13,13.4,0,0,100,15.6,38.1,9.1,28.1,22.9,26845,50759,10.5,25.7,18.18,32.9,1.9,19.5,11,26,0.2,27,38,23,47530
35007,NM,Colfax County,82.2413,41.98,17.18,0,13,13.4,0,0,34.43521118,15,35,9.7,27.4,15.1,12322,53554,3.8,12.6,28.8,47.6,0.5,47.4,11,20,0.16,25,36,16,54255
35009,NM,Curry County,47.0345,17.4,5.05,1,13,13.4,7,-22.22222222,20.69598007,10.6,34,6.5,25.2,15.7,47638,57309,8.2,17.3,12.98,45.9,5,43,12,20,0.16,25,35,16,53858
35013,NM,Doña Ana County,55.8746,27.4,7.12,1,13,13.4,3,0,44.5509758,12.4,34.1,6.8,23.8,13.4,224266,56848,6.8,18.5,17.05,67.9,1.4,26.7,13,21,0.16,24,36,15,56233
35015,NM,Eddy County,54.6667,16.22,7.62,1,13,13.4,0,0,37.4185524,12.6,39.1,7,29.2,17.3,61105,78426,5.5,10.7,14.78,51.6,1.2,42.9,11,22,0.12,29,39,17,66485
35017,NM,Grant County,66.767,27.28,14.76,1,13,13.4,10,-16.66666667,54.69831085,15.6,33.7,10.1,29.1,16.7,27775,44958,8.4,12,30.31,47.8,0.8,47.5,10,22,0.17,27,35,18,48454
35019,NM,Guadalupe County,55.8,17.55,8.4,0,13,13.4,0,0,99.99931335,16.1,34.9,8.5,31.6,16.9,4381,42750,2.6,20.1,17.21,76.6,1.9,16.6,14,25,0.17,30,36,18,43463
35021,NM,Harding County,100,48.15,29.21,0,13,13.4,8,-11.11111111,23.91879654,17.9,33.8,12.6,29.8,15,741,48553,15.3,9.7,26.59,36.4,1.8,47.5,14,22,0.15,26,35,18,47606
35023,NM,Hidalgo County,48.1226,22.3,8.17,0,13,13.4,0,0,38.03369141,15.6,34.1,9,30.2,16.3,4041,48882,3.5,21.5,23.34,57,0,38.1,13,24,0.16,29,35,18,45343
35025,NM,Lea County,38.7293,12.54,4.29,1,13,13.4,4,33.33333333,38.16836929,12.5,35.1,6.4,29.6,17.9,73733,68015,6.9,15.3,11.36,62.7,3.1,31,16,24,0.14,30,36,18,60820
35027,NM,Lincoln County,74.5209,28.93,16.75,1,13,13.4,0,0,31.61528206,14.5,30.3,10.3,25.4,15.8,20224,53303,5.1,13.9,31.28,33,0.8,60.2,13,19,0.15,22,31,16,59386
35028,NM,Los Alamos County,44.5516,5.04,8.12,1,13,13.4,13,8.333333333,53.10556793,7.7,22.6,5.2,12.6,7.8,19435,147139,0.6,3.4,18.38,18,0.9,69.8,3,9,0.08,12,22,8,146208
35029,NM,Luna County,55.2906,33.91,12.35,1,13,13.4,12,33.33333333,39.11338425,17.6,37.8,10.2,36.1,19.8,25611,36419,5.4,23.9,20.81,67.1,1.1,28.3,14,30,0.21,35,39,21,38641
35031,NM,McKinley County,80.4683,50.62,7.34,1,13,13.4,3,0,45.40672684,17.2,37.3,9.4,31.6,30.6,70431,47668,9,28.3,13.79,12.2,0.4,8,15,32,0.21,32,37,31,41427
35033,NM,Mora County,100,59.96,18.75,0,13,13.4,22,-21.42857143,30.20224571,19,36.4,10.6,31.2,13,4149,53663,3.8,11.5,34.01,73.5,0,24.7,8,23,0.2,28,37,14,45685
35035,NM,Otero County,59.7955,28.07,7.86,1,13,13.4,0,0,29.21414757,12,37.7,7.2,26.7,17.8,68816,55876,8.6,15.1,17.55,39.6,3.5,45.5,13,21,0.17,26,39,19,51298
35037,NM,Quay County,45.8413,22.01,11.25,1,13,13.4,0,0,50.15951157,16.1,35.3,10.4,31.3,18.5,8564,41946,7.4,19.6,26.39,44.9,0.1,47.9,11,24,0.2,29,36,20,43312
35039,NM,Rio Arriba County,75.5595,0,11,1,13,13.4,9,-18.18181818,28.21139526,16.6,38.7,9.2,29.6,16.9,40070,57155,4.9,14.5,21.82,67.2,0.6,14,12,25,0.16,28,39,18,51703
35041,NM,Roosevelt County,56.1834,26.33,6.76,1,13,13.4,0,0,40.66382599,11.2,31.9,6.8,25.5,15.6,18928,52685,5.4,17.8,15,44.8,0.6,48.1,13,21,0.17,27,34,18,51111
35043,NM,Sandoval County,67.069,22.76,7.32,1,13,13.4,0,0,26.81342697,11.9,30.9,7.2,23.2,15.6,153604,86636,5.2,7.2,20.05,40,2.1,40.9,8,19,0.11,23,31,16,81557
35045,NM,San Juan County,65.3176,30.33,6.61,1,13,13.4,5,-37.5,58.79921341,13.8,38.1,8.9,28.1,24.5,120942,55872,7.3,18.3,16.92,19.8,0.6,36.2,13,25,0.17,27,38,25,57296
35047,NM,San Miguel County,57.3897,28.29,8.96,1,13,13.4,86,-14.85148515,31.40259743,16.3,34.6,8.5,28.1,13,26850,49431,4.8,17.8,25.58,75.2,1.3,17.6,11,22,0.18,26,35,14,46318
35049,NM,Santa Fe County,55.9614,16.62,8.11,1,13,13.4,13,-7.142857143,3.880245447,11.9,22.9,8,19.9,11.3,156105,79071,5.3,8.7,28.05,47.9,0.8,44,13,16,0.12,18,23,11,78366
35051,NM,Sierra County,61.1805,29.43,19.22,1,13,13.4,1091,-15.81790123,0.55486691,16.7,32.1,12.5,28.1,16.7,11500,41600,4.2,11.4,38.83,29.8,0.1,63.1,11,21,0.21,25,34,20,40498
35053,NM,Socorro County,62.5898,34.06,9.24,1,13,13.4,39,-7.142857143,16.36899757,15.7,33.7,9.5,31.3,20.2,16200,36570,1.3,30.3,21.05,50.3,0.4,32.8,12,27,0.21,31,35,22,46070
35055,NM,Taos County,75.3633,32.97,12.61,1,13,13.4,17,-10.52631579,7.871064186,14.7,28.7,8.9,25.9,14.4,34543,58950,7.6,12.2,30.51,50.6,0.3,40.5,12,19,0.14,23,29,15,53935
35057,NM,Torrance County,95.751,47.97,13.6,0,13,13.4,12,9.090909091,3.304559946,15.4,34.5,9.7,30.5,19.4,15490,57842,9,12.3,22.52,43.2,1.7,48,13,25,0.17,29,35,20,44780
35059,NM,Union County,50.65,21.03,7.39,0,13,13.4,28,-6.666666667,14.42107487,15,35,9.8,31.2,20.3,4013,46694,6.2,10.7,22.83,40.1,1.1,53.3,17,25,0.16,29,35,21,45458
35061,NM,Valencia County,78.8553,35.9,10.02,1,13,13.4,16,6.666666667,24.90143013,13.5,35.1,7.2,25.7,15.1,78458,58933,7,13.1,18.73,60.8,1,30.5,12,20,0.15,25,36,16,56785
36001,NY,Albany County,38.5017,6.66,5.72,1,10,10.5,10,25,4.061108589,9.1,32.2,5.7,21.6,11.4,317018,85333,5,7.5,18.17,7.3,11.5,68,5,12,0.12,22,34,13,81193
36003,NY,Allegany County,79.3081,31.32,11.35,0,10,10.5,13,-35,9.279558182,10.7,32.7,7.8,25.3,14.8,47159,62869,7.1,9.8,20.05,2.2,1.5,92.7,5,16,0.14,24,34,17,57488
36005,NY,Bronx County,0.5565,0,0,1,10,10.5,18,-10,16.74766731,16,37.1,7.1,36.6,16.1,1404779,48676,11.4,22.5,14.47,55.1,28.7,8.7,8,28,0.2,36,37,16,46894
36007,NY,Broome County,41.1452,10.43,6.39,1,10,10.5,9,28.57142857,17.63157845,10.3,31.4,7.3,24.3,13.9,197378,62616,7.1,11.6,20.28,5.6,5.1,79.3,5,15,0.15,24,33,16,63590
36009,NY,Cattaraugus County,61.1996,22.42,9.35,1,10,10.5,9,-25,11.44576931,12.1,36.4,8.6,27.9,17.7,76145,59540,5,13.2,20.81,2.4,1.4,87.7,6,17,0.15,26,37,19,55944
36011,NY,Cayuga County,58.428,15.13,8.66,1,10,10.5,80,-19.19191919,35.86144638,11.7,40.7,8.5,27.9,17.6,75102,67904,3.8,9,21.34,3.6,3.3,86.9,5,18,0.13,26,41,18,66431
36013,NY,Chautauqua County,53.3695,18.59,8.8,1,10,10.5,276,-11.25401929,20.90292358,11.8,33.8,8.4,28.3,16.1,125544,58351,5.9,11.8,21.44,9.6,2.1,83.7,6,18,0.15,28,35,18,56040
36015,NY,Chemung County,51.129,12.72,8.3,1,10,10.5,16,-15.78947368,2.862895489,11.9,34.2,8.6,28.6,15.9,82147,63716,6.1,11.6,20.32,3.8,6.4,84,5,17,0.14,27,34,16,60456
36017,NY,Chenango County,74.1657,26.01,12.17,1,10,10.5,13,0,20.72543526,12.6,37.5,9,28.6,18.3,46321,62948,6.4,7.6,22.34,2.5,0.7,92.3,5,17,0.13,27,38,19,57407
36019,NY,Clinton County,63.5114,18.27,8.46,1,10,10.5,11,-15.38461538,12.5445919,11.4,41.1,7.3,28.5,17.5,78493,71224,4.1,9.3,19,3.5,2.9,88.2,5,17,0.13,28,42,19,64282
36021,NY,Columbia County,85.2532,23.85,14.91,1,10,10.5,9,-18.18181818,9.766950607,10.9,32.7,8.1,24.7,13.3,61100,81528,5.4,9,26.22,6.3,3.5,82.4,5,14,0.11,23,33,15,73112
36023,NY,Cortland County,49.7987,13.12,6.88,1,10,10.5,13,0,11.70697117,9.9,31.7,6.8,24.7,14.7,46246,70418,4.6,6.9,17.15,3.6,1.7,89.2,5,16,0.13,26,34,17,63890
36025,NY,Delaware County,70.3175,22.47,14.23,1,10,10.5,3,-25,53.34661102,12.7,35.7,9.1,26.9,15.1,44487,63337,6.4,11.5,26.41,4.9,0.8,89.2,6,15,0.14,24,36,16,56163
36027,NY,Dutchess County,61.7009,11.07,8.14,1,10,10.5,10,0,12.39382076,10.1,34.1,6.6,21.3,11.8,298220,99478,5.2,4.7,19.13,15.4,9.2,66.1,5,13,0.1,20,34,12,96374
36029,NY,Erie County,31.927,7.71,4.93,1,10,10.5,28,-17.64705882,15.23918629,10.3,32.3,6.9,25.8,14.5,950622,72839,4.9,9.2,19.29,6.4,12.1,72.3,4,15,0.12,26,33,16,70443
36031,NY,Essex County,75.7653,21.46,13.22,0,10,10.5,2019,-19.07815631,0.014900838,11.4,35.9,8.6,25.1,16.2,36973,71661,4,7.4,26.39,2.9,1.9,91.6,6,15,0.12,23,36,18,70902
36033,NY,Franklin County,72.6987,25.68,9.1,1,10,10.5,4,33.33333333,13.56959057,12,36.7,8.8,29.3,18.4,46696,65151,3.9,13.5,19.53,2.9,3.4,83.4,6,18,0.15,27,37,18,63624
36035,NY,Fulton County,52.3001,16.36,8.54,1,10,10.5,11,-15.38461538,17.98459435,12.3,36.5,8.8,29.6,19.9,52487,66533,3.5,9.3,20.83,4.4,1.4,87.9,6,19,0.14,29,36,21,63409
36037,NY,Genesee County,63.3376,14.49,9.25,1,10,10.5,11,0,16.78334618,11.3,35.3,8.3,27.1,16.5,57787,73314,4.6,6.2,20.28,4.8,2.1,87.9,5,16,0.12,25,35,17,71749
36039,NY,Greene County,87.7907,24.99,15.11,1,10,10.5,190,0,33.90509796,10.9,32.2,7.7,24.5,14.1,47409,77945,3.9,4.9,24.13,6.8,4.5,82.8,5,15,0.11,23,32,15,70789
36041,NY,Hamilton County,95.6971,23.67,21.87,0,10,10.5,8,-27.27272727,37.94712067,14.6,37.6,11.1,30.6,17.8,5089,68835,4.4,3.7,33.76,2.1,1.5,91.5,7,17,0.13,26,37,18,68529
36043,NY,Herkimer County,57.0662,17.64,9.27,1,10,10.5,482,-13.92857143,5.554959297,11.4,37.8,8.2,25.3,16.5,59757,68515,4.3,9.6,22.29,2.8,1.2,90.7,5,15,0.13,23,38,17,63771
36045,NY,Jefferson County,61.9799,19.66,6.67,1,10,10.5,1022,-22.51705838,0.000126114,10,36.3,6.6,29,17.1,115040,66301,5.9,10.3,15.11,7.5,4.3,80.2,5,17,0.14,29,37,18,61664
36047,NY,Kings County,0.0157,0,0,1,10,10.5,36,5.882352941,19.84074402,11.6,26.9,6.2,26.1,11.8,2631580,80263,7.9,15.1,15.45,19,26.6,36.1,6,17,0.15,26,27,12,76353
36049,NY,Lewis County,86.5706,28.92,12.41,0,10,10.5,52,-26.76056338,18.24695396,11.2,36,8,26.6,16.9,26607,68182,5.2,8.7,20.54,1.8,0.7,93.4,6,16,0.13,25,36,18,64941
36051,NY,Livingston County,72.7791,19.98,9.07,1,10,10.5,105,-13.2231405,26.73101807,10.3,31.4,7.3,23.6,14.8,61498,74001,5.2,5.2,20.14,4.6,1.9,88.1,5,15,0.11,23,32,16,70185
36053,NY,Madison County,76.0373,20.69,10.23,1,10,10.5,15,-21.05263158,9.89011097,9.8,33.3,7.2,23,14.4,67328,75499,4.2,6.9,20.32,2.6,1.8,89.6,5,14,0.11,22,34,16,73680
36055,NY,Monroe County,41.0697,8.09,5.81,1,10,10.5,100,-7.407407407,33.80535889,10.2,35.6,6,19.8,11,753753,76382,4.9,9.1,18.77,9.9,13.5,67.7,4,12,0.12,19,36,12,73263
36057,NY,Montgomery County,81.6419,35.01,12.84,1,10,10.5,6,-25,9.242123604,12.5,35.9,8.8,31.6,19.1,49528,64943,4.7,10.1,19.44,15.4,2.5,77,6,19,0.14,29,36,19,61463
36059,NY,Nassau County,5.555,0.48,0.9,1,10,10.5,20,-4.761904762,7.887203217,10.9,27,6,20.9,9.5,1389591,146202,4.8,3.6,18.67,18.7,10.8,54.3,4,12,0.07,20,27,9,140466
36061,NY,New York County,0.0001,0,0,1,10,10.5,15,-16.66666667,34.20439911,9.1,20.9,6.1,20.8,10.5,1629477,103931,7.6,12.7,18.15,24.4,12.5,45.5,5,15,0.15,20,21,11,100869
36063,NY,Niagara County,46.2858,10.32,7.34,1,10,10.5,26,-3.703703704,53.55994415,11.3,34.8,8,25.5,14.7,210721,69633,5.9,9.7,20.73,4,6.3,82.1,5,15,0.13,23,35,15,65932
36065,NY,Oneida County,52.3377,14.33,8.28,1,10,10.5,1317,-18.90394089,0.570364594,11.1,38.1,7.7,28.1,15.1,229124,70154,4.6,10.6,19.83,7.1,5.7,78.7,5,16,0.13,26,38,15,61566
36067,NY,Onondaga County,38.1521,8.01,5.64,1,10,10.5,35,-7.894736842,23.62350082,10.9,34.7,7.4,24.4,15.3,471129,76945,5.2,9.2,18.68,5.9,10.2,73.8,4,16,0.12,23,35,16,74388
36069,NY,Ontario County,64.1411,14.85,9.71,1,10,10.5,195,-19.4214876,0.999840617,10.5,33.5,7.2,22.3,13.4,112625,82324,3.7,4.6,22.16,5.7,2.1,86.9,5,14,0.11,21,34,14,79364
36071,NY,Orange County,53.9727,8.62,6.2,1,10,10.5,100,-9.90990991,27.64845657,10.3,37,6,23.3,11.6,406616,97178,5.5,8.7,14.64,23.9,10.5,57.9,6,14,0.11,23,37,12,93492
36073,NY,Orleans County,72.9079,25.18,10.76,1,10,10.5,18,-40,16.42942238,10.7,36.3,7.4,24.6,15.2,39608,65969,5.1,9.3,19.86,5.5,4.9,84.6,6,15,0.13,24,36,16,65156
36075,NY,Oswego County,63.6957,20.01,7.71,1,10,10.5,27,-3.571428571,24.36357689,10.9,38.3,7.5,26.6,16.5,117953,69183,7,10.9,17.96,3.3,0.9,90.8,5,17,0.14,26,39,17,68613
36077,NY,Otsego County,81.4702,25.22,13.43,1,10,10.5,47,2.173913043,18.82271385,10.3,33.3,7.3,24.3,12.3,60108,68885,6.4,7.4,21.48,4.5,2.2,88.1,6,15,0.12,24,36,14,63863
36079,NY,Putnam County,65.5469,7.99,8.26,1,10,10.5,4,100,6.876482964,10.2,30.5,6.5,22,11.2,98107,126257,4.4,4,19.27,20,2.8,70.9,4,12,0.08,21,30,11,120930
36081,NY,Queens County,0.5704,0.07,0.08,1,10,10.5,0,0,0.816811085,12.3,24.7,5.8,27.7,10.4,2323052,86136,7.2,10,17.8,28.1,16.3,23.2,9,16,0.13,27,25,11,81399
36083,NY,Rensselaer County,51.7494,8.82,7.18,1,10,10.5,6,-14.28571429,6.570611,10.1,34.5,6.7,22.2,12.6,160332,87915,5.3,7.9,18.29,6.2,6.5,78.7,5,14,0.12,22,35,13,82846
36085,NY,Richmond County,0.9996,0.16,0.16,1,10,10.5,21,-8.695652174,14.14418221,11.3,29.4,6.3,26.3,10.5,494956,98333,5.6,8.6,17.22,19.6,8.8,55.5,5,14,0.12,25,29,11,93337
36087,NY,Rockland County,27.6489,4.36,4.17,1,10,10.5,437,-10.99796334,28.50735474,11.6,31.4,6.6,25.7,13.1,341883,109959,5.6,11.1,15.7,20.6,10.2,59.7,6,17,0.11,25,32,14,105923
36089,NY,St. Lawrence County,62.9621,23.49,9.11,1,10,10.5,33,10,4.648905754,11.4,35.7,7.8,28.5,17.8,107226,62850,5.3,11.5,18.79,2.5,1.9,91.2,5,17,0.15,28,37,20,57832
36091,NY,Saratoga County,62.6121,9.84,8.09,1,10,10.5,10,0,8.309746742,8.9,32.6,6.5,18.4,10.5,238284,100787,3.3,4.5,19.97,3.9,1.6,86.8,4,10,0.1,17,32,11,94394
36093,NY,Schenectady County,27.1034,4.43,4.17,1,10,10.5,20,-4.761904762,15.15502834,10.2,34,6.5,22.2,12.9,160369,79623,5.8,9.8,17.85,8.3,9.6,67.7,4,13,0.11,21,34,13,74791
36095,NY,Schoharie County,80.2631,21.74,13.05,1,10,10.5,45,-4.255319149,23.35189056,11.7,36.7,8.6,27,17.8,30049,70133,5,7.6,23.9,4,1.3,88.7,5,17,0.12,25,38,19,63768
36097,NY,Schuyler County,88.8813,31.57,14.87,0,10,10.5,21,-22.22222222,31.80028915,12.3,37.6,8.9,28.1,19,17562,67663,6.5,10.1,23.03,2.1,1.1,92.4,6,18,0.14,26,38,20,65210
36099,NY,Seneca County,72.8641,23.34,10.46,1,10,10.5,10,0,7.454498291,11.3,37.5,8.1,27,15.8,32920,68089,4.5,7.5,21.58,4.4,3.5,87.3,7,16,0.13,25,37,16,58581
36101,NY,Steuben County,62.3236,21.28,9.93,1,10,10.5,16,6.666666667,6.118927479,10.9,36.1,7.7,24.8,14.9,92588,65887,6,8.5,20.8,2,1.6,91.4,5,15,0.13,24,37,17,64261
36103,NY,Suffolk County,30.3669,4.28,4.42,1,10,10.5,422,-12.98969072,14.04479885,10,29.8,6.6,23.5,10.6,1530146,130686,4.7,4,17.91,22.8,6.9,62,5,13,0.08,22,30,11,123219
36105,NY,Sullivan County,69.9243,21.14,10.49,1,10,10.5,8,0,21.70919418,12.8,34.9,8,27.8,15.1,79721,72382,5.8,9.7,19.25,19,8.4,66,6,17,0.13,26,35,15,68063
36107,NY,Tioga County,76.0228,19.43,11.72,1,10,10.5,10,0,0.594209492,11,35.5,8,25,14,47864,72739,5.5,9.4,21.81,2.4,1.3,92.5,4,13,0.12,22,35,14,67616
36109,NY,Tompkins County,55.2397,15.4,6.73,1,10,10.5,26,-10.34482759,24.99435997,7.7,29.6,5.4,19.9,11,104537,74024,5.5,6.8,16.26,6.6,3.6,73.7,5,14,0.12,21,33,13,68222
36111,NY,Ulster County,72.2495,18.85,10.7,1,10,10.5,0,0,20.40504646,10.8,31.7,7.2,22.7,13.3,182601,86271,5.4,6.3,21.27,12.2,5.7,72.4,7,15,0.13,22,32,14,84593
36113,NY,Warren County,55.649,12.03,9.91,1,10,10.5,3,0,4.276329994,11,34.7,8,27,17,65517,78442,4.3,6.2,24.31,3,1.2,91.4,5,16,0.12,25,35,18,73115
36115,NY,Washington County,64.8696,18.33,9.7,1,10,10.5,0,0,8.414905548,11.3,36.1,7.9,25.4,15.1,60522,73495,5,7.6,21.66,3,2.2,89.8,5,15,0.12,24,36,16,71396
36117,NY,Wayne County,68.2461,17.91,9.52,1,10,10.5,6,50,22.15604019,10.8,37.2,7.4,24.7,14.4,90929,74506,3.3,6.6,20.82,5.3,2.2,86.6,6,14,0.11,23,37,15,73028
36119,NY,Westchester County,18.2588,1.66,2.74,1,10,10.5,3,-25,0.301313251,9.8,26.7,6.2,21,9.4,999677,118976,6.1,6.3,18.16,27.4,12.7,49.2,5,13,0.09,20,27,9,114020
36121,NY,Wyoming County,76.7064,18.59,10.13,1,10,10.5,8,-11.11111111,20.74079895,10.8,35.8,7.6,26.3,16.3,39753,69110,3.6,7.9,20.41,3.8,3.7,88.2,5,16,0.12,25,36,17,70775
36123,NY,Yates County,69.4125,20.9,10.65,0,10,10.5,0,0,45.94849014,12,35,8.8,28.4,17.2,24526,69701,3.1,7.1,22.6,2.6,0.8,93.7,13,18,0.12,27,35,18,66155
37001,NC,Alamance County,55.141,20.29,7.4,1,12,12.1,6,0,14.38751698,12.7,37.3,7.4,26.2,16.4,176893,65651,5.1,9.7,17.16,15.3,19.6,58.1,12,20,0.14,26,38,17,66395
37003,NC,Alexander County,83.9587,32.06,12.03,1,12,12.1,23,4.545454545,28.02647972,12.1,33.9,8.2,24.3,15.9,36412,65354,5,8.8,21.2,5.6,5,85.5,11,17,0.15,23,34,16,62976
37005,NC,Alleghany County,84.8392,40.28,16.82,0,12,12.1,64,14.28571429,29.42600441,15.7,36.2,11.1,29.7,18,11174,47172,3.7,9,30.74,11.4,1.6,83.9,17,21,0.18,27,37,20,46571
37007,NC,Anson County,81.0099,34.13,10.83,1,12,12.1,14,-12.5,24.90929031,16.4,42.7,8.6,30.3,19.4,22289,47302,5.5,17.2,19.72,4.2,44.6,43.7,13,23,0.16,29,43,20,50503
37009,NC,Ashe County,87.791,32.78,16.8,1,12,12.1,37,19.35483871,31.66428757,13.4,33.8,9.5,26,16.2,26950,56866,4.8,9.2,27.25,6,0.9,90.8,13,18,0.16,24,34,17,54589
37011,NC,Avery County,92.8081,40.09,15.77,0,12,12.1,12,9.090909091,35.098526,12.5,32.6,8.9,23.7,15.8,17680,61428,4.8,6.4,23.64,6.1,3.8,85.7,15,17,0.15,23,33,17,55922
37013,NC,Beaufort County,75.9568,29.68,13.88,1,12,12.1,0,0,3.623453617,15.7,38.4,9.6,29,17.1,44499,58357,3.9,13.1,25.65,7.9,22.8,66.3,12,20,0.16,26,38,17,55960
37015,NC,Bertie County,93.9931,48.02,15.92,1,12,12.1,15,7.142857143,33.18582916,19,43.2,9.9,32.1,19.6,17170,48750,5.1,9.4,25.28,2.5,59.6,34.4,11,25,0.16,30,44,21,44371
37017,NC,Bladen County,81.3524,41.62,11.94,1,12,12.1,3,0,8.656970024,16.8,38.6,9.5,30.9,17.4,29566,42422,5.4,18.7,23.46,9.3,32.1,53.4,11,21,0.18,28,39,18,49661
37019,NC,Brunswick County,77.3059,26.19,16.21,1,12,12.1,29,-17.14285714,28.24795151,14.2,31.1,9.9,23.2,13.5,152568,77024,4.7,6.2,33.82,5.6,8.3,80.8,9,15,0.14,20,31,14,76797
37021,NC,Buncombe County,54.5013,18.1,8.55,1,12,12.1,17,30.76923077,11.23697281,9.9,26.3,6.9,19.5,10.8,274360,74436,4.3,6.4,21.25,8.6,4.8,80.8,13,13,0.15,18,26,11,71218
37023,NC,Burke County,75.6821,31.23,11.93,1,12,12.1,5,0,8.741196632,13,31.9,8.6,25.6,16.5,87795,58592,4.4,11.5,21.68,8.5,6.1,79.1,13,18,0.17,24,32,17,55616
37025,NC,Cabarrus County,53.15,13.27,5.74,1,12,12.1,0,0,35.099823,10.8,35.1,5.8,22,12.5,236133,89005,4.6,6.8,13.57,12.7,18.7,57.3,9,15,0.12,21,35,12,85540
37027,NC,Caldwell County,76.4173,31.27,11.16,1,12,12.1,0,0,3.236461878,13.1,35.2,8.6,25.5,17.2,80536,56425,5,10.8,21.45,6.7,4.1,85.3,13,19,0.16,25,35,18,56239
37029,NC,Camden County,99.9253,28.52,12.83,0,12,12.1,17,0,13.78273106,11.2,35.1,6.8,22.8,15.8,10927,91078,5.5,6.6,16.46,4.2,9.4,78.1,9,16,0.12,22,34,16,84656
37031,NC,Carteret County,67.2019,19.97,12.65,1,12,12.1,13,-18.75,8.215513229,13.1,31.7,9.3,23.3,13.7,69148,72322,4,6.8,26.99,4.9,4.1,85.3,10,15,0.15,20,32,14,76397
37033,NC,Caswell County,92.598,34.49,14.82,0,12,12.1,21,31.25,34.35746002,15.9,35.8,9.2,28.1,18.1,22404,59755,5.2,14,23.07,5.1,30.5,59.9,12,21,0.15,26,36,18,57865
37035,NC,Catawba County,61.2506,20.31,8.3,1,12,12.1,57,14,29.24068069,12,33.8,7.5,23.6,15.7,163573,67864,3.7,8.5,18.71,11.5,7.7,71.9,12,18,0.15,23,34,17,65898
37037,NC,Chatham County,73.3829,20.49,13.34,1,12,12.1,9,-10,1.516551495,13.5,30.8,8.5,22.6,13.7,80151,94317,2.9,9.5,25.19,13.6,10,69.5,11,16,0.13,21,31,14,95716
37039,NC,Cherokee County,92.5364,37.62,21.24,0,12,12.1,17,0,35.63447189,15.6,31.5,11.4,27.2,17.1,29562,53628,4.1,7.2,31.47,3.7,1.8,89.3,13,20,0.17,24,32,18,53926
37041,NC,Chowan County,77.9405,32.11,14.83,1,12,12.1,30,-6.25,25.24644661,16.3,39,9.8,28.2,16.2,13836,53864,4.1,16.8,26.06,4,32.4,60.4,12,21,0.17,26,39,18,60808
37043,NC,Clay County,90.8275,38.91,20.92,0,12,12.1,5,0,31.47609138,14.3,32.5,10.3,25.4,15.3,11610,56971,2.6,7.3,32.78,4.1,2.2,90.2,13,18,0.16,24,33,18,53229
37045,NC,Cleveland County,66.2647,29.29,9.37,1,12,12.1,14,0,11.00034714,13.6,37.6,8.1,28.1,19.7,100991,58534,5.2,12.2,18.81,4.7,17.9,70.6,10,21,0.16,27,38,21,61411
37047,NC,Columbus County,78.2925,35.29,11.07,1,12,12.1,51,-1.923076923,32.98355103,16.2,38.8,9.3,30.2,20.5,50140,49442,4.4,15.2,20.69,5.6,28,58.6,13,24,0.17,29,39,22,50837
37049,NC,Craven County,65.3764,19.96,10.17,1,12,12.1,12,9.090909091,17.57352066,13.7,35.4,8,25.2,16.1,102612,65873,4.2,10,20.9,7.8,19.5,64.5,11,19,0.15,25,36,17,61761
37051,NC,Cumberland County,43.905,18.53,3.62,1,12,12.1,90,9.756097561,40.88824844,11.6,38.2,5.7,23.5,14.5,338545,61291,7.6,13.3,13.01,12.7,36.7,39.8,10,19,0.16,25,40,16,61511
37053,NC,Currituck County,86.8437,24.99,11.06,0,12,12.1,10,25,4.240715027,11.2,34.3,7,21.1,14.1,30601,93511,3,5.3,17.94,5.2,5,83.8,10,14,0.12,20,33,14,86047
37055,NC,Dare County,57.3441,15.37,9.51,1,12,12.1,36,12.5,33.18917847,11.4,30.1,7.8,19.4,11.1,37875,88994,5.9,3.9,25.25,7.4,2.5,85.4,10,12,0.12,18,30,11,79646
37057,NC,Davidson County,69.6297,23.39,9.96,1,12,12.1,0,0,25.92558861,12.3,34.3,7.7,23.3,16,172954,64172,4.1,9.9,19.02,8.9,9.1,76,12,18,0.15,23,35,17,63551
37059,NC,Davie County,85.7275,26.24,12.72,1,12,12.1,0,0,2.652107239,12.5,33.9,8.1,24.5,15.2,44122,75057,4.7,7.2,22.15,8.3,4.4,82,10,17,0.15,23,34,16,76153
37061,NC,Duplin County,78.9179,40.68,10.18,1,12,12.1,6,-14.28571429,23.05311394,15.3,39.1,8.6,29.9,17.6,49335,55148,5.3,15,19.89,23.3,22.1,50.2,17,23,0.17,28,39,18,52947
37063,NC,Durham County,39.6969,9.72,4.17,1,12,12.1,4,-20,0.125812262,10.3,32.2,5.1,19.3,10.7,332353,82316,3.9,7.6,14.49,15.8,31.8,41.7,11,14,0.12,19,33,11,81413
37065,NC,Edgecombe County,59.9065,28.39,8.03,1,12,12.1,117,-1.680672269,24.20009041,17.5,40.2,8.5,29.8,17.8,48736,51265,8.7,18.9,20.91,6.2,55.5,34.9,11,23,0.16,29,41,19,49972
37067,NC,Forsyth County,48.3132,16,6.15,1,12,12.1,17,-15,10.80055714,12.1,31.6,6.7,22.4,14,389977,67165,5,10.1,16.96,15.1,24.6,53.5,12,17,0.15,22,32,15,65556
37069,NC,Franklin County,85.3154,30.08,10.75,1,12,12.1,18,-10,17.92393875,13.3,38.3,7.5,24.9,16.2,74386,74240,4.6,8.1,17.46,11.2,22.5,60.7,12,18,0.13,24,38,16,70898
37071,NC,Gaston County,50.4566,18.57,6.32,1,12,12.1,9,-10,9.498391151,12.5,36.7,7.6,23.8,16.7,234881,67478,4.8,10,16.5,9.9,17.1,66.4,12,18,0.14,23,37,17,67076
37073,NC,Gates County,97.029,29.26,14.52,0,12,12.1,21,-4.545454545,25.74621773,15.4,37.6,8.9,27.1,17,10376,66333,5.9,7.1,22.72,2.2,31,63.2,10,19,0.14,25,37,18,64047
37075,NC,Graham County,85.053,39.98,16.77,0,12,12.1,5,-28.57142857,22.41112137,13.8,33.7,9.9,26.3,17.9,8072,49684,7,3.9,25.55,3,0.4,84.9,14,19,0.17,24,34,19,51841
37077,NC,Granville County,81.9155,24.53,9.57,1,12,12.1,6,0,18.18270111,14.3,37.9,7.8,25.5,17.1,60877,71111,4.6,11.9,17.69,11.1,28.8,55.4,11,19,0.13,24,38,17,72896
37079,NC,Greene County,88.5976,40.19,10.05,0,12,12.1,0,0,60.47061157,15.3,41.1,8.1,29.9,19.9,20486,53244,5.7,14.4,17.3,15.5,31.5,45.5,17,25,0.17,30,41,20,52145
37081,NC,Guilford County,38.3087,10.8,4.9,1,12,12.1,30,0,22.22760391,11.8,32.7,6.3,23.7,13.9,547940,68642,4.6,10.3,15.91,10.1,33.5,46,11,18,0.14,24,34,15,65890
37083,NC,Halifax County,58.9191,31.89,9.66,1,12,12.1,8,14.28571429,6.02341938,18.6,41.2,9.9,32.4,19.9,47675,45590,9.3,17.8,22.06,3.4,51.5,36.7,12,25,0.18,30,41,20,48520
37085,NC,Harnett County,71.6698,27.6,6.75,1,12,12.1,35,2.941176471,12.45061779,12.2,39.5,6.8,25.5,16,139150,71287,4.7,10.6,13.71,15.1,19.8,58.2,12,20,0.15,25,39,16,70074
37087,NC,Haywood County,71.3856,22.55,14.47,1,12,12.1,3,50,0.175716534,12.4,31.7,8.8,23.3,13.7,62662,61912,3.1,9,25.7,5,0.9,90.4,11,16,0.15,21,32,14,64553
37089,NC,Henderson County,66.4815,19.52,14.05,1,12,12.1,14,-6.666666667,22.99479675,12.4,33.6,8.7,22.2,13.5,118484,68187,3.5,8.8,26.48,13.1,2.6,79.5,13,16,0.15,21,34,15,63765
37091,NC,Hertford County,69.4322,33.08,10.29,1,12,12.1,13,-7.142857143,31.29149437,18.1,42.5,9.1,32,19.5,19908,45537,6,15.8,22.77,6.4,55.6,32.2,11,25,0.16,31,43,21,48964
37093,NC,Hoke County,84.1047,36.68,5.6,1,12,12.1,13,-13.33333333,25.27218056,13,35.9,6.2,26.5,17.1,53835,64912,6.6,13.6,11.67,15.6,32.1,36,12,21,0.16,27,36,17,60257
37095,NC,Hyde County,93.89,44.3,14,0,12,12.1,7,-22.22222222,2.787841797,17,39.5,10,32.8,22.1,4592,53713,2.5,19,19.64,10.1,24.2,57.7,18,25,0.22,31,39,22,49781
37097,NC,Iredell County,59.3038,17.64,7.5,1,12,12.1,8,-20,8.00935173,11.4,34,6.7,23,14.3,196544,81419,4.2,7.8,16.76,9.3,11.1,72.7,11,16,0.13,22,34,15,84335
37099,NC,Jackson County,84.0079,35.99,12.35,1,12,12.1,5,25,13.1020155,11.4,30.6,7.7,22.5,14.3,43771,55815,4.9,9.8,20.21,8,2.1,78.4,15,17,0.17,22,32,16,55462
37101,NC,Johnston County,70.5375,23.85,6.56,1,12,12.1,3,-40,9.465067863,12.1,36.8,6.5,24.6,16.2,234263,83384,3.8,7.6,13.72,16.8,16.7,61.4,12,18,0.13,24,36,16,79666
37103,NC,Jones County,84.5137,43.76,15.08,0,12,12.1,216,0,21.30596161,16.5,38.4,9.5,30.1,18.7,9302,59641,4.4,15,24.17,5.1,26.6,63.1,13,22,0.16,28,38,19,53001
37105,NC,Lee County,63.4265,21.95,9.48,1,12,12.1,0,0,6.514845371,13.7,38.5,8,27.8,17.1,65816,65387,3.8,13,17.14,21.7,17.2,55.8,14,21,0.16,27,38,17,62680
37107,NC,Lenoir County,62.4163,28.14,8.97,1,12,12.1,6,50,16.95298958,17.2,40.1,9.5,30.4,18.2,54919,45143,9,17,21.45,8.8,39.2,47.3,13,23,0.18,29,40,19,51601
37109,NC,Lincoln County,79.6411,27.63,10.41,1,12,12.1,17,-10.52631579,26.81064034,12.2,33.5,8,24.8,16.5,92716,80016,3.3,8.6,19.48,8.1,5.9,82,10,17,0.14,23,33,16,79109
37111,NC,McDowell County,73.681,30.09,11.69,1,12,12.1,21,-16,17.74091148,13.9,33.5,9.5,29.5,22.1,44817,57168,4.1,9.9,20.98,7.1,3.8,85.6,12,23,0.17,28,33,23,53697
37113,NC,Macon County,79.8984,29.24,19.23,1,12,12.1,49,0,28.69141388,14.1,31,10.4,24.8,14.4,37941,59061,2.8,6.2,29.2,10,1.4,85.2,15,17,0.17,23,31,16,58765
37115,NC,Madison County,86.6876,34.2,15.62,0,12,12.1,0,0,1.159337044,12.3,31.8,8.5,24.4,17,21867,58531,3.1,9.2,23.23,3.6,1.1,91.2,11,19,0.16,23,32,18,59505
37117,NC,Martin County,78.1538,33.91,13.43,1,12,12.1,23,15,38.93157959,18.2,38.5,10.4,31.5,19.2,21644,48578,6.1,15.4,25.56,4.4,40.1,51.2,12,23,0.17,28,39,20,49033
37119,NC,Mecklenburg County,23.6935,5.8,2.19,1,12,12.1,26,36.84210526,8.682192802,10.5,34.2,5,18.8,13,1154681,87005,4.3,7.4,11.94,16,29.7,43.2,12,16,0.12,19,34,13,84796
37121,NC,Mitchell County,86.2542,29.94,18.56,0,12,12.1,4,0,5.911385536,12.9,34.2,9,24.4,15.5,14992,57602,6.5,9.7,25.95,5.6,0.9,91,11,17,0.17,23,34,16,56746
37123,NC,Montgomery County,78.3591,35.74,12.04,1,12,12.1,9,28.57142857,17.78544807,14.5,37.5,9,27.2,16.6,26007,57766,2.8,11.5,22.25,15.8,16,62.7,14,20,0.16,26,38,17,55005
37125,NC,Moore County,72.9334,21.09,15.48,1,12,12.1,11,0,23.55072975,12.1,32.1,8.2,19.9,12.5,104876,86080,4.8,6.3,24.06,7.8,8.9,75.7,9,14,0.13,18,32,13,78955
37127,NC,Nash County,61.7754,21.09,7.58,1,12,12.1,0,0,5.430092812,14.6,42,7.9,27.9,17.1,96216,62426,4.9,8.1,19.36,8.2,40.1,46.3,13,21,0.14,27,42,18,65457
37129,NC,New Hanover County,30.771,9.88,4.42,1,12,12.1,5,0,10.85702133,10.2,31.6,6.2,18.4,11.5,235229,75166,4.5,7.5,19.05,7.9,10.7,74.7,11,14,0.14,18,32,13,79106
37131,NC,Northampton County,86.259,40.9,16.57,0,12,12.1,25,-7.407407407,21.70211029,20,40.3,10.9,31.5,17.9,16931,50086,8.1,15.7,29.61,2.4,54.4,39,10,23,0.15,27,40,18,44182
37133,NC,Onslow County,67.6238,24.77,4.7,1,12,12.1,0,0,5.682321072,8.5,29.3,4.9,20.6,13.3,207906,68148,5.4,9.3,10.19,14,11.5,64,8,17,0.16,23,32,15,66982
37135,NC,Orange County,41.8824,10.1,4.73,1,12,12.1,24,9.090909091,23.32804298,8.8,24.5,5.1,15.4,8.6,149678,90089,3.6,5.1,16.1,10.6,10.1,66.2,10,12,0.12,16,26,10,86736
37137,NC,Pamlico County,87.5202,36.28,17.59,0,12,12.1,14,27.27272727,22.72092438,15.8,36.2,10.4,26.9,15.8,12390,59717,5.1,10.5,30.56,4.8,16.1,73.4,11,18,0.15,24,37,17,61996
37139,NC,Pasquotank County,64.473,22.83,8.41,1,12,12.1,29,-12.12121212,8.484329224,13,35.3,7.1,24.6,15.3,40834,66589,5.9,8.1,18.64,6,34.2,53.8,10,18,0.13,24,36,16,59463
37141,NC,Pender County,80.1726,26.63,11.68,1,12,12.1,20,5.263157895,17.65070724,12.3,31.9,7.7,24.2,16,65550,80396,4.8,6.6,18.2,8.8,12.1,74,11,18,0.14,23,31,17,72161
37143,NC,Perquimans County,93.3039,35.11,20.25,0,12,12.1,19,-13.63636364,22.68913078,15.1,33.9,9.6,25,14.4,13244,67917,3.6,6.1,28.95,3.2,21.3,70.3,12,17,0.16,22,34,15,61157
37145,NC,Person County,79.3363,26.74,11.45,1,12,12.1,11,-8.333333333,14.51753044,14.9,40.6,8.7,28.7,18.8,39542,63300,5.6,12.4,21.29,6.3,25.8,64.2,10,22,0.16,27,41,20,64466
37147,NC,Pitt County,44.8409,17.65,4.72,1,12,12.1,12,20,7.17832756,11.4,35.4,6.1,22.9,12.3,177193,58188,7.8,11.7,14.51,7.9,34.7,51.9,11,18,0.16,24,37,14,60268
37149,NC,Polk County,83.9663,27.83,18.52,1,12,12.1,6,-14.28571429,20.77415276,12.2,31.3,8.7,20.3,9.9,19891,67758,5.1,10.6,32.61,5.6,4.4,86.6,13,13,0.15,19,32,12,59012
37151,NC,Randolph County,76.7782,29.59,10.16,1,12,12.1,13,-7.142857143,5.20566082,13.1,32.5,8.4,28.7,18.9,146348,61022,3.5,10.8,18.37,14,6,75,13,21,0.16,28,33,20,59336
37153,NC,Richmond County,57.6838,25.99,7.96,1,12,12.1,8,14.28571429,13.61723804,14.8,39.2,8.3,28,17.6,42344,44883,9.8,20.2,18.11,7.8,31.2,54.7,11,22,0.18,28,40,19,50242
37155,NC,Robeson County,71.5519,39.04,7.1,1,12,12.1,14,-6.666666667,9.341554642,17.4,41.5,9.8,33.9,24.2,116902,41978,6,21.2,16.04,10.9,23.2,23.3,14,27,0.2,33,42,25,42180
37157,NC,Rockingham County,77.2453,30.15,11.74,1,12,12.1,3,0,2.897196293,14.9,38,9.2,27.6,17.7,92131,57053,5.8,12.4,21.14,7.2,17.3,69.9,13,21,0.17,26,38,18,58508
37159,NC,Rowan County,69.6681,25.15,9.81,1,12,12.1,8,14.28571429,8.31539917,13.2,33.7,8,25.8,16.3,149875,65725,5.3,12.6,17.74,11.9,15.5,67.8,11,19,0.16,25,34,17,65139
37161,NC,Rutherford County,81.2817,32.92,14.02,1,12,12.1,0,0,10.50700188,14.4,36.9,9.4,28.2,19.5,64930,51410,6.3,13.1,22.27,5.7,7.7,80.8,13,21,0.18,26,37,20,50714
37163,NC,Sampson County,81.8553,37.97,10.73,1,12,12.1,42,16.66666667,39.32279968,15.7,38.3,8.9,31.7,19,59470,52432,5.3,15,18.15,22,24,49.2,17,23,0.17,31,39,20,53637
37165,NC,Scotland County,69.9641,31.72,9,1,12,12.1,10,-9.090909091,6.13735342,16.9,40.8,9.3,31.3,20.5,33590,45730,10.9,21.7,18.39,4,37,40.1,11,25,0.19,30,41,21,45604
37167,NC,Stanly County,67.2396,22.45,10.22,1,12,12.1,219,12.88659794,25.36093903,12.2,34.2,7.9,24.2,16.3,64651,60704,4.1,10.9,19.15,5.7,11.2,78,10,18,0.15,24,34,18,65784
37169,NC,Stokes County,85.565,27.97,12.94,1,12,12.1,4,-20,2.4759655,13.1,33.3,8.9,26,17.4,45139,62969,3.1,7.5,23.13,3.8,3.7,89,11,18,0.16,24,33,18,61374
37171,NC,Surry County,71.2917,28.85,10.78,1,12,12.1,3,0,1.350218773,14.2,35.5,9.6,27.8,18.4,71425,55656,4.4,13.3,20.65,12.5,3.6,81.1,14,21,0.18,26,35,19,58211
37173,NC,Swain County,84.6824,40.96,13.32,0,12,12.1,11,10,8.307226181,14.3,36.7,9,28,20.1,14013,52349,7.6,13.5,19.9,5.5,2.6,59.2,15,22,0.18,27,37,21,54357
37175,NC,Transylvania County,64.3661,22.68,16.08,1,12,12.1,21,-16,23.0530529,12.6,31.8,9.1,21,11.8,33691,66184,2.8,8.9,30.95,5.2,3.6,87.6,11,14,0.15,19,33,13,62002
37177,NC,Tyrrell County,78.06,28.41,12.64,0,12,12.1,10,-16.66666667,6.924359322,16.2,37,9.5,28.7,16.2,3423,41685,2.8,13.7,30.82,7.7,32.6,57.1,16,20,0.16,26,37,16,46072
37179,NC,Union County,63.1025,14.01,6.12,1,12,12.1,21,10.52631579,9.285118103,10.8,31.7,6.2,20.1,11.8,250958,102900,4.2,5.6,13.54,13.4,10.9,66.8,9,14,0.11,19,31,12,98776
37181,NC,Vance County,62.2747,28.26,8.16,1,12,12.1,7,0,12.16784286,16.2,41,8,29.2,18,42322,50465,8.2,14.4,19.29,9.5,47.3,37.2,12,23,0.16,29,41,19,45408
37183,NC,Wake County,31.9646,6.81,2.51,1,12,12.1,3,0,1.184018135,9.2,25.8,4.9,15.8,9.6,1178653,105768,4.1,5.1,12.89,11.6,18.5,56.2,8,13,0.11,16,26,10,103084
37185,NC,Warren County,95.8042,43.12,17.88,0,12,12.1,0,0,22.63745499,19.1,41.1,10.3,31.7,19.1,18795,50638,7.2,14.6,27.73,4.7,47.3,37.8,15,25,0.17,31,42,22,47866
37187,NC,Washington County,74.5969,34.34,12.71,0,12,12.1,4,0,30.15914726,18.9,40.4,10.4,32,18.1,10812,41813,13,23.3,28.02,4,47.7,44.5,10,24,0.18,30,41,20,47239
37189,NC,Watauga County,61.183,22.35,9.63,1,12,12.1,0,0,42.70840454,9.2,29.8,6.4,19.6,11.7,55123,51693,7.9,9,17.12,6.2,1.6,88.5,12,16,0.15,21,34,14,62045
37191,NC,Wayne County,68.4625,30.24,7.99,1,12,12.1,0,0,100,13.9,38.6,7.6,26.3,15.5,118652,59733,5.2,12.2,17.08,13.7,29.6,50.2,14,20,0.16,26,39,16,56313
37193,NC,Wilkes County,85.2278,36.31,14.12,1,12,12.1,0,0,45.4178772,13.7,35,9.5,27.2,17.7,65935,51721,5,13,22.92,7.5,3.6,85.7,14,21,0.18,25,35,19,50848
37195,NC,Wilson County,43.3179,17.02,5.92,1,12,12.1,0,0,29.76260376,16.4,38.9,8.6,30.8,19.8,79290,56423,5.6,14.3,19.29,12.4,38.6,44.3,13,24,0.17,30,39,21,52620
37197,NC,Yadkin County,81.3135,32.46,12.88,1,12,12.1,0,0,68.78623962,13.7,36,9.5,27.4,18.4,37574,62932,5.3,9,20.96,12.4,1.6,81.6,12,20,0.16,26,36,19,61626
37199,NC,Yancey County,85.4,37.52,17.08,0,12,12.1,11,0,27.15967751,13.9,32.8,10.1,26.1,15.8,18797,58709,7.3,8.5,27.05,5.8,0.8,90.8,13,17,0.17,22,32,15,54913
38001,ND,Adams County,44.48,10.89,10.16,0,8,7.9,34,6.25,21.0301342,13.2,37.1,9.9,30,17.7,2145,62500,2.2,11.5,26.76,4.6,0.7,86.6,9,17,0.1,27,38,20,58192
38003,ND,Barnes County,43.8848,8.88,7.17,1,8,7.9,3,0,36.29232788,10.7,36.5,7.6,22.6,13.3,10773,68038,3.8,6.3,23.36,2.1,0.2,89.4,5,14,0.09,22,38,15,70559
38005,ND,Benson County,99.6018,55.84,12.7,0,8,7.9,3,0,14.24509048,15.1,41.5,9.6,32.6,25.2,5808,64033,3.4,24.8,15.87,1.9,0.6,42.7,7,25,0.15,32,42,27,60632
38007,ND,Billings County,100,18.18,19.28,0,8,7.9,0,0,33.03077698,10.9,35.8,8.1,25.3,13.6,1024,86806,2.1,11,26.86,3.9,0,92.2,8,14,0.08,23,36,14,82565
38009,ND,Bottineau County,64.1672,14.72,12.69,0,8,7.9,0,0,52.77820969,12.2,39.1,8.8,28.9,18.1,6378,85000,1.6,4.3,25.68,2.6,0,89.1,7,17,0.08,27,39,20,74272
38011,ND,Bowman County,45.286,4.87,7.84,0,8,7.9,0,0,28.86808777,12.2,36.9,9,28.8,16.6,2906,72109,3.1,12,24.5,2.7,0,91.6,9,16,0.07,26,37,17,68434
38013,ND,Burke County,91.88,21.36,19.45,0,8,7.9,4,0,45.72673798,10.6,35,7.8,24.7,13,2156,91591,3.7,1.2,21.01,2.5,1.7,86.5,7,13,0.06,23,35,14,79188
38015,ND,Burleigh County,43.4696,6.12,4.97,1,8,7.9,0,0,18.32585907,9.4,38.6,6.3,20.5,13.1,100600,86851,2.3,4.7,17.92,3.4,1.9,84.9,5,13,0.07,20,39,14,86521
38017,ND,Cass County,24.2689,3.74,2.18,1,8,7.9,0,0,100,7.8,32.8,5,21.1,14.3,193400,75555,3,6,13.01,3.6,7,81.2,5,14,0.08,22,34,15,75477
38019,ND,Cavalier County,54.1368,11.46,12.47,0,8,7.9,11,0,24.96489334,11.9,35.9,9.1,24.2,13.2,3633,69531,1,6.2,27.88,2.3,0,92,5,14,0.08,22,37,15,80749
38021,ND,Dickey County,37.3924,8.07,7.89,0,8,7.9,4,300,52.32372665,11.5,37.4,8.2,27.1,16.3,4935,68654,4.1,7.6,19.86,4.1,0,89.8,8,16,0.08,26,38,18,72643
38023,ND,Divide County,48.09,11.55,11.76,0,8,7.9,0,0,32.8230896,12.9,36.8,9.3,27.3,15.4,2167,91852,2.3,6.3,25.66,4.3,0.1,88.1,8,15,0.06,24,37,16,75310
38025,ND,Dunn County,77.31,19.68,12.21,0,8,7.9,3,0,99.97951508,10.8,37.7,7.3,24.5,16.1,4040,97689,3.4,3.3,19.46,4.5,0.1,78.5,8,16,0.07,24,38,17,87618
38027,ND,Eddy County,40.64,11.53,8.38,0,8,7.9,0,0,100,12.8,39.3,9.3,28.1,16.3,2307,50850,2.5,12.7,25.53,5.4,0,87.6,6,18,0.12,26,40,18,66603
38029,ND,Emmons County,66.97,19.39,16.67,0,8,7.9,0,0,74.72528839,12.7,36.4,9.7,26.7,14.5,3254,66538,2.3,4.9,29.66,1.2,0.1,93.1,8,14,0.08,23,37,16,65012
38031,ND,Foster County,37.51,12.05,7.25,0,8,7.9,0,0,95.83237457,11.1,39.4,8.2,25.1,15.1,3358,87831,1,4.5,24.12,1.7,0.3,93.1,6,14,0.07,23,40,16,71345
38033,ND,Golden Valley County,100,33.25,21.31,0,8,7.9,4,33.33333333,69.00283051,12.9,40.9,9.6,27,15.5,1653,68021,3.4,12.8,28.98,0.6,0.2,90.7,6,16,0.1,25,41,16,59464
38035,ND,Grand Forks County,34.0551,11.3,2.53,1,8,7.9,0,0,19.89786148,8.5,34.5,5.7,23.8,14.4,72923,68075,2.3,6.3,14.25,5.4,3.7,81.4,5,16,0.09,25,37,17,72369
38037,ND,Grant County,72.29,20.62,17.04,0,8,7.9,0,0,44.79772186,15.2,39.9,11.6,33.4,18.6,2269,57875,3.6,11.6,29.7,1.2,0.1,92.3,8,19,0.09,29,41,20,51827
38039,ND,Griggs County,58.96,11.86,14,0,8,7.9,0,0,55.16633224,12.7,36.2,10,27.6,14.7,2245,61711,1.4,7.1,29.67,1.8,0.8,93.6,6,14,0.07,23,37,16,71071
38041,ND,Hettinger County,100,29.19,25.76,0,8,7.9,3,0,23.35392189,11.5,36.7,8.6,27,15.7,2432,73026,5.4,6.6,26.93,0,0.2,94.2,8,16,0.09,26,38,18,64506
38043,ND,Kidder County,100,37.97,20.99,0,8,7.9,5,-16.66666667,30.69410515,12.1,37.3,8.8,28.2,16.5,2377,65610,1.5,6.4,27.56,3,0.2,94.4,8,16,0.1,27,38,19,60473
38045,ND,LaMoure County,85.724,22.45,20.55,0,8,7.9,4,-33.33333333,12.15344334,11.6,37.3,9,25.7,14.2,4118,80664,2.5,4.7,26.76,1.9,0.1,95.4,8,14,0.08,22,38,15,69797
38047,ND,Logan County,100,27.32,27.99,0,8,7.9,0,0,100,13.4,37,10.8,31,17.3,1819,62750,1.7,8,28.97,3.9,0.2,92.4,7,18,0.07,28,38,19,61043
38049,ND,McHenry County,79.3835,19.09,16.02,0,8,7.9,0,0,83.82313538,11.6,37.4,8.3,26,16.3,5207,80733,4.1,6,22.14,2.2,0.8,94,6,15,0.08,24,37,16,68973
38051,ND,McIntosh County,36,9.64,8.2,0,8,7.9,4,0,45.94187927,14.5,40.1,11.6,31.8,16.5,2497,64419,3.1,10.2,31.28,3.3,0.1,92,7,17,0.09,26,41,17,60218
38053,ND,McKenzie County,71.4725,26.02,9.19,0,8,7.9,0,0,19.29914474,9.6,35.7,5.9,27.6,18.8,14321,93404,1.3,8.4,9.33,12.1,1.9,73.7,6,18,0.09,28,36,18,99157
38055,ND,McLean County,69.5669,15.67,14.4,0,8,7.9,0,0,27.61503029,11.3,35.9,8.2,23.7,14.4,9823,83583,1.4,5.3,26.28,2,0.1,88.1,6,14,0.07,23,36,16,78277
38057,ND,Mercer County,54.4155,9.18,9.35,1,8,7.9,0,0,12.21264648,12.1,36.1,8.5,25.1,16.1,8337,80946,2.5,6.7,22.5,2.8,0,91.3,6,15,0.08,23,36,17,85274
38059,ND,Morton County,55.2899,9.17,7.3,1,8,7.9,0,0,57.53666306,10.3,35.9,7.3,23.9,15.3,33777,79382,1.5,3.5,17.31,4.4,1.6,86.7,5,16,0.07,23,36,15,80159
38061,ND,Mountrail County,44.0915,9.54,6.28,0,8,7.9,0,0,29.8524437,11.8,40.2,7.2,26.3,18,9507,80717,1.1,11.8,13.52,8.6,1.8,56.3,10,18,0.1,26,40,18,73541
38063,ND,Nelson County,100,26.46,27.45,0,8,7.9,5,0,9.603563309,12.2,38.5,9.1,27.8,15.3,3016,67193,1.1,3.7,28.28,3,0.5,91.6,5,15,0.1,25,39,16,69274
38065,ND,Oliver County,99.96,23.48,16.68,0,8,7.9,3,50,9.675611496,12.5,39.9,9.2,26.6,15.9,1839,77240,1,4.7,27.24,1,0,99,5,15,0.08,24,40,17,81382
38067,ND,Pembina County,86.0848,17.76,17.3,0,8,7.9,0,0,90.69168854,12.5,34.3,9.1,28.1,16.9,6727,68393,3.4,7.2,25.93,4.3,1,88.2,6,15,0.09,26,34,17,75603
38069,ND,Pierce County,34.9299,11.85,6.02,0,8,7.9,0,0,40.33055115,11,35.8,8,25.2,14.9,3928,59365,1.1,4.5,26.43,0.8,0.3,90.8,5,15,0.08,24,36,16,61222
38071,ND,Ramsey County,39.5222,6.5,6.22,1,8,7.9,0,0,95.23780823,11.3,35.3,8.1,24.6,14.8,11556,61006,1.2,10.3,22.4,2.8,0.7,81,6,15,0.12,23,36,16,70084
38073,ND,Ransom County,45.2557,7.48,6.96,0,8,7.9,4,-33.33333333,26.8044796,11.2,37.9,7.9,25.5,15.4,5643,75736,2.9,6.5,22.08,2.7,1.1,91.8,7,15,0.08,24,38,16,78270
38075,ND,Renville County,68.23,15.48,12.79,0,8,7.9,0,0,84.51081085,11,37.4,7.9,25.4,16.1,2304,74301,1,6.8,21.05,0.8,0.2,94,7,15,0.06,25,37,18,74336
38077,ND,Richland County,44.2462,8.03,6.36,1,8,7.9,0,0,27.74855423,10.3,39.8,7.4,23.9,14.9,16584,75432,1.7,6.5,20.24,3.8,0.8,88.8,6,16,0.08,24,42,17,76371
38079,ND,Rolette County,75.0341,40.3,6.74,0,8,7.9,0,0,34.79986572,16.7,45.2,9.5,33.9,28.3,11924,59517,4,19.5,13.18,1.3,0.1,18.2,8,27,0.16,34,45,29,56952
38081,ND,Sargent County,49.0842,7.75,9.65,0,8,7.9,7,0,17.78193665,11.5,35.8,8.3,27.1,17.3,3804,77946,0.8,3,23.87,2.9,3.2,89.6,4,16,0.07,26,36,19,79053
38083,ND,Sheridan County,100,31.89,29.98,0,8,7.9,3,-25,19.52493858,13.3,35.4,11.1,29,15.4,1303,62639,1.1,8.8,32,0.4,0,96.5,9,15,0.06,26,37,18,62251
38085,ND,Sioux County,75.5484,48.04,5.34,0,8,7.9,7,-12.5,24.18597412,19.1,49,10.7,42.7,36.5,3740,42083,17,34.7,9.63,1.5,0.4,12.1,7,37,0.21,43,49,37,46931
38087,ND,Slope County,100,21.59,18.57,0,8,7.9,5,-16.66666667,44.7921524,12.5,36.5,9.5,25.5,14.4,766,71250,2.7,7.5,28.72,0.1,0,92.4,9,15,0.07,24,37,17,56665
38089,ND,Stark County,39.7866,8.67,5.4,1,8,7.9,5,-16.66666667,30.60493851,9.4,38.8,6.5,25.6,15.8,33302,84449,3,7.7,14,7.3,2.4,84.6,6,16,0.08,26,39,17,82174
38091,ND,Steele County,99.98,14.84,22.33,0,8,7.9,0,0,22.00570488,11.5,36.2,8.6,24.8,14,1804,77500,3.3,12.7,29.99,1.9,0.2,94.1,5,14,0.08,24,37,17,87300
38093,ND,Stutsman County,49.0543,11.76,7.94,1,8,7.9,19,35.71428571,17.44320869,11,39.4,7.8,26.8,15.7,21549,61856,4,7.3,20.43,3.2,2.3,89.7,6,16,0.11,26,40,17,69088
38095,ND,Towner County,49.84,12.97,11.47,0,8,7.9,12,-14.28571429,4.980051041,14.8,36.5,11.2,31.6,19,2079,67350,0.7,3.7,23.04,5.1,0,83.2,9,19,0.1,29,37,20,76241
38097,ND,Traill County,47.1917,8.02,7.58,0,8,7.9,16,-5.882352941,21.93755722,10.4,37.1,7.3,23.4,14.4,7970,87004,2.2,5.5,20.29,4,1,89.3,6,14,0.07,22,38,16,82020
38099,ND,Walsh County,48.7186,13.3,9.26,1,8,7.9,9,-18.18181818,16.95980453,13.1,38.1,9.3,33.1,18.4,10396,71944,2,7.3,21.89,13.1,0.8,81.3,9,18,0.08,30,39,19,80235
38101,ND,Ward County,38.6256,9.85,3.47,1,8,7.9,6,0,9.873385429,8.9,36.5,5.8,27.1,16.4,68973,78238,3.6,5.6,13.97,7.2,3.9,80.4,6,15,0.08,27,37,17,71754
38103,ND,Wells County,56.3904,13.52,15,0,8,7.9,14,-22.22222222,22.25018501,12.4,37.1,9.6,26.8,13.8,3890,66114,2,5.1,26.74,0.6,0,95.1,6,14,0.09,24,38,16,74681
38105,ND,Williams County,38.1086,6.68,4.2,1,8,7.9,5,-16.66666667,6.829142094,8.8,37.7,5.5,27.4,17.4,39555,85595,4.4,5.1,9.95,10.2,4.7,75.7,7,16,0.08,28,38,17,92537
39001,OH,Adams County,83.4614,39.55,11.86,1,12,11.6,52,13.04347826,42.65906143,16.4,45.5,10.5,32.6,24.1,27540,50264,6.4,14,18.99,0.9,0.4,95.8,9,23,0.2,30,45,24,55693
39003,OH,Allen County,46.708,11.18,7.27,1,12,11.6,0,0,6.431942463,15.2,46.6,9.2,31.9,21.5,101348,64038,5.7,10.1,19.12,3.6,9.6,79,7,22,0.14,31,47,23,65665
39005,OH,Ashland County,59.2102,17.68,9.08,1,12,11.6,6,-33.33333333,3.377480984,14,40,9.3,30.2,20.4,52256,69860,3.6,7.5,20.26,1.8,1,93.9,8,20,0.14,29,41,22,66149
39007,OH,Ashtabula County,66.4505,26.85,10.08,1,12,11.6,18,0,20.34616089,15.1,42.9,9.8,28.3,20.7,97167,57728,6.6,12.8,20.27,5,3.7,86.7,9,22,0.17,27,43,22,58152
39009,OH,Athens County,64.659,31.14,7.53,1,12,11.6,22,-12,45.37541199,11.3,35.1,6.9,22.4,15.1,61737,56001,6.5,7.4,15.07,2.3,2.2,88.6,8,18,0.18,24,38,18,53616
39011,OH,Auglaize County,47.7544,9.96,7.27,1,12,11.6,5,-37.5,29.29204178,12.5,42.5,8.2,24.3,17.9,46125,78660,2.7,5,19.67,1.9,1,94.3,5,17,0.12,23,43,19,73542
39013,OH,Belmont County,61.8867,17.02,9.91,1,12,11.6,19,11.76470588,17.760849,15.1,42.6,9.5,32.3,21.8,65473,57017,5.4,10.8,21.96,1.4,3,90.7,7,22,0.16,31,43,23,56716
39015,OH,Brown County,85.1569,28.76,12.15,1,12,11.6,6,-14.28571429,8.09031868,14.3,42.9,9.4,32.3,22.5,43845,71270,4.9,13.9,19.14,1.3,0.6,94.7,8,21,0.17,30,43,23,68289
39017,OH,Butler County,53.3811,11.48,5.93,1,12,11.6,5,-28.57142857,31.5239296,12.9,36.1,7.8,25.8,18.6,392876,81590,5.1,7.7,15.87,7,8.3,74.6,7,19,0.13,25,37,19,80066
39019,OH,Carroll County,72.378,23.77,11.13,1,12,11.6,301,6.737588652,16.83550072,16.1,40.8,10.7,31.4,23.4,26659,64835,5.6,9.4,22.33,1.3,0.7,94.6,9,22,0.15,29,41,25,67044
39021,OH,Champaign County,65.2424,16.65,9.18,1,12,11.6,9,-10,9.756703377,13.8,40,8.9,27.2,19.2,38804,75556,4.8,5.5,19.32,1.8,1.6,91.7,7,19,0.13,25,40,19,70230
39023,OH,Clark County,44.5494,13.55,7.05,1,12,11.6,5,0,17.27102852,15,41.5,9.6,30.6,20.8,135158,63132,6.7,11.1,20.28,4.2,8,81.7,8,22,0.16,29,42,22,58684
39025,OH,Clermont County,66.8539,15.44,7.47,1,12,11.6,20,0,44.06491089,12.8,40.3,8.1,26.7,18.7,211181,85510,4.2,6.1,18.39,2.6,1.5,90.6,7,17,0.13,26,40,19,82143
39027,OH,Clinton County,73.2008,23.41,9.5,1,12,11.6,11,-15.38461538,22.21696091,14.2,41.2,9,30.4,21.5,42012,70407,4.5,8.9,18.57,2.3,1.8,91.7,7,20,0.16,29,42,23,67813
39029,OH,Columbiana County,63.2671,20.55,10.13,1,12,11.6,13,-13.33333333,24.64043617,15.4,46.9,9.6,29.7,21.6,100704,58180,4.5,12.4,21.95,1.9,1.9,92,8,21,0.16,29,47,23,55744
39031,OH,Coshocton County,76.4263,29.14,11.62,1,12,11.6,4,-33.33333333,10.56671047,15.3,40.3,10.1,29.4,20.7,36744,55577,5.4,13.9,20.08,1.3,0.5,94.3,10,21,0.18,27,41,22,57694
39033,OH,Crawford County,63.2285,23.12,11.31,1,12,11.6,250,-6.015037594,24.39048195,15.6,43.9,10.3,31.3,22.8,41711,58044,4.7,8.6,21.25,1.8,0.7,94,8,22,0.16,29,44,24,58982
39035,OH,Cuyahoga County,17.3071,3.35,3,1,12,11.6,9,28.57142857,17.75691032,12.9,37.3,7.5,23.1,16.6,1245873,64468,6.6,11.7,19.49,7,28.5,56.5,7,20,0.15,23,38,18,61912
39037,OH,Darke County,64.559,18.47,9.56,1,12,11.6,5,0,14.02512264,14.6,39.9,9.5,28.1,20.1,51594,64486,2.8,8,20.48,1.9,0.6,94.6,8,19,0.14,27,40,22,67609
39039,OH,Defiance County,60.896,14,8.57,1,12,11.6,18,38.46153846,24.44158363,13.9,41.9,8.9,27.2,18.2,38343,73064,5.2,5.1,20.19,11.1,1.6,84.7,7,18,0.13,25,42,18,72241
39041,OH,Delaware County,67.1209,7.49,5.88,1,12,11.6,17,-19.04761905,29.36239624,10.2,32.8,6,18.1,12.2,226834,133540,3,3.4,15.06,3.5,4.3,79.2,4,12,0.09,18,32,12,128300
39043,OH,Erie County,56.1816,13.32,10.05,1,12,11.6,12,0,28.99843979,13.9,36.7,9.1,26.7,15.1,74581,71993,5.3,8.7,23.71,4.6,8.2,79.6,6,16,0.14,24,37,16,62547
39045,OH,Fairfield County,59.9816,13.31,7.78,1,12,11.6,158,-7.602339181,31.14102936,13.1,39,7.8,27.9,20.2,163453,90966,3.8,5.5,16.62,2.8,9.2,80.9,6,19,0.12,28,39,21,84701
39047,OH,Fayette County,45.9854,14.77,6.73,1,12,11.6,10,-9.090909091,13.01658058,15.8,40.9,9.7,31.9,23.4,28876,63275,3.7,10.3,17.9,2.5,2,90.8,9,23,0.17,30,41,23,63348
39049,OH,Franklin County,26.2953,6.82,2.6,1,12,11.6,6,20,9.144113541,11.8,36.1,6.4,23.2,14.9,1333048,75176,4.6,10.5,13.03,7.5,23.1,58,10,18,0.14,23,36,15,71730
39051,OH,Fulton County,69.7741,17.94,10.04,1,12,11.6,3,-25,15.1536026,14.3,42.6,9.4,31.4,21.2,42240,72864,3.9,7.2,19.43,9.3,0.3,87.2,6,20,0.13,29,42,21,70724
39053,OH,Gallia County,79.7819,31.61,11.87,1,12,11.6,4,0,8.821240425,15.7,40.3,10.2,33.3,21.6,29068,56830,3.5,12.5,19.92,1.1,2,92.6,8,21,0.17,31,40,22,53956
39055,OH,Geauga County,83.4616,16.22,12.43,1,12,11.6,6,-14.28571429,6.103389263,12.9,36.1,8.6,21.9,16.5,95481,107860,3,4.1,22.3,2,1,92.7,10,16,0.11,21,36,18,99863
39057,OH,Greene County,49.7266,10.55,6.65,1,12,11.6,4,0,14.12870312,12.2,38.7,7.5,22.8,14.5,169688,87309,4.3,6,18.59,3.3,5.8,81.3,6,15,0.13,22,39,15,84015
39059,OH,Guernsey County,74.6635,27.34,12.17,1,12,11.6,16,0,5.186865807,15.4,41.5,10.3,32.5,24.1,38223,58478,5.3,11.2,20.05,1.4,1.9,93.3,11,23,0.17,30,42,24,54757
39061,OH,Hamilton County,33.1292,8.38,4.63,1,12,11.6,6,-40,13.28030777,14.2,38.2,7.9,27.1,17.9,830774,72470,5,10.3,16.58,4.8,23.9,62.3,7,20,0.13,27,39,18,68810
39063,OH,Hancock County,43.053,10.31,5.8,1,12,11.6,8,-11.11111111,5.712972164,12.8,36.9,8,24.2,16.3,74866,73141,3.1,6.1,18.65,6.1,1.8,86.9,6,17,0.13,23,37,17,72065
39065,OH,Hardin County,57.2611,18.49,8.47,1,12,11.6,12,-25,23.11209869,14,43.7,8.8,31.3,24,30475,62484,4.6,10.9,16.14,2.4,1.3,92.7,8,25,0.16,32,45,26,59713
39067,OH,Harrison County,77.8232,25.83,14.22,1,12,11.6,9,0,20.31363869,15.3,41.4,10.1,30.3,20.8,14306,54414,4.6,8.2,22.82,1.2,2.7,93.7,8,20,0.16,28,41,21,57050
39069,OH,Henry County,66.0964,13.63,10.29,1,12,11.6,45,9.756097561,38.26296997,13.9,42.7,8.8,29.3,19.4,27567,80099,3.9,6.2,19.92,8.3,0.5,87.8,6,19,0.13,28,43,20,81899
39071,OH,Highland County,71.5511,26.77,10.06,1,12,11.6,10,-9.090909091,12.11939621,15,43.1,9.3,32.8,23.2,43517,65785,3.1,9.8,19.15,1.2,1.2,94.4,10,23,0.17,32,43,25,61760
39073,OH,Hocking County,86.9126,29.16,13.01,1,12,11.6,19,-13.63636364,35.14570999,16.1,43.1,11.1,33.5,25.3,27799,62960,5.4,10.3,20.21,1,0.3,94.6,8,24,0.17,31,43,25,58018
39075,OH,Holmes County,85.3709,26.35,8.73,1,12,11.6,12,0,5.731298447,13.3,42.1,8.8,33.1,25.7,44418,76140,2.2,6.9,14.47,1.1,0.1,97.3,32,25,0.12,33,43,27,74490
39077,OH,Huron County,56.5901,16.85,7.88,1,12,11.6,58,5.454545455,27.86970901,13.9,41.8,8.6,24.3,17.8,58319,67878,4.5,10.1,18.53,7.4,0.8,87.5,8,18,0.15,23,42,19,64331
39079,OH,Jackson County,59.8882,26.15,8.02,1,12,11.6,73,-2.666666667,18.27772903,15,44.3,9.7,32.5,22.5,32650,57106,3.8,11,17.94,1,0.8,95.3,8,22,0.18,30,44,22,54431
39081,OH,Jefferson County,58.9541,20.45,10.52,1,12,11.6,3,-40,36.30168915,14.2,39.7,9.7,27.8,19.3,64518,59055,5,13.2,22.49,1.9,5.1,88.4,7,20,0.18,26,40,21,56276
39083,OH,Knox County,65.5849,18.28,9.3,1,12,11.6,34,0,35.5404892,11.8,34.3,7.2,25.7,16,63142,73878,2.5,8.2,19.2,2,0.9,92.9,9,17,0.15,26,36,19,66844
39085,OH,Lake County,42.1282,8.32,6.21,1,12,11.6,11,-8.333333333,32.19493103,13.7,41,8.7,26.7,16.6,232216,80925,3.9,5.3,21.66,5.3,4.7,84.2,6,16,0.13,25,41,17,73559
39087,OH,Lawrence County,62.4622,24.64,8.74,1,12,11.6,21,0,23.22322083,15.6,44.9,9.6,34,22.8,56819,58325,2.7,13.2,19.1,1.1,1.7,93.8,7,24,0.19,34,45,24,56879
39089,OH,Licking County,62.9373,13.97,8.24,1,12,11.6,0,0,33.91938019,12.8,36.1,7.9,25.4,19.4,181837,84426,3.2,7.6,17.48,2.5,4.2,85.1,6,18,0.13,25,36,20,76496
39091,OH,Logan County,56.6559,14.35,8.78,1,12,11.6,7,-22.22222222,12.96682167,14.4,39.1,9.2,30.2,20.9,46089,71551,4.1,8.5,19.38,2.4,1.7,91.5,7,20,0.13,29,39,21,68964
39093,OH,Lorain County,40.2437,8.49,5.7,1,12,11.6,10,-9.090909091,15.97285175,14.1,39.5,8.5,29.5,18.7,317129,73347,4.3,8.7,19.83,11,7.1,75.5,7,20,0.15,28,40,19,75496
39095,OH,Lucas County,26.7431,8.22,3.51,1,12,11.6,0,0,6.351624012,14.5,42.2,8.6,27.8,19,428018,62224,6.3,13.2,17.57,7.8,18.9,66.1,7,22,0.16,27,42,20,60525
39097,OH,Madison County,80.5356,17.56,9.18,1,12,11.6,82,-3.529411765,28.76849937,13.2,42.1,8,27.9,22.2,44423,87045,3.5,5.8,16.49,3.1,4.3,86.2,7,20,0.13,27,42,22,81836
39099,OH,Mahoning County,48.3583,18.47,8.06,1,12,11.6,3,0,14.93042469,15.4,39.2,9.3,28.6,19.8,226491,56942,6.4,13.7,22.47,6.8,13.6,73.7,7,20,0.16,28,40,22,52914
39101,OH,Marion County,62.9251,21.52,7.91,1,12,11.6,3,-50,2.164244652,14.7,44.9,9.1,28.2,21.6,65020,59371,6.3,11.1,18.67,3.2,4.7,86.3,7,22,0.17,28,45,23,56991
39103,OH,Medina County,56.8926,9.18,7.07,1,12,11.6,13,-7.142857143,23.66942406,13.3,36.7,8.4,25.1,17,183660,94968,2.9,4.2,19.79,2.7,1.1,91.3,6,15,0.11,22,36,16,90211
39105,OH,Meigs County,88.7759,36.89,14.01,1,12,11.6,3,0,42.92465591,16.7,49,11.1,33,24.7,21896,46873,5.4,14.6,21.19,0.5,0.9,95.8,8,24,0.19,31,49,25,50127
39107,OH,Mercer County,54.0225,11.14,8,1,12,11.6,7,0,30.97589111,13.3,37.5,9,26.7,18.9,42484,76782,1.6,5.8,19.16,2.2,1.1,94.2,6,18,0.11,25,38,20,79974
39109,OH,Miami County,47.0928,9.74,7.4,1,12,11.6,3,-25,19.50806999,13,40.1,8.1,22.7,16.1,110296,76817,3.1,6.7,19.39,2.1,1.8,89.9,6,15,0.12,21,40,16,75735
39111,OH,Monroe County,82.3864,29.8,14.75,0,12,11.6,9,12.5,3.619321823,15.8,42.7,10.7,31.7,22.7,13227,60134,5.4,10.8,23.72,0.1,0.4,95.3,9,22,0.17,29,43,24,54285
39113,OH,Montgomery County,32.5698,11.07,5.2,1,12,11.6,7,-12.5,15.62946796,14.2,41,8.3,30.3,19,536096,66139,5.7,10.5,18.58,4.2,20.4,67.7,8,20,0.15,29,42,20,62650
39115,OH,Morgan County,82.9939,37.5,13.57,1,12,11.6,5,25,4.896713734,15.4,42,10.2,28.2,18.2,13651,59351,3.5,8.5,22.52,1.2,2.9,90.2,9,20,0.18,26,42,19,52585
39117,OH,Morrow County,90.4861,24.53,11.78,0,12,11.6,19,-5,34.72175598,15.6,43.2,9.6,31.9,23.7,35404,75283,2.9,9,19.32,1.9,0.4,93.7,9,23,0.14,30,43,24,70109
39119,OH,Muskingum County,67.4063,22.71,9.48,1,12,11.6,3,-40,13.51635265,14.1,41.1,8.3,28.6,19.2,86411,60780,4.3,11.3,18.6,1.3,3.1,90.5,7,19,0.16,27,41,20,58806
39121,OH,Noble County,83.5614,28.74,16.73,1,12,11.6,3,-40,23.92667007,18.9,44.6,13.1,32.8,23.1,14282,56098,1.4,8.3,29.71,1.7,4.2,92.1,9,22,0.18,31,45,25,61751
39123,OH,Ottawa County,78.6826,20.1,15.31,1,12,11.6,19,-13.63636364,36.38857651,14.6,41.3,9.3,26,16.4,39994,76101,3.1,5.1,27.68,5.3,1,90.3,7,16,0.14,23,41,17,76582
39125,OH,Paulding County,84.6578,23.55,12.59,1,12,11.6,15,66.66666667,13.44465351,14.7,39.5,9.5,30.8,21.7,18791,67731,3.6,6.3,19.29,5.8,0.2,90,8,21,0.14,29,39,23,67692
39127,OH,Perry County,72.2044,26.95,8.9,1,12,11.6,12,0,10.71753025,14.5,43.1,8.8,31.4,22.9,35535,67460,3.7,10,18.34,0.9,0.2,95.7,8,21,0.16,30,43,24,62677
39129,OH,Pickaway County,67.7314,13.77,8.27,1,12,11.6,11,-15.38461538,7.331828117,12.6,42.9,8,26.3,18.9,60131,74040,3.5,8.1,16.4,1.9,3,90.6,7,18,0.15,26,43,20,76471
39131,OH,Pike County,75.1115,32.18,8.77,1,12,11.6,9,-18.18181818,24.11486053,16.1,40.7,10.4,32.5,24.1,27044,52736,5.4,17.4,19.06,0.6,1,94.4,9,24,0.2,31,41,25,54256
39133,OH,Portage County,63.7155,16.35,8.48,1,12,11.6,6,0,14.75920105,11.8,37.3,7.2,23.4,15.8,161956,75766,5.3,6.9,18.34,2.3,5,86,6,17,0.13,23,39,18,73911
39135,OH,Preble County,76.1023,19.97,10.93,1,12,11.6,64,4.918032787,28.92909241,14.3,38.7,9.1,27.7,20.8,40765,69223,3.2,9.7,20.36,1.1,0.7,95,7,20,0.13,26,39,22,76621
39137,OH,Putnam County,89.5873,18.97,12.49,1,12,11.6,92,9.523809524,31.07135582,12.5,40.1,8,23,15.6,34314,84928,1.8,3.6,18.92,6.7,0.5,90.8,6,16,0.1,22,40,16,79412
39139,OH,Richland County,59.4839,19.92,8.77,1,12,11.6,40,-11.11111111,29.85401726,14.5,39.8,9.3,27.7,18.2,125099,59509,5.4,9.6,20.14,2.3,7.1,83.9,8,20,0.15,26,40,19,57261
39141,OH,Ross County,67.988,25.36,7.99,1,12,11.6,17,-5.555555556,11.54372883,15.5,42.6,9.3,30.5,23.5,76492,61303,3.8,10.7,17.91,1.4,5.5,88.4,7,22,0.16,29,42,23,61651
39143,OH,Sandusky County,47.7102,11.95,7.62,1,12,11.6,6,50,38.26631165,14.8,42.1,9.1,29.8,20.1,58778,62295,4.3,10.1,20.25,10.9,2.8,81.9,6,20,0.15,29,42,21,64744
39145,OH,Scioto County,64.1856,24.67,10.31,1,12,11.6,4,0,20.23229218,15.1,43.3,9.8,31.4,22.5,72627,50609,5.9,16.8,18.82,1.6,2.3,92,7,23,0.21,31,44,24,52447
39147,OH,Seneca County,62.4292,17.4,9.62,1,12,11.6,0,0,4.97219038,14.1,46,8.7,29,20.8,54770,66025,3.6,8.5,19.24,5.7,2.4,87.8,7,20,0.14,29,47,22,62966
39149,OH,Shelby County,68.1899,15.87,8.94,1,12,11.6,30,3.448275862,45.73768234,13.6,37.7,8.6,26.7,19.6,47929,73978,4.1,8.8,18.13,1.7,2.2,91.5,7,19,0.14,25,38,20,67351
39151,OH,Stark County,45.1184,12.27,7.05,1,12,11.6,10,-16.66666667,11.16706753,13.3,38.1,8.7,24.2,16.5,373713,67934,3.9,8.7,20.5,3,7.1,83.8,7,16,0.15,23,38,17,63673
39153,OH,Summit County,35.1988,8.13,4.95,1,12,11.6,29,3.571428571,16.47765541,13,39,7.8,23.8,16,537864,71622,5.1,9,19.45,2.7,13.7,73.4,7,18,0.14,24,40,18,69786
39155,OH,Trumbull County,54.67,18.51,9.15,1,12,11.6,5,-16.66666667,29.77626228,16.1,44.2,10.1,31.9,23,200929,56435,4.7,12.4,22.36,2.3,8,84.6,9,22,0.17,30,45,24,51668
39157,OH,Tuscarawas County,58.9259,17.7,9.22,1,12,11.6,17,6.25,30.8134346,15,43.7,10.7,32.2,22.7,92385,65044,4.5,9.8,20.18,4.7,0.6,91.9,10,22,0.15,30,44,23,62098
39159,OH,Union County,85.0322,15.19,7.93,1,12,11.6,4,-42.85714286,6.652029514,9.3,37.8,5.5,20,14.1,67324,112322,2.6,3.6,13.2,3.4,2.3,84.5,5,13,0.1,20,37,14,104592
39161,OH,Van Wert County,67.1803,17.96,11.28,1,12,11.6,4,33.33333333,9.651418686,13.3,42,8.6,26,17.9,28826,67917,3.4,7.6,19.98,4.2,0.5,91.7,6,18,0.13,25,42,19,60555
39163,OH,Vinton County,84.7188,36.84,11.67,0,12,11.6,0,0,58.50933456,16,41.8,10.8,33.9,26,12630,55336,5.5,10.5,19.61,0.2,1,95.9,10,26,0.19,33,41,27,52999
39165,OH,Warren County,64.1548,8.21,6.74,1,12,11.6,0,0,34.67367935,11.5,34.8,7.2,21.9,13.9,250008,110132,3.1,4.4,15.77,3.5,3.2,81.8,5,14,0.1,21,34,13,107973
39167,OH,Washington County,68.0645,20.23,11.59,1,12,11.6,0,0,38.18638611,15,44.1,9.6,29.1,19.5,58978,63603,4.8,10.3,22.24,1.3,0.8,93.6,8,21,0.16,28,45,21,59646
39169,OH,Wayne County,64.9891,19.1,9.26,1,12,11.6,4,0,26.51234818,12.3,39.4,8.1,24.3,17.3,116588,73574,3.3,5.5,19.03,2.5,1.2,92.3,12,18,0.13,24,40,19,69834
39171,OH,Williams County,74.9946,23.2,11.51,1,12,11.6,0,0,61.38960266,14.4,41.3,9.7,28.5,19.8,36719,61048,4,9.6,20.07,5.4,0.6,90.8,8,19,0.14,26,42,20,61183
39173,OH,Wood County,68.147,17.68,8.27,1,12,11.6,4,33.33333333,26.43148994,11.1,34.3,7.2,23.7,14.7,132064,74216,4.5,6.7,16.69,6.6,2.1,85.5,6,16,0.14,24,36,16,73906
39175,OH,Wyandot County,53.0208,14.72,7.91,1,12,11.6,5,25,22.88853455,12.9,39.8,8.3,27.1,16.9,21598,69768,1.9,6,20.8,3.1,0.2,94.1,6,16,0.12,26,40,18,69913
40001,OK,Adair County,76.354,41.44,9.83,1,15,14.6,10,-9.090909091,34.24821091,17.6,43.5,10.7,37.7,24.8,19575,48041,6.9,17.2,15.79,7.2,0.8,39,14,30,0.2,37,44,26,44808
40003,OK,Alfalfa County,73.0187,18.82,14.62,0,15,14.6,9,0,18.06987381,13.3,38.7,8.4,28.3,17,5696,64615,4.3,11.1,20.52,6.2,3.5,80.6,16,19,0.14,27,38,17,57517
40005,OK,Atoka County,80.4995,35.21,13.05,0,15,14.6,4,-50,27.90363884,15.5,42.7,10.2,35,22.5,14379,54785,4.6,12.3,18.87,4.4,4.1,66.8,19,26,0.18,34,43,23,49815
40007,OK,Beaver County,71.8427,25.73,10.36,0,15,14.6,0,0,37.17069626,13.6,38.6,8.6,30.4,14.2,5028,64276,2.6,10,20.03,28.6,0.7,64.3,19,20,0.13,30,39,16,67112
40009,OK,Beckham County,37.6224,11.73,4.55,1,15,14.6,0,0,40.42378235,12.8,42.4,7.9,32.7,17.5,22148,53328,7.9,14.5,15.12,13.6,4.6,74.8,16,22,0.17,33,43,18,51960
40011,OK,Blaine County,75.1482,26.98,10.68,1,15,14.6,33,-36.53846154,22.53600121,15.5,43.1,9.7,34.6,19.1,8570,61642,8.4,13.5,19.65,12.6,3.9,70.3,13,24,0.15,34,44,20,58573
40013,OK,Bryan County,69.6928,27.52,11.54,1,15,14.6,0,0,27.38805389,14.1,40.8,9.2,31,18.9,48253,57225,4.6,12.4,17.3,8,2.1,67.6,17,22,0.17,30,41,20,50105
40015,OK,Caddo County,65.6122,26,9.6,1,15,14.6,14,16.66666667,27.92495155,15.2,40.7,9.2,36.3,22.6,26447,55353,5.8,13.3,15.73,17,3.1,53.9,13,27,0.18,36,41,23,50742
40017,OK,Canadian County,54.511,12.16,5.58,1,15,14.6,0,0,23.48892784,11.5,42.9,6.7,25.5,13.7,168985,87751,4.5,5.6,13.66,12,3.8,70.1,11,16,0.12,25,42,13,86539
40019,OK,Carter County,54.2584,18.43,7.92,1,15,14.6,0,0,26.772995,13.8,40.4,8.4,32.8,18.4,48555,60723,3.8,12.7,17.09,8.6,6.1,66.5,15,22,0.17,32,41,19,56270
40021,OK,Cherokee County,75.2253,34.27,10.78,1,15,14.6,7,16.66666667,15.85748482,15.4,42.7,9.5,32.9,20.4,47942,53218,5.1,13.1,17.79,8,1.3,44.9,17,25,0.19,33,44,22,50434
40023,OK,Choctaw County,81.6758,39.32,14.58,1,15,14.6,4,0,42.10711288,17.1,45.3,10.6,36.6,21.2,14297,44081,4.8,17.8,20.93,5.1,9.8,57.9,16,26,0.21,35,45,22,44307
40025,OK,Cimarron County,48.2621,17.66,9.9,0,15,14.6,3,-25,21.14766121,13.9,38.3,9.1,28.7,13.2,2218,62188,0.4,3.6,27.23,25.3,0,66.4,18,19,0.16,28,40,15,56166
40027,OK,Cleveland County,37.7847,9.39,3.75,1,15,14.6,3,50,64.11483002,11.4,35.6,6.8,26.1,13.3,300047,77068,4.8,8.2,14.91,11,4.6,67.2,11,18,0.14,26,37,14,74889
40029,OK,Coal County,71.6674,29.08,12.22,0,15,14.6,0,0,42.67454529,17.2,42.6,11.3,38,22.8,5320,50423,7.5,15.8,20.71,4.6,0.4,64.2,17,27,0.2,37,43,24,46921
40031,OK,Comanche County,51.5913,16.98,4.87,1,15,14.6,9,-10,19.05841255,12.5,42.9,7.1,30.9,17.6,121825,60761,7.1,14.1,13.8,14.7,13.9,53.8,12,22,0.17,31,44,18,56973
40033,OK,Cotton County,58.5558,22.6,10.99,1,15,14.6,6,20,12.94130898,16.1,42.3,10.5,35.4,20.3,5485,58425,3.5,15.4,19.98,7.7,1.7,74.1,13,24,0.19,34,42,21,52735
40035,OK,Craig County,64.9218,28.62,11.2,1,15,14.6,6,20,27.88529587,17.4,43.6,11.3,38.1,23.2,14302,51922,5.1,15,19.03,4,3.3,61.1,15,27,0.19,36,44,23,49914
40037,OK,Creek County,74.9041,25.5,11.08,1,15,14.6,0,0,65.34024048,14.1,39.4,8.8,29.5,18.1,72830,62338,3.3,11.6,18.52,5.4,2,73,13,20,0.15,28,39,18,58195
40039,OK,Custer County,42.8114,16.61,6.08,1,15,14.6,0,0,16.99923325,11.7,36.6,7.2,28.5,15,28259,59738,4.2,10.7,14.56,19.9,2.6,65.8,16,20,0.14,29,39,17,55458
40041,OK,Delaware County,84.1105,39.05,17.12,1,15,14.6,0,0,8.287625313,17.3,42.7,11.4,35,20.9,41279,56676,5.2,14.4,25.68,4.5,0.4,62.1,17,24,0.18,33,43,23,48763
40043,OK,Dewey County,80.2988,32.39,16.41,0,15,14.6,0,0,51.22367096,14.4,40.7,9.5,33.3,18.7,4360,62569,3.5,10,19.56,6,0,80.8,15,21,0.15,32,41,19,55952
40045,OK,Ellis County,79.7949,30.88,15.54,0,15,14.6,3,50,38.16976166,14.7,40.9,9.9,33,17.1,3683,61016,5.3,10,23.24,9.5,0.4,83.1,17,20,0.16,30,41,18,57212
40047,OK,Garfield County,32.9466,8.7,5.25,1,15,14.6,3,0,18.78614235,12.7,41.8,8.3,31.7,17,62146,66182,4.9,10.1,16.74,15.2,2.2,70.1,16,21,0.16,31,42,18,61132
40049,OK,Garvin County,57.7766,21.91,10.07,1,15,14.6,0,0,31.70923424,14.4,42.2,9.1,34.6,19.9,25860,58556,3.4,13.5,18.06,10.4,1.3,71.9,16,23,0.16,33,42,21,57170
40051,OK,Grady County,71.9975,20.24,9.76,1,15,14.6,0,0,26.06135559,12.9,41.2,7.9,30.3,16.9,56606,75419,5.5,8.6,16.97,7.1,1.8,78.7,12,19,0.15,29,41,17,70838
40053,OK,Grant County,76.8757,22.09,16.2,0,15,14.6,0,0,33.73973465,15.6,44.5,11,38,20.5,4131,60758,4.3,12.9,22.73,4.7,1.9,85.2,14,24,0.15,36,45,22,57737
40055,OK,Greer County,52.178,19.9,7.15,1,15,14.6,6,-25,38.18689728,14,41.2,9,34.2,20.3,5489,59406,7.3,14.4,17.07,13,6,72.4,15,24,0.17,33,42,21,43089
40057,OK,Harmon County,26.88,7.62,5.28,0,15,14.6,3,0,18.861866,17.1,43.3,10,35.3,15.7,2406,43333,7.2,20.7,21.45,32.1,8.9,52.5,18,23,0.16,34,44,17,45931
40059,OK,Harper County,61.4927,22.81,12.52,0,15,14.6,3,0,41.75582886,14.8,43.3,9.1,32.2,15.6,3203,64053,2.6,11.3,20.01,24.5,0.1,70.8,19,20,0.15,31,43,16,62950
40061,OK,Haskell County,76.309,33.98,13.25,0,15,14.6,0,0,19.52877998,16.5,43.4,10.7,35.6,22.6,11683,49806,6.6,15.6,20.12,5.3,0.3,67.7,16,26,0.2,35,44,24,49471
40063,OK,Hughes County,64.9933,30.67,11.02,1,15,14.6,4,-50,18.03305054,16.1,47.3,10.2,37.8,21.9,13389,51581,4.9,12.1,18.93,6.3,5.2,60,16,26,0.19,36,48,22,50872
40065,OK,Jackson County,47.6064,15.5,6.17,1,15,14.6,5,66.66666667,27.3223114,13.6,42,7.9,32.5,16.3,24678,62799,5.6,13,15.62,25,5.8,61.1,14,22,0.16,32,43,17,58371
40067,OK,Jefferson County,70.4366,37.65,14.12,0,15,14.6,4,100,53.40716171,16.6,45.2,10.8,36.9,20,5380,48668,5.2,19.6,20.93,10.9,1.2,75.7,15,25,0.21,35,45,21,43298
40069,OK,Johnston County,73.9044,30.99,12.6,0,15,14.6,0,0,19.37078094,15.5,42.8,10,35.3,22.4,10278,52688,4.5,16.2,18.69,6.1,2.3,66.7,13,26,0.21,35,44,24,49984
40071,OK,Kay County,50.9661,19.47,8.8,1,15,14.6,3,50,9.290120125,14,43.4,9.2,31.2,16.9,43625,58423,5.8,11.9,19.37,9,1.8,71.2,14,21,0.17,30,44,18,55440
40073,OK,Kingfisher County,59.2491,15.18,7.88,1,15,14.6,4,-33.33333333,28.40285683,12.7,41.2,8.1,32.1,17.1,15430,71975,2.1,9.1,17.17,18.6,0.5,72.5,15,20,0.14,31,41,17,72345
40075,OK,Kiowa County,60.7569,27.55,12.09,1,15,14.6,4,-42.85714286,14.20057964,17.2,45.6,11.1,38.6,21.2,8383,44962,5.2,19.5,20.33,12.2,3.6,71.7,14,25,0.2,36,45,21,44393
40077,OK,Latimer County,78.2614,31.56,14.15,0,15,14.6,3,0,10.81095219,17.2,45.2,11.6,37.8,22.7,9518,41405,5.7,16.6,22.12,4.1,1.2,60.8,13,27,0.19,37,46,25,41241
40079,OK,Le Flore County,75.1694,35.47,11.43,1,15,14.6,4,0,29.1362133,15.8,42.5,10.2,39.3,22.9,49053,51565,5.2,15.2,17.94,8,1.8,68.4,17,26,0.19,38,43,23,50469
40081,OK,Lincoln County,79.2145,29.92,11.73,1,15,14.6,7,16.66666667,12.58083057,14.4,42.2,9.5,33.5,19.8,34219,62216,3.9,14.4,19.38,4,1.6,79.8,14,22,0.16,32,42,20,56344
40083,OK,Logan County,83.8485,24.47,9.82,1,15,14.6,3,50,15.85858727,12.9,42.1,7.9,28,16.3,51938,83899,3.6,8.1,17.5,9,5.7,74.5,13,19,0.14,28,42,17,77836
40085,OK,Love County,79.4098,26.04,13.58,0,15,14.6,11,-21.42857143,14.63655949,14.5,43.2,9.1,33.1,17,10261,66580,5.2,10.3,18.11,18.2,2,67.5,16,21,0.17,32,44,17,58771
40087,OK,McClain County,80.676,20.03,10.13,1,15,14.6,0,0,31.78634834,12.5,38.3,8,31,15.7,45273,84552,4.7,6.5,15.58,9.7,1.2,75.4,13,19,0.12,30,38,16,80952
40089,OK,McCurtain County,70.6252,33.12,10.93,1,15,14.6,0,0,24.94752884,16.9,44.9,10.5,39.2,23.1,30863,51929,4.8,16.5,17.85,7,7.7,58.8,15,28,0.19,38,45,24,48589
40091,OK,McIntosh County,74.6909,32.7,16.5,1,15,14.6,3,-25,14.84899235,17.9,41.6,12,36.7,21.7,19400,46281,5.3,16,25.52,3.3,2.6,66,16,25,0.2,34,42,23,46509
40093,OK,Major County,62.7074,18.67,11.99,0,15,14.6,102,-43.95604396,21.86232376,13.7,41.5,8.9,30.6,16.9,7628,71266,2.6,5.1,21.28,11,0,81.5,16,19,0.14,29,42,18,64527
40095,OK,Marshall County,86.0459,37.05,16.96,1,15,14.6,3,-50,27.0287571,16.2,42.7,10.4,35.8,19.3,15792,57245,4.7,10.9,22.52,18.1,0.4,63,18,26,0.18,35,44,21,54966
40097,OK,Mayes County,72.9652,28.71,11.06,1,15,14.6,0,0,37.55539322,15.5,43,10.1,35.1,21.2,39604,60305,6.3,13.7,19,3.9,0.4,62,14,24,0.18,34,43,22,59498
40099,OK,Murray County,52.3443,18.04,9.16,1,15,14.6,3,50,15.91348553,14.9,44.3,9.8,33.3,18.5,13753,66322,2.5,11,20.65,7.2,1.1,69,14,21,0.17,31,44,19,63623
40101,OK,Muskogee County,47.4928,18.07,6.66,1,15,14.6,0,0,5.602851391,14.6,44.3,8.8,33.5,17.9,66444,53619,5.7,14,17.23,7.5,9.7,53.6,14,22,0.18,33,45,19,52188
40103,OK,Noble County,60.0206,19.12,9.3,1,15,14.6,5,0,25.2799778,14.1,40.2,9.5,29.7,16.9,10897,66365,2.6,6.9,21.66,4.7,0.3,79,12,19,0.14,28,41,18,60758
40105,OK,Nowata County,74.0354,29.16,13.24,1,15,14.6,4,-20,36.01762772,15.4,41.1,9.9,32.6,19.6,9435,54333,4.5,13.5,19.94,3.2,1.7,64.5,12,23,0.17,31,41,20,54831
40107,OK,Okfuskee County,72.4086,37.28,11.93,1,15,14.6,7,16.66666667,28.5971241,17.2,44.7,10.6,38.8,23.7,11278,48363,3.5,20.6,18.21,3.9,6.5,60.1,15,27,0.21,37,45,24,44661
40109,OK,Oklahoma County,29.8327,8.62,3.39,1,15,14.6,4,0,17.28829193,12.5,39.1,7.2,27.2,15.7,806199,66679,4.8,11.7,14.45,20.1,14,52.1,15,21,0.15,27,39,16,65979
40111,OK,Okmulgee County,74.7017,32.41,11.37,1,15,14.6,3,0,24.45699692,16.2,43.9,10,34.5,20.9,36899,54029,7.3,13.5,18.48,5.2,7,60.8,14,24,0.18,33,44,22,53938
40113,OK,Osage County,83.8247,30.77,12.48,1,15,14.6,0,0,54.73823929,15.5,40.3,9.8,32.9,18.3,45997,62847,5.3,9.9,21.38,4.7,10.1,62.1,13,21,0.15,31,40,19,61279
40115,OK,Ottawa County,62.1219,27.92,10.94,1,15,14.6,6,0,21.86498642,16.1,43.3,10.3,35.5,21.6,30341,49947,3,16.2,18.13,6.1,1.1,62.4,15,26,0.19,34,44,22,48937
40117,OK,Pawnee County,67.879,26.49,10.71,1,15,14.6,4,0,23.20309258,14.1,40.7,9.3,30.6,17.8,15795,58738,4.4,12.8,20.09,3.9,0.8,74.3,14,20,0.16,29,41,19,52744
40119,OK,Payne County,56.0804,22.19,6.98,1,15,14.6,8,-11.11111111,20.2821846,10,34.8,6.5,25.5,14,82972,49809,5.7,12,13.15,6.6,3.5,73.5,14,20,0.17,26,39,16,56811
40121,OK,Pittsburg County,71.676,26.3,13.05,1,15,14.6,4,-42.85714286,27.38076019,15,41,9.7,34.6,20.2,43561,55310,5.7,13.8,20.14,5.7,2.5,67.6,15,23,0.19,33,41,21,51514
40123,OK,Pontotoc County,64.2041,19.79,10.22,1,15,14.6,5,25,28.8474617,14.1,43,8.8,32.6,19.6,38235,63017,3.7,8.9,17.01,6.5,2.5,62.7,14,22,0.15,31,43,20,61269
40125,OK,Pottawatomie County,70.9961,27.09,9.8,1,15,14.6,0,0,40.65195465,13.8,42.4,8.7,34,20,73463,61398,5.3,11.9,16.66,6.4,2.9,69.6,14,23,0.17,33,43,20,57089
40127,OK,Pushmataha County,70.7653,28.82,14.59,0,15,14.6,91,-3.191489362,25.5191288,18.6,43.3,12.3,39.1,22.6,10790,47940,4.4,15.7,22.69,4.3,1.3,68.9,17,27,0.21,36,44,24,45012
40129,OK,Roger Mills County,76.99,28.78,13.76,0,15,14.6,0,0,40.38547897,15.2,40.4,10.4,32.8,16.9,3359,66094,3.2,11.8,22.36,8.5,0.1,80.1,15,20,0.15,30,40,17,57132
40131,OK,Rogers County,76.2896,17.7,10.33,1,15,14.6,6,0,33.49536133,12.4,41,7.8,27.5,16.2,98610,80067,4.7,6.5,17.24,6.2,0.9,69,12,18,0.14,27,41,17,73688
40133,OK,Seminole County,66.9602,30.38,10.69,1,15,14.6,3,50,47.49957275,16,42.2,10.3,36,21.1,23494,48062,6.3,20,18.41,5.7,3.6,62.4,16,26,0.21,36,43,23,49000
40135,OK,Sequoyah County,66.7039,31.24,10.04,1,15,14.6,0,0,26.5980072,16.8,41.2,10.9,38,22.5,39860,51093,4.7,15.1,18.64,5.1,1.9,60.6,15,27,0.19,36,41,23,48050
40137,OK,Stephens County,50.049,17.21,8.56,1,15,14.6,3,50,30.09266281,14.2,42.2,9.4,33.7,17.5,43551,61620,5.2,12.4,20.76,8.7,1.3,77.4,14,22,0.18,32,42,18,56649
40139,OK,Texas County,43.2286,17.22,4.37,1,15,14.6,4,33.33333333,37.89080048,14.5,41,7.7,35.4,16.7,20774,60069,3.4,14,12.19,52.1,5.4,37.4,22,25,0.17,35,41,17,67901
40141,OK,Tillman County,54.3491,22.95,9.66,1,15,14.6,14,7.692307692,27.92724991,17,42.5,10.4,36.2,18.4,6910,48939,5.9,17.9,20.27,27.8,6.5,58.3,17,26,0.18,34,42,19,46314
40143,OK,Tulsa County,32.1502,10.42,4.14,1,15,14.6,52,-10.34482759,17.28423119,12.5,36.7,7.7,28.6,16.1,680794,69009,5.4,10.9,15.12,15.7,9.3,57.3,14,20,0.15,28,37,17,65619
40145,OK,Wagoner County,77.7486,21.47,9.97,1,15,14.6,14,-12.5,12.43290138,12.2,43.6,7.6,28.4,16,86609,81207,4.2,6.4,17.08,8.8,3.4,66.7,13,18,0.14,28,44,17,80246
40147,OK,Washington County,45.7526,16.17,7.3,1,15,14.6,6,-25,6.096260071,14.8,41.3,9.7,34.5,19.8,53326,60162,4.4,12.3,20.26,6.9,2.4,70.2,13,22,0.16,33,42,20,66236
40149,OK,Washita County,81.3577,27.57,13.18,1,15,14.6,18,12.5,10.55284691,14,40.7,9.1,33.8,18.8,10815,63501,5.7,9.3,19.71,9.7,1.3,81.7,15,22,0.16,33,41,20,54874
40151,OK,Woods County,43.6692,11.82,9.46,1,15,14.6,4,0,16.50672913,11.3,38.4,7.6,27.9,15.4,8596,53275,4.6,11.6,17.46,7.5,2.6,81.7,11,19,0.15,28,41,17,56740
40153,OK,Woodward County,56.9427,14.12,7.86,1,15,14.6,10,42.85714286,6.565009594,13.3,41.8,8.6,33.4,18.5,20158,61417,6.2,13.2,16.69,15.2,1.1,75.8,15,22,0.16,33,42,19,59312
41001,OR,Baker County,59.0991,22.5,13.67,1,9,9.2,32,-15.78947368,22.97898865,13.1,34.2,10.1,23.6,15.8,16840,60936,5.6,10.2,28.1,5.3,1.3,87.8,7,19,0.15,21,34,16,59123
41003,OR,Benton County,40.2326,9.93,5.46,1,9,9.2,28,3.703703704,23.16909409,8.7,24.1,5.9,15.9,10.6,96303,77702,7,7.6,17.98,9.4,1.1,76.2,6,15,0.13,16,26,12,74800
41005,OR,Clackamas County,37.2234,7.32,5.19,1,9,9.2,0,0,54.60178375,9.5,29,6.6,16.7,10.2,423975,103517,4.4,5.3,19.89,10.1,1,76.5,5,14,0.1,16,29,11,100376
41007,OR,Clatsop County,52.0928,16.47,8.73,1,9,9.2,5,66.66666667,39.80830765,11.2,30.2,8.2,18.1,12.3,41363,71822,4.7,4.9,25.07,10,0.9,80.4,7,15,0.14,17,30,13,65160
41009,OR,Columbia County,49.5548,15.65,7.83,1,9,9.2,3,50,38.09376144,11.2,37.2,8,21.8,17.2,53493,87458,4.1,5.8,20.1,6.7,0.6,84.3,6,18,0.12,20,37,17,81463
41011,OR,Coos County,43.1959,16.56,10,1,9,9.2,11,0,15.00495148,13.3,30.7,9.4,21.7,14.3,64827,62143,6,11.5,28.12,7.3,0.4,82.1,8,18,0.16,19,31,15,61386
41013,OR,Crook County,55.6793,18,12.04,1,9,9.2,39,11.42857143,20.0916748,12.5,32.9,9,22.8,16.6,26277,81965,5.9,8.9,25.26,7.9,0.5,85.8,6,18,0.12,21,33,17,73421
41015,OR,Curry County,48.4017,15.13,14.38,1,9,9.2,4,-42.85714286,12.50694942,15.8,31.9,12,27.5,17.9,23381,62244,5.8,10.5,36.65,7.7,0,82.2,8,20,0.15,22,32,18,55238
41017,OR,Deschutes County,47.1059,11.45,8.2,1,9,9.2,17,6.25,22.21060181,10.1,27.2,7,14.6,10.9,206334,92758,4.4,5.2,21.26,9.2,0.3,83.5,6,14,0.11,14,27,11,95414
41019,OR,Douglas County,57.1806,21.63,12.3,1,9,9.2,17,6.25,34.3188858,13,34.6,9.3,24.1,18,112072,61310,5.4,10.4,26.5,6.6,0.3,84.2,6,20,0.15,22,35,19,60296
41021,OR,Gilliam County,63.28,23.93,10.6,0,9,9.2,0,0,40.53071594,13.2,31.2,10.2,21.5,13,1971,66917,2.8,4.5,32.42,9.4,0,80,8,17,0.13,19,32,14,74010
41023,OR,Grant County,77.0652,29.43,18.32,0,9,9.2,65,6.557377049,17.86822319,13.6,30.2,10.6,23.4,14.9,7209,59450,5.2,6.3,32.33,4.2,0.1,86.9,9,19,0.16,21,31,16,61024
41025,OR,Harney County,47.8969,15.57,8.56,1,9,9.2,19,11.76470588,14.2103548,13.6,34.5,10,24.7,17.6,7499,55208,3.7,8.5,26.38,5.6,1.9,84.6,8,21,0.15,23,35,19,56649
41027,OR,Hood River County,45.877,14.39,5.67,1,9,9.2,18,-5.263157895,34.73357391,10.7,30.7,6.5,19.6,12.9,23905,88947,3.8,5.7,18.08,30.6,0.8,61.8,10,17,0.1,19,31,13,79092
41029,OR,Jackson County,34.7663,10.09,6.92,1,9,9.2,7,16.66666667,8.92370224,12,35.5,8.4,21.7,16.7,222645,73999,5.4,7.7,23.51,14.6,0.6,76.8,8,20,0.14,21,36,18,71030
41031,OR,Jefferson County,65.1544,24.45,11.22,1,9,9.2,41,-6.818181818,17.35728264,12.4,34.8,8.1,22,16.3,25203,76260,8.1,12.6,19.9,21.3,0.6,57.3,7,20,0.15,21,35,17,68419
41033,OR,Josephine County,60.645,23.6,14.74,1,9,9.2,0,0,4.515288353,13.7,32.5,10,22.9,17.6,88179,60098,6.4,11.1,27.22,8.8,0.4,82.9,8,20,0.16,21,33,19,61575
41035,OR,Klamath County,58.6507,20.79,11.31,1,9,9.2,146,-3.947368421,7.608291626,12.9,38.3,8.8,24.8,16.5,70247,58830,7.2,11.4,22.34,13.9,0.7,74.4,7,20,0.16,23,38,17,54630
41037,OR,Lake County,63.9717,25.45,12.98,0,9,9.2,6,-40,25.89521599,13.7,34,10,24.7,17.7,8267,62787,4.1,6.7,25.23,10.8,0.5,78.8,9,21,0.17,23,34,19,56518
41039,OR,Lane County,35.5291,10.88,5.84,1,9,9.2,0,0,47.75307465,10.3,31,7.4,18.8,14.9,384207,71544,6.4,7.9,20.85,10.5,1.1,78.2,7,20,0.15,19,33,17,70065
41041,OR,Lincoln County,47.1012,17.15,11.46,1,9,9.2,10,11.11111111,2.879510403,14.2,31.9,10.1,23.3,15.7,50964,63165,8,11,31.84,10.3,0.4,78.3,8,19,0.16,20,32,16,61603
41043,OR,Linn County,57.5594,18.43,9.34,1,9,9.2,15,7.142857143,30.501688,10.8,34.6,7.2,21.3,15.2,130706,76329,6,8.6,19.51,10.7,0.4,81.3,7,19,0.14,21,35,16,70242
41045,OR,Malheur County,44.4045,17.46,6.65,1,9,9.2,7,0,12.1145649,13.4,37.8,8.4,28.1,18.1,31954,54519,5.2,15.3,17.12,34,1,60.2,10,26,0.16,27,38,19,53762
41047,OR,Marion County,29.7635,8.23,4.22,1,9,9.2,3,-40,25.06251144,12.3,39.1,7.6,24.9,16.2,349244,77351,5.3,9.2,16.72,29,1.2,60.7,11,22,0.14,24,39,17,73210
41049,OR,Morrow County,68.6915,27.22,8.55,0,9,9.2,8,14.28571429,39.95554733,13.5,37,8.3,27,17.3,12300,75448,2.4,10.3,16.54,42,0.8,52.5,10,24,0.15,27,37,18,80508
41051,OR,Multnomah County,9.2231,1.82,1.15,1,9,9.2,75,-9.638554217,14.30418015,8.7,29.2,5.9,17.9,13.7,801477,88766,5.7,7.4,14.75,13.5,5.3,65.2,6,17,0.13,18,29,14,83290
41053,OR,Polk County,50.885,14.11,7.73,1,9,9.2,0,0,100,11.3,33.5,7.7,22.8,14.5,89662,85118,5.7,9,19.03,15.6,0.6,73.9,6,19,0.13,22,34,15,79970
41055,OR,Sherman County,90.55,33.97,19.02,0,9,9.2,24,14.28571429,15.67876816,12.9,33,9.8,23.7,17.2,1938,60161,1,14.9,21.21,4.4,0.5,85.4,6,20,0.15,22,33,19,73123
41057,OR,Tillamook County,74.7528,25.82,15.72,0,9,9.2,9,-18.18181818,15.85733128,12.9,30.6,9.5,20.9,14.8,27496,69105,4.5,9.1,27.98,11.4,0.8,81.3,8,17,0.14,19,31,15,68717
41059,OR,Umatilla County,57.6024,22.72,8.03,1,9,9.2,189,-13.69863014,26.44296455,11.7,37.3,7.7,24.8,16.4,79940,67728,5,9.5,16.38,29.7,0.7,61.5,9,22,0.13,25,38,17,62890
41061,OR,Union County,28.9159,9.76,5.56,1,9,9.2,10,-9.090909091,5.173372269,11.2,34.5,8,21.6,15.3,26144,65661,5.7,9.6,21.36,5.5,0.8,85.8,7,19,0.14,21,36,17,63524
41063,OR,Wallowa County,51.9163,20.27,12.69,0,9,9.2,21,-16,32.52877808,11.8,30.1,9,19.3,12.9,7553,67112,3.8,3.7,29.38,4.2,1.3,89.2,8,16,0.13,18,30,14,61173
41065,OR,Wasco County,60.2717,19.61,10.66,1,9,9.2,14,-6.666666667,22.7117157,11.8,32.7,8.1,22.9,14.1,26552,64175,7.7,6.8,21.41,20.6,0.4,70.8,9,19,0.14,21,33,14,65701
41067,OR,Washington County,19.8061,3.21,1.86,1,9,9.2,77,4.054054054,17.45006371,9.3,29.9,5.3,16.9,9.7,603947,107772,4.5,5,14.77,18.6,2.2,60,6,15,0.1,17,30,10,103486
41069,OR,Wheeler County,100,51.06,29.15,0,9,9.2,21,10.52631579,16.2413559,15.6,34.1,12.1,26,17,1485,55284,2.6,8.1,38.92,4.8,0,83.3,8,20,0.14,22,35,18,46315
41071,OR,Yamhill County,47.0675,11.01,6.76,1,9,9.2,14,0,14.19464016,10.7,34.2,6.9,21,13.9,108734,90063,4.8,7.2,18.84,17.6,0.7,72.7,7,17,0.13,20,35,14,86887
42001,PA,Adams County,73.5075,16.25,11.52,1,10,9.9,86,-5.494505495,34.60395432,10.9,36.5,7.6,24.2,15.7,106115,84092,3.4,5,21.8,7.7,1.6,86.8,7,17,0.1,23,37,17,77041
42003,PA,Allegheny County,29.4967,6.03,4.98,1,10,9.9,27,-12.90322581,24.32904816,11,31.7,7.1,21.8,14.7,1238177,78548,5,7.3,20.18,3,12.4,75.5,5,16,0.11,21,32,15,76488
42005,PA,Armstrong County,71.8557,20.58,12.97,1,10,9.9,26,-10.34482759,22.2890625,12.3,37.9,8.8,27.5,19.6,64622,65008,4.3,7.5,24.02,0.9,0.9,94.9,6,20,0.13,26,38,21,61521
42007,PA,Beaver County,59.7416,15.35,10.6,1,10,9.9,3,200,7.551332951,11.8,37.4,8.2,23.5,15.5,166324,71089,5.3,7.1,22.62,2.4,6.2,86.3,5,16,0.12,22,37,16,66846
42009,PA,Bedford County,79.5194,26.48,14.33,1,10,9.9,8,-27.27272727,4.975941658,12.6,34.9,9.5,27.2,18.2,47513,59992,3.9,7.8,23.97,1.4,0.7,95.4,8,19,0.13,25,35,20,58319
42011,PA,Berks County,41.5777,8.15,6.1,1,10,9.9,18,5.882352941,16.12185669,11.5,34.8,7.6,24.9,14.8,433015,79777,5.4,8.7,18.04,24.8,4,66.6,8,18,0.12,24,35,15,75655
42013,PA,Blair County,39.0924,10.69,6.41,1,10,9.9,70,7.692307692,45.07774353,12.7,36,9.2,26.8,19.2,121277,62382,4.4,7.8,21.49,1.6,1.9,91.6,7,20,0.13,25,36,20,54909
42015,PA,Bradford County,72.5045,23.4,12.24,1,10,9.9,8,0,15.68650723,12.2,34.7,8.9,24.2,16.1,59858,63675,6.3,8.4,22.41,1.7,0.9,94.1,7,18,0.13,22,35,17,61270
42017,PA,Bucks County,45.075,5.79,6.16,1,10,9.9,15,-11.76470588,19.27971458,11.1,30.4,7.4,23.2,15.5,647461,114764,4.4,3.9,20.54,6.6,3.7,79.9,5,16,0.09,22,30,16,107006
42019,PA,Butler County,65.9758,12.76,9.95,1,10,9.9,7,40,11.2790451,9.7,32.3,6.7,19.1,12.2,197254,89843,4.4,4.9,20.63,2,1.1,92.2,4,13,0.11,18,33,13,80978
42021,PA,Cambria County,54.5895,15.22,9.88,1,10,9.9,9,-10,8.378909111,12.6,36.6,9.1,28,18.1,131538,58418,4.7,8.9,23.94,2.1,2.8,90.2,5,19,0.14,26,37,20,55592
42023,PA,Cameron County,50.0682,16.82,11.06,1,10,9.9,16,-20,14.50422096,15.4,37.9,11.5,30.7,20.8,4427,50573,7.8,8.9,29.46,0.7,0.1,92.4,7,22,0.16,28,38,23,51035
42025,PA,Carbon County,64.5639,18.09,11.68,1,10,9.9,36,-5.263157895,26.96913147,12.4,34.7,8.7,26.1,17.6,65382,67554,7.5,8.3,22.63,6.9,1.9,87.9,7,18,0.13,24,34,18,64894
42027,PA,Centre County,53.7807,11.54,7.71,1,10,9.9,61,8.928571429,35.35398102,8.7,31.5,6,21.7,15.1,158576,74291,4.3,5.7,15.94,3.7,3.2,82.8,7,17,0.11,23,35,18,69999
42029,PA,Chester County,58.3121,8.3,7.35,1,10,9.9,138,0,15.85291195,9.2,29.6,5.9,18.2,10.6,547840,127208,3.8,3.7,17.73,8.4,4.9,75.4,5,13,0.08,18,30,11,120925
42031,PA,Clarion County,71.6759,24.2,12.4,1,10,9.9,7,0,17.26659393,11.3,34.5,8.3,25.8,18,37179,62649,5.1,7,20.6,1.2,1.6,94.1,7,18,0.13,24,36,19,56911
42033,PA,Clearfield County,66.3757,23.28,10.77,1,10,9.9,41,13.88888889,34.04052734,13,37.2,9.3,28,20,78635,62152,5.9,10.4,21.79,3,1.9,92,7,20,0.14,26,37,20,60213
42035,PA,Clinton County,62.9122,17.96,11.08,1,10,9.9,23,-17.85714286,16.82693863,10.8,33.7,7.6,26.4,18.4,37798,60816,5.6,10.7,20.01,1.9,1,93.6,7,19,0.14,26,35,20,55946
42037,PA,Columbia County,52.8483,13.79,9.44,1,10,9.9,0,0,39.42614746,11.1,36,8,25.8,16.4,65362,64644,6,7.7,20.34,4.1,1.7,90.5,6,18,0.13,25,37,18,63605
42039,PA,Crawford County,72.9155,23.39,11.98,1,10,9.9,28,-9.677419355,24.26099586,12.2,37.4,8.7,26.3,19.5,82716,60476,5,9.8,22.71,1.6,1.3,92.9,9,19,0.14,25,38,21,60545
42041,PA,Cumberland County,47.2961,9.71,6.54,1,10,9.9,0,0,2.359087229,10.2,32.8,6.7,21.7,14.1,268323,87494,3.7,4.7,19,5.1,4.1,80.7,7,16,0.1,21,33,15,82507
42043,PA,Dauphin County,44.4681,10.31,6.12,1,10,9.9,5,-58.33333333,22.59093475,12.2,34.1,7.5,25.9,17.1,289593,76242,4.5,9,18.03,11.8,16.3,60.6,8,19,0.11,25,34,18,73929
42045,PA,Delaware County,16.3542,2.41,2.52,1,10,9.9,4,0,1.654925823,10.8,30.9,6.1,20.1,12.5,579222,89546,6.9,7.4,17.43,5,21.9,62.4,6,14,0.1,20,31,13,84180
42047,PA,Elk County,58.713,15.22,10.83,1,10,9.9,11,22.22222222,8.238246918,12.7,38.3,9.3,27,17.9,30506,66380,5.7,4.3,24.15,1,0.6,94.5,6,17,0.12,24,38,18,66378
42049,PA,Erie County,54.0729,18.71,7.5,1,10,9.9,7,-12.5,7.920552254,11.6,36.5,8.2,26.9,17.8,269052,63354,5.4,10.2,19.73,4.8,7,81.7,6,19,0.14,26,37,19,60721
42051,PA,Fayette County,63.5632,23.13,10.91,1,10,9.9,7,40,5.620579243,13.2,34.7,9,27.7,20.7,125997,58236,6.3,11.8,22.66,1.4,3.9,89.1,6,21,0.16,26,35,21,54030
42053,PA,Forest County,83.1058,29.95,15.91,0,10,9.9,38,-11.62790698,15.2504015,13.6,39.7,9.3,30.1,21.8,6715,52191,2.5,8.2,24.96,5.1,13.7,78.3,13,24,0.17,29,40,22,48084
42055,PA,Franklin County,63.3908,16.04,10.55,1,10,9.9,125,15.74074074,20.43885803,11.5,38.9,7.8,25.5,18.5,157379,77003,4,5.5,20.19,7.5,3,84.3,9,18,0.11,25,39,20,75532
42057,PA,Fulton County,81.7088,25.52,13.85,0,10,9.9,13,-13.33333333,18.52605057,11.6,35.6,8.4,25,17.2,14531,65836,2.9,8.7,22.81,1.3,1.3,93.2,6,17,0.13,24,36,18,62044
42059,PA,Greene County,72.3532,22.96,11.24,1,10,9.9,34,3.03030303,19.52481461,12,35.6,8.7,26,18.7,34835,68041,5.6,11.3,20.65,1.6,2.7,91.1,6,19,0.14,25,36,19,60627
42061,PA,Huntingdon County,65.9966,21.16,11.61,1,10,9.9,60,-21.05263158,25.48513412,11.5,35,8.1,25.9,18.8,43653,65557,4.6,8,22.13,2.1,4.5,89.3,7,19,0.13,25,36,20,61812
42063,PA,Indiana County,67.3463,22.17,11.12,1,10,9.9,73,21.66666667,20.29522896,10.9,37.7,7.9,22.8,15.4,83042,60208,6.7,8.5,20.56,1.9,2.1,91.7,8,18,0.13,23,40,18,57110
42065,PA,Jefferson County,63.904,21.17,11.12,1,10,9.9,18,0,23.28651619,12.6,35.7,9.3,27.7,20.2,43864,58686,4.2,10.9,22.24,1,0.3,95.5,9,20,0.14,26,36,21,49430
42067,PA,Juniata County,88.203,30.74,14.8,0,10,9.9,11,-8.333333333,2.796860695,12.3,36,8.8,27.7,18.8,23379,66318,2.1,7.4,21.2,4.1,1,91.9,12,20,0.12,26,36,20,59755
42069,PA,Lackawanna County,30.6894,7.02,5.29,1,10,9.9,13,-7.142857143,18.19691086,11.5,32.8,7.7,24.6,16.5,216146,66223,4.9,10.3,20.55,9.8,3,79.6,7,18,0.14,24,33,17,57570
42071,PA,Lancaster County,48.5492,11.81,6.62,1,10,9.9,13,18.18181818,19.56762695,10.6,35.1,7.4,22.4,15.2,557931,86959,3.4,5.4,19.61,11.5,3.4,79.1,11,17,0.1,22,36,16,80210
42073,PA,Lawrence County,56.4154,16.83,9.87,1,10,9.9,20,17.64705882,23.42515945,12.5,35.5,8.8,26.2,17.7,85024,61931,5.7,7.8,23.41,2.2,3.7,88.7,6,18,0.14,24,36,19,61686
42075,PA,Lebanon County,44.4514,10.06,7.85,1,10,9.9,150,2.739726027,31.25239182,11.5,36.8,7.8,24.4,15.2,144186,78425,4.3,6.9,20.48,15.2,1.7,78.4,9,17,0.12,23,37,16,78284
42077,PA,Lehigh County,34.5548,5.27,4.62,1,10,9.9,3,0,19.29822731,11.6,34,7,25.9,16,378792,80079,5.9,7.9,17.69,28,5.9,59.1,7,19,0.12,25,34,17,76270
42079,PA,Luzerne County,37.9193,9.25,6.54,1,10,9.9,51,0,24.54721451,12,38.2,8,27,17.5,327675,63691,5.8,11.3,20.12,17.3,4.1,74.2,8,20,0.14,26,39,19,60165
42081,PA,Lycoming County,56.1315,16.48,8.93,1,10,9.9,20,-4.761904762,6.583264828,11.4,35.5,8,24.2,16.5,113489,63917,5.1,8.7,20.6,2.4,4,88.1,7,17,0.13,22,36,17,62063
42083,PA,McKean County,55.3501,16.95,9.52,1,10,9.9,10,11.11111111,6.259481907,11.8,35.9,8.4,24.3,16,39904,62905,4.9,9.6,21.03,2,2.1,91.7,6,17,0.15,23,36,17,59522
42085,PA,Mercer County,66.7462,20.63,11.84,1,10,9.9,699,2.9455081,1.076196194,11.6,34.8,8.4,23.2,16.8,109257,59976,5.3,9.9,23.13,1.7,5.6,87.9,8,18,0.14,22,36,19,61530
42087,PA,Mifflin County,63.5408,22.02,10.82,1,10,9.9,7,-12.5,12.58837986,13,38.3,9.3,29.2,20.8,46041,63953,2.7,11.4,22,2.3,1,93.3,12,21,0.15,28,39,22,58758
42089,PA,Monroe County,76.2002,19.08,9.41,1,10,9.9,4,-50,4.791255951,12.6,37.5,7.4,25.2,15.8,167515,83565,6.9,8.5,19.57,18.2,13,60.4,7,18,0.11,24,38,16,73408
42091,PA,Montgomery County,33.4122,4.06,5.19,1,10,9.9,29,-3.333333333,8.367783546,10.3,31.5,6.7,19.6,12.5,867573,113915,4.5,4.1,18.8,6.7,9.2,71.5,5,14,0.09,18,31,12,106780
42093,PA,Montour County,66.6663,15.21,12.51,1,10,9.9,9,-10,6.229284763,12,35.3,8.4,25.5,16.8,18103,76976,2.9,5.5,21.77,3.1,2.4,89,5,18,0.11,24,35,18,73087
42095,PA,Northampton County,39.3018,7.3,6.35,1,10,9.9,16,0,15.90955544,10.9,33,7.1,23.4,14.6,318580,89184,4.6,5.9,20.32,15.5,5.7,72,6,17,0.11,22,34,15,84051
42097,PA,Northumberland County,47.5268,13.08,8.29,1,10,9.9,3,0,34.39587784,12.5,37.9,8.8,27.9,19.2,90560,60583,3.7,8.6,22.31,5.2,2.6,88.7,7,19,0.13,26,38,19,58834
42099,PA,Perry County,84.0585,20.15,11.25,0,10,9.9,6,-14.28571429,18.1141777,11.2,35.1,8.1,24.3,17.8,46239,79444,3.1,6.2,20.49,2.5,0.8,93.5,8,18,0.11,23,35,19,71392
42101,PA,Philadelphia County,1.0762,0.31,0.2,1,10,9.9,7,-30,23.37827301,14.6,34.2,7.1,27.2,18.4,1579706,61953,8.1,17,14.69,15.6,38.3,33.2,8,24,0.15,27,35,19,60196
42103,PA,Pike County,88.348,22.53,13.71,1,10,9.9,5,66.66666667,18.44298553,12.4,34,8.2,23.7,14.6,60621,81323,7.5,6.9,24.3,12.4,5.6,76.9,7,16,0.12,22,34,15,71698
42105,PA,Potter County,70.4865,24.25,13.69,0,10,9.9,10,42.85714286,5.269283772,13.2,38.1,9.4,26.9,18.2,16188,59020,3.8,9.2,25.92,1.7,0.4,94.5,7,18,0.14,25,38,19,57850
42107,PA,Schuylkill County,48.5924,12.39,8.35,1,10,9.9,6,-40,10.82820797,12.5,39,8.7,27.4,19.9,143558,68313,5.6,8.4,21.05,7.8,2.6,86.2,7,20,0.13,26,39,20,63479
42109,PA,Snyder County,69.1805,22.92,10.14,1,10,9.9,24,0,34.43283844,11.3,35.5,7.9,25.3,15.3,39668,66876,2.4,6,20.57,2.6,0.7,93.8,10,16,0.12,24,37,16,68089
42111,PA,Somerset County,84.0704,27.45,14.88,1,10,9.9,9,-10,1.955829501,12.1,36.5,8.7,27.1,18.6,72799,61446,4.9,6.9,23.91,1.5,2.6,93.3,7,20,0.13,26,37,20,59562
42113,PA,Sullivan County,88.118,30.7,21.39,0,10,9.9,48,-5.882352941,32.76404953,14.9,36.8,10.9,30.3,21.1,5888,69764,5.8,7,31.45,2.3,2.3,93.2,8,22,0.13,28,37,23,59604
42115,PA,Susquehanna County,80.469,23.79,14.51,1,10,9.9,4,-33.33333333,0.87787205,11.4,32.9,8.4,20.8,14.3,38219,68487,5.9,7.3,25.18,2.4,0.2,93.8,7,15,0.13,20,33,16,70021
42117,PA,Tioga County,82.1646,28.86,13.99,1,10,9.9,58,-9.375,29.48576355,12.8,38.5,9.4,28.1,18.6,40945,64899,4.6,7.7,23.48,1.7,0.8,95,7,18,0.14,26,39,19,62918
42119,PA,Union County,71.9072,25.98,9.28,1,10,9.9,5,-28.57142857,56.01336288,10.7,33.7,7.7,24.4,17.5,42456,76404,2.2,4.4,19.88,5.1,5.7,86,9,19,0.12,24,35,19,82708
42121,PA,Venango County,65.8245,20.16,12.01,1,10,9.9,19,-9.523809524,32.15211868,13.3,35.8,9.6,28.1,18.1,49801,61522,5.6,9.5,24.79,1.3,1.2,93.3,7,18,0.14,25,36,18,57256
42123,PA,Warren County,63.1954,20.69,11.64,1,10,9.9,14,0,33.48879242,12.5,34.5,9.2,27,18.5,37920,60480,4.4,7.6,24.75,1.3,0.8,94.2,6,19,0.13,25,35,20,57469
42125,PA,Washington County,69.5211,17.26,11.89,1,10,9.9,134,-0.740740741,15.93440628,11.2,38,7.9,24.1,16.6,210042,78958,4.8,5.7,21.98,2.1,3.2,89.7,5,17,0.12,23,38,18,76957
42127,PA,Wayne County,84.9737,22.8,16.29,1,10,9.9,30,7.142857143,31.24183655,13.5,35.2,9.8,26.9,18.9,51262,62381,6,9.6,25.57,5.1,3,87.4,7,20,0.13,25,35,20,68429
42129,PA,Westmoreland County,60.5872,14.06,10.9,1,10,9.9,0,0,20.36270714,10.6,31.2,7.5,21.9,13.4,352500,74109,4.8,6.6,24.3,1.6,2.5,91.4,4,14,0.12,21,31,15,70985
42131,PA,Wyoming County,92.3506,26.62,14.39,0,10,9.9,24,-11.11111111,29.12863159,12.4,35.7,9.1,26.6,19.2,25967,72460,5,7.2,22.93,2.5,0.6,93.1,6,19,0.12,24,36,20,66855
42133,PA,York County,52.764,10.04,7.05,1,10,9.9,0,0,2.333132505,10.3,34.8,6.8,22.6,15.7,462924,84829,4.5,6.1,18.82,9.6,5.8,78.9,6,16,0.1,23,35,17,81213
44001,RI,Bristol County,56.0129,12.09,9.38,1,8,8.2,28,-15.15151515,36.07876587,9.9,25.3,7,19,12.4,50490,114490,3,3.9,21.14,4.2,1,88.3,3,13,0.08,18,26,13,99802
44003,RI,Kent County,39.3413,6.33,5.42,1,8,8.2,0,0,27.10024261,10.7,33,6.6,21.5,13.1,171456,94345,4.7,4.2,20.42,6.9,1.9,83.7,4,13,0.09,21,33,14,89914
44005,RI,Newport County,43.7051,5.93,7.73,1,8,8.2,4,-20,0.030652694,9.7,26.5,7,19.2,10.2,84657,103514,5.8,5,25.52,6.7,3.2,82.4,4,12,0.09,18,28,12,99912
44007,RI,Providence County,21.2752,3.85,3.15,1,8,8.2,30,3.448275862,48.99441147,11.6,32.1,6.3,25.6,13.1,664854,78787,6.6,9.3,16.32,25.6,7,56.5,6,17,0.12,25,32,14,75307
44009,RI,Washington County,63.3146,12.07,8.84,1,8,8.2,27,12.5,29.03096962,9.8,24,7.1,16.4,9.9,130344,106638,4.4,4.1,23.34,3.8,1.2,88.9,4,11,0.08,15,25,11,101749
45001,SC,Abbeville County,74.5883,29.84,12.07,1,11,11.2,0,0,0.980033636,15.2,38.4,8.6,27.9,16.9,24420,52935,4,11.9,22.92,2.2,25.4,68.5,12,19,0.13,26,39,18,51580
45003,SC,Aiken County,69.6091,26.51,9.98,1,11,11.2,97,8.988764045,20.78396034,13,36.8,7.9,29.5,17.2,174160,70609,6.1,10.1,20.76,7.2,23.7,63.5,11,19,0.13,28,37,18,67769
45005,SC,Allendale County,70.0205,35.17,9.42,0,11,11.2,8,-11.11111111,11.53052044,19.9,44.3,8.9,35.5,20.8,7661,32328,8.5,22,22.44,7.6,66.3,22.8,12,27,0.17,34,45,22,35477
45007,SC,Anderson County,70.1444,24.87,10.01,1,11,11.2,5,0,15.9163065,13.2,38.7,7.5,26,15.5,210478,66651,5.3,11.5,18.44,5.2,13.5,75.1,12,16,0.13,25,39,16,64813
45009,SC,Bamberg County,81.3373,38.5,12.98,1,11,11.2,7,-22.22222222,11.09169483,18,42.9,9,33.2,19.5,13042,44370,15,15.3,23.9,1.4,59.4,37,14,24,0.15,32,44,21,41555
45011,SC,Barnwell County,68.5286,32.92,9.04,0,11,11.2,5,25,16.54156303,16.8,42.9,8.5,33.6,19.9,20521,46626,7,20.2,19.14,2.9,42.8,50.5,13,24,0.17,33,43,21,46482
45013,SC,Beaufort County,65.6079,18.96,13.94,1,11,11.2,11,22.22222222,37.98973846,12.5,26.9,7.7,20.9,11.8,195289,86573,2.6,7.1,28.39,12.4,15.5,67.3,12,14,0.11,19,28,13,82199
45015,SC,Berkeley County,54.8515,17.48,5.65,1,11,11.2,9,-25,12.48615456,11.8,36.5,5.8,22.8,14.3,246802,84358,3.2,7.5,14.84,9.2,22.7,60.1,10,15,0.11,23,37,15,82414
45017,SC,Calhoun County,85.4766,29.52,13.07,0,11,11.2,7,16.66666667,4.468746185,16.6,38.2,8.7,30.3,18.4,14182,58682,5.8,12.4,24.41,3.9,39,54.9,11,21,0.13,28,38,20,58916
45019,SC,Charleston County,31.396,8.77,4.32,1,11,11.2,19,0,24.97842598,10.6,28.7,5.8,17.8,9.6,420264,88494,3.5,7,17.85,7.2,22.7,64.5,10,12,0.11,18,29,10,88111
45021,SC,Cherokee County,71.7454,28.86,9.27,1,11,11.2,3,0,29.7927227,13.6,32.4,7.8,29.4,18.4,56647,50288,6.3,11.8,17.53,5.5,18.7,69.7,12,20,0.15,28,32,19,57768
45023,SC,Chester County,77.5782,35.28,11.16,1,11,11.2,0,0,23.39931107,15.1,42,8.4,29.5,19.2,32182,52458,5.6,15.8,19.23,3,34.5,57.7,12,21,0.14,28,42,20,51383
45025,SC,Chesterfield County,79.9531,36.63,10.31,1,11,11.2,25,-19.35483871,17.76611137,15.2,39.8,8,28.6,18.4,43784,49235,7.5,16.4,19.03,5.9,30,58.4,12,21,0.15,28,40,19,50962
45027,SC,Clarendon County,82.6201,38.42,14.19,1,11,11.2,14,-6.666666667,26.39408684,17.6,45.1,9.4,32.9,18,30986,52401,6.8,11.1,24.94,3.2,44.1,49.3,12,22,0.14,31,46,19,47675
45029,SC,Colleton County,77.7455,36.95,11.78,1,11,11.2,100,13.63636364,35.70973587,16.9,44.8,8.7,32.8,20.3,38783,51114,9.9,17.1,20.44,4.6,33.6,56.5,14,22,0.13,31,45,21,48504
45031,SC,Darlington County,72.9442,33.38,9.79,1,11,11.2,16,6.666666667,13.57332325,15.2,41.2,7.7,28.8,17.7,62558,48581,6.7,17.8,19.86,2.5,40.6,53.1,11,20,0.14,28,41,19,46249
45033,SC,Dillon County,69.0848,42.44,7.89,1,11,11.2,5,-16.66666667,12.73285389,19.4,42.1,10,39.7,27.4,27862,46605,9,22.7,17.98,3.5,45.3,44.5,12,32,0.18,39,42,28,45269
45035,SC,Dorchester County,43.2608,12.98,4.39,1,11,11.2,66,10,23.42155075,12.2,36.9,6.4,23.9,16.3,167201,78198,4.9,8.1,15.2,7.2,24.9,60.6,11,17,0.11,23,36,16,78329
45037,SC,Edgefield County,91.5717,34.14,11.71,1,11,11.2,6,20,9.823148727,15.3,39.2,8.1,30.5,19.1,27476,73029,4.8,15.4,19.73,7.2,30.1,56.5,14,22,0.13,29,39,19,62851
45039,SC,Fairfield County,80.8423,39.18,12.44,1,11,11.2,10,25,33.50849915,19.6,41,9.6,36.2,21.4,20550,47885,5.5,12.1,24.04,2.5,54.5,38.9,11,25,0.13,34,41,22,48123
45041,SC,Florence County,56.9276,23.78,6.94,1,11,11.2,21,-12.5,28.47920799,14.5,38.9,7.1,30.7,16.5,137117,58305,5.6,13.4,18.09,3.3,42.9,49.1,11,19,0.12,29,39,17,56144
45043,SC,Georgetown County,63.5924,25.45,12.73,1,11,11.2,10,0,15.74491787,15.4,33.2,9.5,26.4,14.9,64811,68713,4.4,11.4,30.71,3.6,27.8,65.8,12,17,0.13,24,34,16,69379
45045,SC,Greenville County,49.1213,14.42,5.99,1,11,11.2,0,0,4.971880913,10.1,30.2,5.7,20.7,11,548166,76932,4.4,7.7,16.73,11.6,15.3,65.2,12,13,0.12,20,30,11,76281
45047,SC,Greenwood County,54.1353,21.39,8.46,1,11,11.2,52,20.93023256,32.81361389,14.3,39.9,8.2,28.9,17.5,69489,52830,5.5,10.1,19.37,7.2,31.2,57.7,12,20,0.13,28,41,18,56726
45049,SC,Hampton County,74.3878,40.49,9.16,0,11,11.2,0,0,6.275514126,17.7,43.7,8.7,36.3,21.2,18254,44711,9.5,13.7,19.66,4.1,51.9,40.6,15,25,0.13,34,44,21,44774
45051,SC,Horry County,53.3955,20.71,7.77,1,11,11.2,7,-22.22222222,0.211481452,13.9,34.6,8.4,25,16.3,383016,66880,4.9,9.1,26.36,7.3,11.6,75.5,13,17,0.14,24,35,18,68684
45053,SC,Jasper County,76.7561,38.26,8.54,0,11,11.2,4,0,20.5607338,16.3,37.2,8.4,29.3,17.3,32166,65613,4.6,12.5,23.09,17.6,32.8,46.2,16,20,0.13,28,38,18,61816
45055,SC,Kershaw County,80.0298,29.89,10.66,1,11,11.2,5,0,28.70879936,14,36.7,7.4,29.1,17,68314,68231,4.7,9.6,18.92,5.9,23.7,65.8,11,18,0.13,28,37,17,69277
45057,SC,Lancaster County,69.6831,21.59,10.1,1,11,11.2,17,0,22.81996918,12.7,35.9,7.4,25.4,15.6,104475,78869,4.3,9.1,21.76,7.5,19.3,67.2,11,16,0.12,24,36,16,74417
45059,SC,Laurens County,82.5837,36.79,11.84,1,11,11.2,18,0,28.44432449,14.7,40.8,7.7,27.2,18.4,68666,57623,4.5,13.7,19.16,6.7,22.9,65.8,13,19,0.15,26,41,19,56237
45061,SC,Lee County,81.0868,43.61,10.42,0,11,11.2,13,0,42.57255554,19,48.6,9,36.3,22.9,16166,44760,6.7,19.2,20.75,2.4,62.2,33.2,14,28,0.16,35,49,24,46256
45063,SC,Lexington County,59.4301,18.6,6.8,1,11,11.2,51,-15,46.48968124,11.8,39.4,6.7,24.6,14.6,304887,77408,4.5,8.5,17.08,7.9,15.1,70.3,10,15,0.12,24,39,15,76559
45065,SC,McCormick County,84.0337,37.85,21.18,0,11,11.2,3,50,2.948939323,18.2,36.5,10.2,28.5,15.3,9760,55798,4.4,12,39.47,0.8,40,56.1,10,19,0.12,26,38,18,58475
45067,SC,Marion County,68.6652,33.33,9.34,0,11,11.2,44,-2.222222222,34.01483154,19.7,42.5,9.2,36.9,21.6,28664,36301,7.2,22,21.64,2.8,54.8,38.6,12,26,0.16,35,42,22,40171
45069,SC,Marlboro County,79.8612,37.26,10.22,1,11,11.2,16,-15.78947368,18.95896339,18.7,46,8.9,38.5,25,25975,34301,9.9,17.4,19.09,2.7,47.7,38.2,11,28,0.19,37,46,26,42308
45071,SC,Newberry County,85.5078,36.6,12.62,1,11,11.2,3,-25,7.914997101,14.8,38.3,8.3,29.5,16.4,38435,61780,4.4,11.6,20.43,9.2,28.7,59.7,12,20,0.13,28,39,17,57325
45073,SC,Oconee County,86.1519,32.59,16.49,1,11,11.2,7,-22.22222222,8.049659729,14.3,32.1,9.4,26.8,16,80469,62388,5.9,11.9,24.87,6.2,5.2,83.1,13,16,0.15,23,32,15,67161
45075,SC,Orangeburg County,77.2587,36.74,11.03,1,11,11.2,44,15.78947368,31.85037804,18.4,46.1,8.2,32.6,18.3,83253,45675,8.3,15.8,20.92,2.7,60.7,33.1,12,23,0.15,32,47,20,50959
45077,SC,Pickens County,71.4278,25.46,9.52,1,11,11.2,0,0,70.41963196,10.9,34.8,6.8,28,17,134629,61064,3.6,9.2,17.33,5.4,5.7,82.7,13,18,0.14,28,37,19,58480
45079,SC,Richland County,53.6218,19.62,4.99,1,11,11.2,5,0,28.97086716,11.9,32.7,5.4,22.4,13.7,422117,63784,6.4,11.5,14.09,6.4,46.9,39.4,10,17,0.12,23,34,15,61508
45081,SC,Saluda County,85.1159,37.07,13.46,0,11,11.2,0,0,39.24375153,15.7,39,8.7,30.6,17.5,19131,51009,3.2,19.3,20.59,17.1,21.2,57.1,16,20,0.14,29,39,18,60220
45083,SC,Spartanburg County,67.5382,24.28,8.8,1,11,11.2,0,0,80.1966629,12.5,36.4,6.6,28.4,15.8,347852,66234,4.3,10.8,16.29,9.3,19.3,65.3,12,16,0.13,28,36,16,64649
45085,SC,Sumter County,66.1284,28.99,7.72,1,11,11.2,3,-25,45.35110474,14.5,40.2,6.6,29.6,15.7,104725,56693,6.9,12.9,17.77,4.4,45.8,43.6,10,19,0.12,29,41,17,55481
45087,SC,Union County,72.5169,30.31,11.49,1,11,11.2,6,0,42.12817383,16.9,42.9,9.3,34.5,22.4,26885,41621,7.9,18.8,21.61,2.1,27.5,64.2,12,25,0.17,33,43,23,40008
45089,SC,Williamsburg County,81.2625,40.25,11.35,0,11,11.2,3,50,32.63670349,18,47.2,8.5,35.8,20.1,30282,46213,4,17.4,22.68,2.5,63.1,32.2,13,25,0.15,34,47,21,43711
45091,SC,York County,57.5246,15.58,6.55,1,11,11.2,0,0,18.13111877,10.6,31.6,5.9,24.1,15.4,293673,89095,4.1,6.2,15.37,7.4,18.2,66.3,9,15,0.1,24,31,15,82495
46003,SD,Aurora County,85.29,20.82,15.67,0,9,9.1,4,33.33333333,42.45508194,10.4,33.1,8,24.5,15.7,2642,72885,1.2,7.8,19.68,7,0.6,86.3,12,13,0.09,23,33,16,66789
46005,SD,Beadle County,36.3434,7.75,6.12,1,9,9.1,0,0,40.49100876,12.2,34.8,9.3,30.5,19,19309,67681,1.9,7,18.44,14.9,1,68.1,13,19,0.1,29,35,19,59721
46007,SD,Bennett County,64.547,38.18,5.96,0,9,9.1,5,25,9.423670769,13.6,42.2,9.5,27.9,26,3345,53750,10,28.2,15.31,5.1,0.2,34.3,13,23,0.18,27,43,27,48547
46009,SD,Bon Homme County,87.8597,28.5,15.29,0,9,9.1,0,0,46.27931213,11.1,35.7,8.5,25.1,16.7,7044,64435,2.2,5,21.49,2.4,2.3,86.1,9,15,0.11,23,36,17,67069
46011,SD,Brookings County,64.3202,20.56,6.6,1,9,9.1,0,0,33.29525375,7.1,34.2,4.9,19.3,10.8,35353,70064,3.7,5.2,13.4,4.6,1,87.5,9,12,0.1,21,38,13,75209
46013,SD,Brown County,51.2739,10.02,7.97,1,9,9.1,4,100,32.54798508,9.1,35.3,6.9,23.4,14,37877,70898,3.3,6.8,17.77,4.7,1.3,84.7,10,12,0.11,23,36,15,67491
46015,SD,Brule County,59.7619,23.18,10.59,0,9,9.1,0,0,36.11452103,11.6,36.3,8.7,26.5,18.7,5283,73720,1.5,5.2,21.01,2.3,0.6,81.2,14,17,0.13,25,37,20,69383
46017,SD,Buffalo County,51.49,35.47,5.19,0,9,9.1,0,0,35.25918579,15.7,43.7,9.5,36.6,34.4,1808,47045,10.8,29.3,9.18,1.7,0,17.5,11,32,0.23,38,44,35,32803
46019,SD,Butte County,48.952,20.12,7.72,1,9,9.1,4,100,32.6647644,10.7,34.6,8,25,17.3,10676,75652,1.8,6.8,20.13,4.3,0,88,15,15,0.1,24,35,19,62368
46021,SD,Campbell County,70.34,15.35,17.05,0,9,9.1,0,0,48.97493744,12.3,33.7,10.7,26,13.8,1593,68929,3.1,6.3,26.93,7.8,0,88.6,10,14,0.09,23,35,16,64367
46023,SD,Charles Mix County,55.0443,25.41,7.69,0,9,9.1,0,0,32.71463394,12.8,37.7,9.3,26.8,18.9,9281,64038,5.8,15.5,18.95,3,0.2,63.7,13,18,0.15,26,39,20,59721
46025,SD,Clark County,68.16,26.74,11.61,0,9,9.1,0,0,48.52059555,11,37.4,8.8,24.9,15.6,3917,70726,4,5.4,23.51,5.3,0.5,90.7,12,14,0.1,23,38,17,65768
46027,SD,Clay County,47.6865,13.91,7.1,1,9,9.1,0,0,7.109363556,7.4,34.9,5.6,21.3,14.3,15219,56850,7,3.1,12.2,3.3,1.8,84.2,12,16,0.13,24,40,18,63752
46029,SD,Codington County,52.0814,11.73,6.93,1,9,9.1,0,0,46.18645096,10.7,39.6,8.2,26.4,16.8,28767,72727,1.9,4.8,19.55,3.3,0.7,90.4,10,15,0.11,25,40,17,66288
46031,SD,Corson County,68.5979,42.54,6.72,0,9,9.1,0,0,34.08222961,16.1,45.7,10.5,34,26.9,3806,46406,23.5,34,13.16,0.5,0,29.9,13,27,0.23,34,46,28,42911
46033,SD,Custer County,75.1381,18.59,15.77,0,9,9.1,0,0,48.21984863,13,38.5,10.2,25.4,15.1,8892,84112,2.3,6.6,33.7,3.1,0.3,87.7,11,12,0.11,21,38,15,76579
46035,SD,Davison County,41.3275,11.89,6.15,1,9,9.1,4,0,18.93068886,11.1,36.4,8.6,27,17.8,19952,66208,0.9,6.7,20.83,5.1,0.7,88.2,11,16,0.13,25,37,19,67847
46037,SD,Day County,65.8719,24.1,14.32,0,9,9.1,0,0,27.95304871,12.6,37.4,10,27,16.6,5437,66033,2.1,7.9,26.65,2.8,0,83,13,15,0.13,25,38,18,60503
46039,SD,Deuel County,71.5729,19.65,12.68,0,9,9.1,0,0,41.32684708,11.5,35,9.3,26,16.7,4328,83112,2.1,5.2,22.09,3.1,0.5,93.9,10,15,0.09,23,35,16,67290
46041,SD,Dewey County,60.4654,31.95,6.48,1,9,9.1,3,0,96.07843018,15.2,40.9,9.4,31.1,27.3,5205,54104,13.9,28.6,9.95,1,0.5,21,13,26,0.2,31,41,27,48477
46043,SD,Douglas County,55.8,17.43,9.41,0,9,9.1,0,0,33.12080383,11.3,34.6,9.3,25.4,14.9,2828,86442,0.5,6,24.5,3,0.6,91.8,12,15,0.12,23,36,17,68324
46045,SD,Edmunds County,63.204,12.64,12.53,0,9,9.1,0,0,70.6863327,10.6,34.9,8.5,22.5,15.4,4048,81630,1.1,6.4,22.92,2.7,0,93.8,11,14,0.09,22,36,17,74870
46047,SD,Fall River County,50.2658,17.9,11.74,1,9,9.1,0,0,100,14.4,36.7,10.9,27.6,17.5,7258,67917,2.5,12.3,32.82,3.4,0,83.9,13,16,0.15,25,37,19,58834
46049,SD,Faulk County,67.98,24.9,12.81,0,9,9.1,0,0,34.84174728,12.6,36.8,10.4,27.5,18.1,2126,57750,5.3,15.4,24.08,1.3,0,95.1,11,16,0.15,25,37,19,66810
46051,SD,Grant County,50.0742,10.93,7.74,0,9,9.1,3,-40,8.866562843,10.9,32.8,8.6,23.7,13.8,7563,75028,2.7,8.3,23.36,7.4,0.4,89.3,12,13,0.11,22,33,15,73409
46053,SD,Gregory County,56.3892,21.92,11.49,0,9,9.1,0,0,14.78574562,13,36.2,10.9,29,18.3,4016,62917,2.3,5.1,26.59,0.6,0.9,86.2,15,17,0.11,26,37,20,54134
46055,SD,Haakon County,55.63,27.61,9.98,0,9,9.1,0,0,63.92193985,11.8,34.9,9.6,25.7,15.4,1722,65625,0,4.2,29.09,0.1,1.3,90,12,15,0.11,24,36,18,62682
46057,SD,Hamlin County,100,25.61,17.28,0,9,9.1,0,0,100,8.8,33.8,6.5,22.1,15.4,6373,87101,0.5,4.6,14.29,5.9,0.1,91.2,10,13,0.08,22,34,16,87571
46059,SD,Hand County,55.4284,15.17,10.64,0,9,9.1,0,0,99.99549103,10.8,33.8,9,22.9,14.3,3140,74635,0.8,1.2,24.17,2.1,0.5,92.2,10,13,0.11,21,35,16,69681
46061,SD,Hanson County,100,23.09,14.02,0,9,9.1,5,66.66666667,16.7575016,9.9,33.9,7.4,21.6,16,3472,81071,1.8,4.7,16.3,1.4,0.3,91.8,11,13,0.08,21,33,16,72307
46063,SD,Harding County,100,24.98,14.5,0,9,9.1,0,0,19.07955933,9.9,33.9,7.9,20.3,13.1,1148,80441,0.9,4.2,20.73,1.4,1.5,91.2,12,11,0.09,18,34,13,59255
46065,SD,Hughes County,45.6165,8.62,5.42,1,9,9.1,6,20,20.10943604,9,35,6.6,20.5,13,17664,81395,1,4.9,18.05,3.3,0.1,80.2,6,12,0.1,20,35,13,75885
46067,SD,Hutchinson County,54.2914,14.08,10.76,0,9,9.1,9,28.57142857,16.57478142,10.2,33.4,8.1,23,15.2,7404,73977,1.6,5.6,21.79,2.7,0.1,90.8,9,14,0.11,22,34,17,68648
46069,SD,Hyde County,42.78,13.72,7.27,0,9,9.1,3,-40,54.9031601,10.5,34.4,8.4,23,15.2,1191,73472,3.7,0.6,28.3,1.6,0.3,86.1,9,14,0.09,22,35,17,66253
46071,SD,Jackson County,77.7899,52.58,8.05,0,9,9.1,3,-25,47.75208282,15.5,39,10.4,32.1,26.1,2802,35417,7.2,40.3,12.42,0.4,0,36.6,15,25,0.22,32,40,27,47946
46073,SD,Jerauld County,100,24.31,25.06,0,9,9.1,0,0,55.68772888,12.4,36.1,9.9,26.4,15.7,1772,73750,1.7,6.2,30.76,7,0,89.4,9,14,0.1,24,37,18,57613
46075,SD,Jones County,100,40.14,20.58,0,9,9.1,0,0,50.69634628,11.8,35.7,9.4,22.5,13.3,1004,65119,2.1,14.3,24.4,1,0,80.2,8,12,0.1,19,36,14,60640
46077,SD,Kingsbury County,48.9899,11.33,8.61,0,9,9.1,4,0,15.34177017,10.8,33.8,8.8,24.9,14.9,5244,74000,1,9.5,23.09,2.9,0,91.3,11,13,0.1,23,34,16,67518
46079,SD,Lake County,47.4151,5.66,7.66,1,9,9.1,0,0,40.40450287,10.2,34.7,7.8,20.9,13.3,10972,76808,3,4.6,24.3,5.3,0.7,88.8,9,11,0.1,20,36,15,70136
46081,SD,Lawrence County,45.2543,13.62,7.29,1,9,9.1,0,0,24.27747154,9.9,33.9,7.6,21.9,14.2,27233,73384,1.7,7.8,25.02,3.9,0.3,88.8,11,13,0.12,21,35,16,69088
46083,SD,Lincoln County,36.3945,5.19,2.93,1,9,9.1,32,3.225806452,19.78236961,7.8,32.7,5.3,17.4,10.1,70638,99166,1.7,4.1,14.67,3.2,2.3,89,7,10,0.08,17,33,10,102130
46085,SD,Lyman County,89.1188,39.51,13.12,0,9,9.1,0,0,17.32047844,14.3,39.5,10.2,30.8,22.8,3724,67143,4,18.3,18.31,1.2,0,57.1,13,21,0.17,29,40,24,55274
46087,SD,McCook County,75.688,19.62,12.86,0,9,9.1,0,0,0,9.6,34.3,7.4,22.6,14.8,5751,83852,1.8,5.9,18.81,3.6,0.3,92.6,10,13,0.09,22,35,16,85702
46089,SD,McPherson County,63.54,24.63,12.68,0,9,9.1,10,-37.5,32.76581192,12.4,37.1,10.5,26.1,14.4,2145,66906,1.1,6.6,33.15,0.1,0,96.8,12,14,0.12,22,38,15,55704
46091,SD,Marshall County,71.08,18.65,11.32,0,9,9.1,0,0,31.76331139,10.4,32.8,8,22.7,13.7,4344,78156,0.3,1.5,23.23,6.4,0.1,83.7,12,13,0.1,21,33,15,69480
46093,SD,Meade County,68.8278,18.49,6.65,1,9,9.1,0,0,39.61787033,8.2,32.7,6.4,20.7,13.6,30546,74790,3.2,4,16.71,4.9,1.7,85,10,12,0.1,21,33,15,74577
46095,SD,Mellette County,62.48,44.53,7.85,0,9,9.1,3,0,35.3164978,16.4,42.3,11.4,32.1,27,1943,54076,12.5,27.5,16.42,0.9,0,34.7,15,26,0.25,31,43,28,48596
46097,SD,Miner County,98.87,28.5,22.01,0,9,9.1,0,0,98.87176514,11.4,35.5,9.2,27.2,16.3,2300,76140,0.3,6.4,25.91,1.3,0.7,96,10,14,0.12,25,36,18,69943
46099,SD,Minnehaha County,32.7299,6.73,2.89,1,9,9.1,0,0,43.33292007,8,34.1,6.2,21,11.8,203289,76880,2.5,5.9,13.92,6.6,6.3,78.6,9,11,0.1,21,34,12,73277
46101,SD,Moody County,64.0677,18.71,8.48,0,9,9.1,0,0,13.4569006,11,32.8,8.1,24.3,16.3,6397,78427,2.8,8.3,20.21,5.8,0.2,73.9,10,14,0.11,23,33,17,72783
46102,SD,Oglala Lakota County,69.8139,54.24,4.37,0,9,9.1,0,0,99.71192932,18,43.3,10.1,33.8,37.3,13491,41417,16.4,54.1,7.51,1.9,0.1,7,12,35,0.29,35,44,38,42791
46103,SD,Pennington County,60.7765,16.11,8.37,1,9,9.1,3,0,17.03748322,9.9,34.6,7.7,22.6,16,113512,74517,3.2,6.7,20.15,5.7,1.1,77.8,11,14,0.12,22,35,17,74641
46105,SD,Perkins County,46.84,12.74,8.75,0,9,9.1,3,0,32.09334564,10.3,32.3,8.3,19.9,11.4,3001,66908,4.9,9.5,26.86,1.1,0,92,13,11,0.11,19,34,13,56922
46107,SD,Potter County,49.34,15.38,13.05,0,9,9.1,3,0,2.15063858,11.6,33.9,9.5,24.2,14.6,2388,72045,2.6,3.2,30.74,0,1.5,93.3,7,13,0.09,21,34,15,70243
46109,SD,Roberts County,75.8409,28.7,13.04,0,9,9.1,3,0,0.993045747,14.6,42.4,10.9,30.9,20.9,10221,65130,6,12.3,20.91,2.6,0.3,56.5,13,20,0.14,28,43,22,65069
46111,SD,Sanborn County,100,28.06,20.25,0,9,9.1,3,0,32.94265747,10.8,34.9,8.5,23.3,14.5,2384,78750,0.6,5.5,20.22,5.2,0,90.2,12,14,0.1,22,35,15,67523
46115,SD,Spink County,60.6455,15.63,10.4,0,9,9.1,0,0,25.45351219,11.2,36.5,9.1,24.6,15.7,6219,70139,1.3,5.1,24.47,2.8,1.6,92.6,11,14,0.11,23,37,17,69262
46117,SD,Stanley County,51.6,12.26,8.13,0,9,9.1,0,0,37.49684143,10.2,33.4,8,23.2,15.6,3015,87712,0.5,4.8,24.38,2.2,0,87.9,8,13,0.08,21,34,16,82778
46119,SD,Sully County,100,21.75,19.16,0,9,9.1,10,-16.66666667,10.89867592,11,36.6,8.7,23.8,14.9,1526,72578,0,5,23.13,0,4.5,86.5,9,13,0.09,23,37,17,74496
46121,SD,Todd County,73.7457,56.36,4.88,0,9,9.1,6,-14.28571429,23.00352287,16.4,43.6,9.7,35.5,33.3,9244,42075,18.7,41.6,7.85,2.4,0.4,8.1,12,33,0.27,37,44,34,50268
46123,SD,Tripp County,45.3949,17.15,7.92,1,9,9.1,4,-33.33333333,12.58396244,13.6,40.2,10.9,31,21.1,5611,58987,1.8,14.6,24.59,1.9,0.8,79.9,16,19,0.14,29,41,23,58195
46125,SD,Turner County,80.8763,21.46,14.06,0,9,9.1,0,0,4.677407265,10.1,34.1,7.7,22.5,15.6,8882,75771,2.2,6,20.31,3.5,0.4,93,11,14,0.1,22,34,16,75454
46127,SD,Union County,72.7679,15.84,9.72,0,9,9.1,13,-13.33333333,30.12894249,9.6,32.8,7.3,21.2,13,17081,89636,3,3.8,19.48,4.8,0.9,88.4,7,12,0.1,20,33,13,97016
46129,SD,Walworth County,38.4213,11.25,10,1,9,9.1,14,0,32.87549973,11.9,34.3,9.4,26.3,16,5271,65026,3.5,13.3,22.99,0.6,0.3,78.2,12,15,0.12,24,35,17,57426
46135,SD,Yankton County,56.1734,17.22,8.88,1,9,9.1,8,0,13.80813217,9.9,34.8,7.7,22.4,14.5,23414,72821,1.4,7.6,21.38,5.9,1.6,86.9,9,13,0.1,21,35,16,73061
46137,SD,Ziebach County,60.92,39.63,5.29,0,9,9.1,0,0,2.319384098,15.1,44.2,9.3,33.8,29.6,2377,53958,23.5,31.7,11.74,1.5,0,27.1,12,28,0.23,35,45,31,42254
47001,TN,Anderson County,61.1191,20.05,10.34,1,12,12.5,5,-16.66666667,9.402409554,14.3,38.9,8.7,27.5,17.7,79153,66183,3.7,9.2,20.19,4.1,3.3,86.4,9,18,0.17,25,38,17,61009
47003,TN,Bedford County,70.2487,26.17,9.01,1,12,12.5,8,-11.11111111,47.02855301,13.6,41.2,7.4,30.2,21.6,52237,67225,4.2,10.7,14.85,16,6.3,72.8,14,22,0.14,30,41,22,69272
47005,TN,Benton County,75.449,35.49,14.41,1,12,12.5,5,0,7.570446968,16.9,39.9,10.2,32.4,22.6,16006,51746,5.3,12.5,24.2,2.8,1.5,89.7,13,23,0.19,30,40,24,52795
47007,TN,Bledsoe County,86.9358,39.78,12.64,0,12,12.5,0,0,11.38388729,16.9,43.1,10.4,33.6,25.6,15032,54720,1.8,16.7,20.84,3.5,6.1,86.5,19,27,0.21,32,43,26,50731
47009,TN,Blount County,73.2866,20.62,11.74,1,12,12.5,7,40,8.414941788,13.6,33.3,8.1,26.2,17.9,139333,77365,3.5,5.4,20.94,4.7,2.5,88.5,10,18,0.13,24,33,18,77206
47011,TN,Bradley County,65.5393,21.96,8.46,1,12,12.5,3,-25,0.176703066,13.3,38.9,7.5,25.2,17.2,111065,66552,6.6,9.5,17.33,8.4,4.1,81.2,11,20,0.16,25,39,18,61440
47013,TN,Campbell County,70.1193,30.78,11.82,1,12,12.5,6,0,21.94882965,15.6,39.3,9.6,31.6,21.6,39761,51557,5,14.7,21.1,1.6,0.5,95.7,11,24,0.2,31,39,23,50443
47015,TN,Cannon County,78.9883,27.88,11.7,0,12,12.5,10,-16.66666667,13.74099731,14.3,36.6,8.5,30.3,22,14818,59443,2.8,14.1,17.71,3.1,2.3,91.9,12,22,0.16,29,36,23,60098
47017,TN,Carroll County,76.332,30.19,13.86,1,12,12.5,3,0,14.52877808,15.8,39.9,9,33,23.2,28641,51787,4.5,12.6,20.17,3.1,8.3,83.7,9,25,0.16,32,41,25,51159
47019,TN,Carter County,78.7079,37.84,13.04,1,12,12.5,6,-40,26.86806488,16.6,41.5,10.2,32.8,22.9,56712,50135,6.2,12.6,22.75,2.5,1.9,92.8,12,24,0.18,30,41,23,48885
47021,TN,Cheatham County,81.5094,24.75,8.89,1,12,12.5,115,-7.258064516,26.57374763,12.9,38.3,7.3,26.7,18.5,41829,89852,4.3,4.8,15.97,4.8,2,89.1,12,17,0.13,25,37,18,82030
47023,TN,Chester County,70.694,23.34,10.61,1,12,12.5,4,0,6.205018044,14.6,38.2,8.5,32.5,23.5,17611,59341,4.1,14.7,18.36,3.4,9.5,83.8,11,24,0.14,32,39,25,65714
47025,TN,Claiborne County,87.8314,40.85,13.41,0,12,12.5,5,25,14.63652611,14.8,40.6,8.9,31,23,32466,49379,4.5,9.5,20.03,1.7,0.6,94,11,23,0.19,30,41,25,53195
47027,TN,Clay County,80.8652,40.54,15.82,0,12,12.5,6,-14.28571429,12.18622875,18.1,39.7,11.4,36.3,24.3,7670,39972,10,16.3,24.95,0.2,3.3,93.8,14,25,0.2,33,39,25,46575
47029,TN,Cocke County,78.9822,37.09,12.77,1,12,12.5,8,14.28571429,27.47529793,17.2,41.9,10.6,35.9,24.1,36813,48016,4.2,17.5,22.01,3.1,2.2,92,12,26,0.2,34,42,25,47491
47031,TN,Coffee County,62.3219,23.01,9.51,1,12,12.5,3,-25,16.88828659,15,39.7,8.7,31.6,24,59710,61505,3.6,12.7,17.74,6.3,4.1,85.3,12,24,0.17,30,40,25,65038
47033,TN,Crockett County,69.152,29.7,11.2,1,12,12.5,4,0,0.319655806,16.1,39.1,8.9,33.1,21.4,13944,62165,2.9,11.1,19.33,11.4,10.8,71,13,24,0.15,31,39,22,56083
47035,TN,Cumberland County,81.7343,31.59,21.26,1,12,12.5,4,-20,19.10997009,18.1,37.1,11.5,33.2,19.8,63553,60375,5.1,8.4,32.42,3.5,0.7,92.8,12,21,0.16,29,37,21,60632
47037,TN,Davidson County,31.7467,9.28,3.64,1,12,12.5,12,-7.692307692,21.51243782,12,32.1,5.9,27,18.1,715388,77853,4.5,9.9,12.92,13.9,24.3,53.2,12,20,0.13,27,32,18,80216
47039,TN,Decatur County,73.8363,32.95,15.29,0,12,12.5,4,-33.33333333,12.01928234,17.5,41.7,10.8,36.6,25.4,11579,45375,7.2,16.7,23.8,3.7,2.7,90.1,12,24,0.17,33,42,26,52000
47041,TN,DeKalb County,77.5609,32.44,11.55,1,12,12.5,4,-20,0,16.4,42.2,9.7,35,25.5,20959,53153,5.6,13.6,18.77,7.7,1.5,87,14,27,0.19,33,42,25,57936
47043,TN,Dickson County,76.7643,25.61,10.3,1,12,12.5,15,15.38461538,28.59536934,13.2,35.3,7.5,27.8,19.7,55983,75003,3.4,7.7,16.82,5.1,3,87.2,10,20,0.14,27,35,20,74028
47045,TN,Dyer County,74.7165,31.9,10.2,1,12,12.5,3,-50,6.94611454,15.1,41.2,8.2,33.2,24,36508,58154,4.7,10.2,17.73,4,15,76.9,10,24,0.16,32,41,25,57548
47047,TN,Fayette County,84.5893,26.82,12.85,1,12,12.5,10,-28.57142857,42.65865326,16.2,37.4,8.4,27,16.9,43267,88456,4.8,8.1,22.97,3.8,25,65.6,9,18,0.12,25,37,17,76680
47049,TN,Fentress County,81.0621,39.09,13.26,0,12,12.5,63,8.620689655,43.85080719,17.1,40.3,10.5,34,24.4,19309,51149,4.7,13.3,23.29,2.1,0.2,94,13,26,0.19,32,40,26,47860
47051,TN,Franklin County,82.9537,27.88,14.19,1,12,12.5,0,0,1.071048737,15.1,38.4,8.9,30.4,21.4,43990,63494,2.8,8.2,20.87,3.8,4.9,87.4,9,23,0.16,29,39,23,64243
47053,TN,Gibson County,61.8976,25.11,9.95,1,12,12.5,4,-33.33333333,12.45892525,15.6,40.2,8.6,32.4,22.5,50869,62755,5,10.4,17.54,3.4,14.6,74.8,11,23,0.15,31,40,23,57630
47055,TN,Giles County,74.7655,25.7,12.15,0,12,12.5,4,-42.85714286,19.02426147,15.4,37.9,9.1,32,21.7,30620,62307,4.4,9.2,21.11,2.9,8.5,82.9,11,22,0.14,31,38,23,60422
47057,TN,Grainger County,88.6564,36.89,13.65,0,12,12.5,7,-22.22222222,16.84938812,17.5,38.6,11.1,35.9,26,24266,50538,4.7,13.4,22.51,3.6,1.1,93.3,12,26,0.18,33,38,26,57132
47059,TN,Greene County,74.9211,30.56,12.46,1,12,12.5,0,0,25.36029053,15.8,37.6,9.5,33.9,21.9,71628,56194,5.7,10.4,22.11,3.9,1.7,90.9,12,23,0.17,32,38,23,54188
47061,TN,Grundy County,86.2359,44.59,14.76,0,12,12.5,4,0,4.104561329,15.8,38,9.7,32.3,23.2,13819,47593,9,14.9,20.71,0.4,0.4,93.8,13,23,0.19,30,38,23,41370
47063,TN,Hamblen County,58.9324,19.78,9.19,1,12,12.5,5,25,23.11010742,14.4,38.5,8.1,30.5,19.9,65669,55454,5.3,13.8,17.89,15.1,2.9,76.9,13,22,0.17,30,39,21,55904
47065,TN,Hamilton County,51.2402,15.13,7.44,1,12,12.5,3,50,9.800537109,13.3,33,7.1,26.5,17.3,376192,76183,4.4,8.7,18.36,8,16.9,68.3,11,18,0.13,26,33,18,73319
47067,TN,Hancock County,81.827,42.57,13.78,0,12,12.5,0,0,1.9410882,19.4,42.7,12.1,39.7,30.6,6852,34960,6.3,26.8,22.49,1.5,0.6,95.3,11,30,0.24,37,43,31,39077
47069,TN,Hardeman County,84.5112,35.57,11.82,0,12,12.5,3,0,22.31978989,17.1,47.5,8.5,34.6,24,25433,46069,9.8,14.5,18.68,2.2,38.2,53.1,11,26,0.15,34,48,25,47551
47071,TN,Hardin County,75.3961,30.91,13.92,1,12,12.5,0,0,0.079243727,15.7,37.3,9.4,30.3,20.2,27249,49956,4.7,15.5,23.47,2.5,3.4,90.8,13,21,0.18,28,38,21,49126
47073,TN,Hawkins County,77.8507,34.49,12.34,1,12,12.5,5,25,16.77603912,14.7,37.6,9.1,28.9,19.2,57964,56936,7.3,11.1,21.79,2,1.2,93.6,11,21,0.18,28,38,21,54454
47075,TN,Haywood County,52.6089,20.69,7.46,1,12,12.5,3,-25,8.158262253,20.3,44,9.6,38,24.8,17475,50472,5.9,18,20.97,4.8,48.8,43.1,12,29,0.17,36,44,26,42579
47077,TN,Henderson County,82.3325,33.26,12.03,0,12,12.5,64,-9.85915493,41.16665268,16,43,9.2,34.6,22.3,27980,55136,6.1,12.5,18.31,3,7.9,85.8,12,24,0.17,33,43,23,55656
47079,TN,Henry County,77.6087,31.8,14.83,1,12,12.5,0,0,0.187705576,17.4,39.5,10.6,32.9,22.9,32412,50613,4.8,12.3,23.96,3,6.6,85.9,11,24,0.18,30,39,23,52064
47081,TN,Hickman County,95.8611,41.89,13.01,0,12,12.5,3,-25,5.889221191,14.6,40.1,8.9,31.5,22.7,25436,68247,2.4,6.4,17.8,3.4,3.1,88.4,13,22,0.16,30,40,23,59650
47083,TN,Houston County,75.7651,33.22,12.61,0,12,12.5,7,-12.5,3.470702648,14.5,37.7,8.8,30.6,20.9,8353,59576,3.9,6.3,20.12,3.2,2.6,90,12,22,0.16,30,38,23,56951
47085,TN,Humphreys County,74.7663,28.96,12.67,1,12,12.5,3,-25,34.6192627,16.1,38.2,10,33.1,24.3,19214,60616,6.9,9.2,20.77,2.9,1.8,89.7,12,24,0.15,30,38,24,63017
47087,TN,Jackson County,94.2221,43.05,16.46,0,12,12.5,3,-25,10.15209675,17,36.4,10.9,34.5,23.7,12029,47951,7.6,16,23.29,2.8,0.4,92.2,14,25,0.19,32,36,24,48285
47089,TN,Jefferson County,80.2519,28.8,13.39,1,12,12.5,8,0,14.21009159,14.1,38.9,8.5,28.3,18.9,56864,66114,4.6,8.1,20.69,4.7,1.5,89.6,10,19,0.15,26,39,20,62730
47091,TN,Johnson County,82.9151,41.51,13.82,0,12,12.5,7,16.66666667,14.4907217,16.9,39.5,10.5,33,23.6,18196,53129,3.2,13.3,23.48,3.2,4.7,87.3,15,23,0.19,30,39,23,51597
47093,TN,Knox County,52.0105,15.38,6.68,1,12,12.5,0,0,24.13209915,12.2,36.8,6.9,22.5,16.1,494148,74222,3.5,7.1,16.27,6.3,8,79.1,11,17,0.13,22,38,17,70457
47095,TN,Lake County,74.0431,17.39,8.97,0,12,12.5,0,0,13.98066902,17.1,44.7,9.2,36.7,27,6579,28814,4.9,31.1,16.4,3.1,22.3,64.2,13,29,0.23,36,45,27,40778
47097,TN,Lauderdale County,70.6654,32.25,8.43,1,12,12.5,11,-26.66666667,33.45795059,17.1,44.5,8.8,35.6,25.5,24784,49879,5.6,18.2,16.67,2.8,33.5,58.4,11,28,0.17,35,45,27,51486
47099,TN,Lawrence County,79.3757,33.58,12.06,0,12,12.5,3,-25,10.92100525,15.3,41.4,9.3,31.3,22,45385,54706,4.9,14.9,17.76,2.8,1.4,92.1,12,23,0.16,29,41,21,55845
47101,TN,Lewis County,71.602,30.87,11.13,1,12,12.5,3,-25,22.63372231,16.4,39,10,34.5,25.7,12992,56285,3.7,13.2,20.56,3.2,0.6,91.4,13,26,0.18,33,39,27,55231
47103,TN,Lincoln County,80.2992,29.05,12.87,0,12,12.5,11,-26.66666667,25.57201767,14.8,40.5,8.6,29,19.6,35946,64667,4.7,10.5,20.08,4.1,5.6,84.6,12,19,0.14,27,41,20,60974
47105,TN,Loudon County,76.5648,23.32,17.24,1,12,12.5,3,-25,3.17057395,15.8,35.8,9.8,29.4,17.6,58580,84185,2.8,8.7,27.52,10.4,1.2,85.2,11,20,0.14,27,36,19,81605
47107,TN,McMinn County,74.0902,29.01,12.1,1,12,12.5,13,8.333333333,13.98475456,14.3,40.3,8.3,28.1,19,54884,61470,4.9,9.4,20.3,4.6,3.2,85.8,11,20,0.16,27,40,20,55852
47109,TN,McNairy County,86.0079,42.07,14.11,1,12,12.5,22,0,46.97299576,16.3,43.2,9.6,33.5,22.7,25970,53473,5.8,13.5,20.83,2.2,5.4,89,12,24,0.16,32,43,24,54516
47111,TN,Macon County,77.5119,29.34,9.59,1,12,12.5,0,0,0.131546289,14.2,40.6,8.3,32.4,22.6,26240,59177,3.4,10.6,15.39,7,0.6,88.6,15,23,0.17,32,40,23,57496
47113,TN,Madison County,55.4714,19.39,6.69,1,12,12.5,4,-20,12.79093647,15.2,38.7,7.7,28.4,18.3,99295,60042,7,14.5,17.89,5.2,36.2,53.4,11,22,0.15,28,40,20,60663
47115,TN,Marion County,79.2904,28.41,11.82,1,12,12.5,4,33.33333333,6.834256172,15.1,40.7,8.8,30.2,19.5,29250,61824,7.1,13.1,20.92,2.5,3,90,13,22,0.17,29,41,21,57109
47117,TN,Marshall County,72.5337,23.76,9.06,1,12,12.5,8,60,0.440933943,14.8,40.6,8.2,32.7,24.1,36049,71049,3.9,10.5,16.89,7.1,3.7,83,12,23,0.15,32,40,24,73770
47119,TN,Maury County,65.3409,16.97,7.7,1,12,12.5,0,0,24.56790924,12.5,40.9,6.7,26.7,19.2,107791,76130,2.4,6.2,17.11,8.1,10.3,76.3,9,18,0.12,26,41,20,74164
47121,TN,Meigs County,86.3117,31.94,13.62,0,12,12.5,0,0,0.76620543,14.8,38.3,9,27.9,19.1,13343,61375,5.5,9.7,21.04,1.9,2.2,89.2,12,19,0.17,26,38,20,56161
47123,TN,Monroe County,75.4357,33.03,12.03,1,12,12.5,3,50,3.963643789,16.2,36.2,9.9,33,23.2,47695,56895,4.3,11.7,22.28,4.7,2,86.9,12,24,0.17,31,36,24,58980
47125,TN,Montgomery County,62.3957,19.55,4.59,1,12,12.5,14,-17.64705882,41.39768219,11.2,42.2,5.3,26.4,18.5,234153,75613,5.1,8.7,10.01,11.4,19.2,59.3,10,20,0.13,27,43,18,74701
47127,TN,Moore County,94.2621,32.22,16.64,0,12,12.5,5,-16.66666667,21.22428513,14.7,36.7,9.1,28.7,17.9,6674,66469,4.5,6.4,22.13,2.1,2.2,91.9,10,20,0.12,27,37,19,66435
47129,TN,Morgan County,91.0316,39.51,12.15,0,12,12.5,6,0,20.33200836,15.8,40.6,9.5,32.9,24.8,21361,65954,5.1,13.1,18.81,1.9,4.2,91.4,14,25,0.19,32,40,25,55668
47131,TN,Obion County,63.9795,26.86,10.23,1,12,12.5,9,0,9.44522953,15.9,40.6,9,31.7,22.4,30453,54613,4.2,14.2,21.08,5.5,10.5,79.2,12,23,0.17,30,41,24,54428
47133,TN,Overton County,82.4697,35.12,13.07,0,12,12.5,31,-6.060606061,22.38135147,15.1,38,9.2,32.8,22.9,23065,48959,3.2,12.9,20.53,2.2,1.4,94.2,13,23,0.17,32,38,24,52236
47135,TN,Perry County,87.041,44.78,15.41,0,12,12.5,4,0,20.50056458,16,38.7,10,32.6,22.4,8697,55972,5.8,12.1,21.93,1.4,0.3,89,13,24,0.17,31,39,23,50014
47137,TN,Pickett County,84,32.16,18,0,12,12.5,0,0,42.05371094,18.9,39.6,12.5,37.1,25.1,5079,49030,6.8,12.8,27.98,2.1,0.1,94.9,14,26,0.2,33,40,26,46177
47139,TN,Polk County,88.3448,34.78,15.18,0,12,12.5,24,0,21.46222878,15.8,38.1,9.4,31.2,22.5,17898,62522,5.3,8.1,21.03,2.2,0.8,89.1,13,22,0.16,29,38,23,57045
47141,TN,Putnam County,61.8197,23.98,9.21,1,12,12.5,149,-8.588957055,32.75627899,11.9,36.8,7,27,18.5,82558,58912,3.7,12.6,16.5,8.4,2.4,85,12,20,0.16,28,38,20,57896
47143,TN,Rhea County,72.6554,30.1,11.17,1,12,12.5,5,150,3.268334627,16.5,39.6,10.3,34.7,25.3,33992,55033,5.8,12,19.8,6.3,1.5,87.2,11,25,0.17,32,39,24,57682
47145,TN,Roane County,81.5735,27.15,14.92,1,12,12.5,0,0,15.78984165,15.1,39.7,9.1,29.6,18.9,55208,71885,4.9,8.4,23.3,2.5,2.6,90.3,9,19,0.15,27,39,19,65970
47147,TN,Robertson County,70.4529,18.34,7.98,1,12,12.5,16,-15.78947368,30.71215248,12.7,38,7,27.3,19.1,75539,83047,3.3,8.1,14.9,10,7.2,78.7,10,20,0.12,27,38,20,81529
47149,TN,Rutherford County,46.3085,11.15,3.58,1,12,12.5,17,-15,33.82200241,11.8,33.6,5.9,27.4,18.4,360646,85470,3.6,5.8,11.17,12.2,14.7,63.7,10,20,0.12,28,34,19,81987
47151,TN,Scott County,82.5305,38.91,10.9,1,12,12.5,6,-33.33333333,4.101845264,15.9,41.4,9.4,34.4,25.9,22113,44711,7.5,19.5,17.28,0.2,0.2,96.4,13,25,0.23,33,41,27,46923
47153,TN,Sequatchie County,83.8916,36.75,12.69,1,12,12.5,0,0,0,16.5,39.1,10.3,35.5,24.9,16809,58750,6.6,20.5,21.79,4.9,0.4,90.1,14,26,0.19,34,39,26,62157
47155,TN,Sevier County,71.3182,28.42,10.51,1,12,12.5,3,50,3.674871922,13.5,39.4,8.1,26,17.5,99652,62581,3.3,9.6,20.36,9.6,1.1,85.1,15,20,0.15,26,39,19,60704
47157,TN,Shelby County,36.1606,11.68,3.28,1,12,12.5,0,0,1.907224178,16,42.6,6.8,30.1,19.3,919173,63767,7.2,13.6,14.8,8.8,52.3,32.7,13,22,0.13,29,43,19,62402
47159,TN,Smith County,82.8671,32.63,10.72,1,12,12.5,0,0,1.920100927,13.3,37.1,7.8,28.3,20.2,20389,66293,2.7,8.6,16.67,3.1,1.9,90,11,20,0.16,27,37,21,72153
47161,TN,Stewart County,96.9723,36.45,16.1,0,12,12.5,3,-50,9.608086586,14.7,37,8.7,30,21.5,14027,63114,2.7,11,20.91,3,1.4,90.6,11,20,0.15,28,37,22,60634
47163,TN,Sullivan County,61.4547,21.22,10.91,1,12,12.5,20,0,26.1768837,15.2,40.7,8.8,28.6,17.8,160624,58807,5.4,11,22.24,2.6,2,91.6,10,19,0.16,27,41,18,57016
47165,TN,Sumner County,68.6649,15.91,8.06,1,12,12.5,3,-40,24.39076233,12.1,38.7,6.7,25.1,17.3,204424,90301,3.6,6.4,16.65,7.2,8.4,78.6,9,17,0.12,24,38,18,86376
47167,TN,Tipton County,80.3685,23.44,8.5,1,12,12.5,4,-33.33333333,19.40327454,13.8,39.7,7.3,30,20.6,61553,74127,5.5,11,15.62,3.1,18.2,73.8,10,21,0.13,29,39,21,70886
47169,TN,Trousdale County,79.0806,29.52,10.31,0,12,12.5,4,-20,29.11201096,12.1,38.4,6.5,28.2,22.1,11957,72747,0.6,11.5,12.34,4.1,11,79.1,11,22,0.13,29,39,22,62658
47171,TN,Unicoi County,56.7441,25.78,9.98,1,12,12.5,24,-14.28571429,43.90394211,16.3,36.6,10.1,34.5,24.3,17756,52218,4.3,10.2,23.74,6.7,0.7,90.1,10,26,0.18,33,37,27,54955
47173,TN,Union County,93.5738,42.74,12.89,0,12,12.5,15,-16.66666667,35.30885315,14.8,38.2,8.8,30.8,22.4,20431,62727,2.6,11.2,18.84,2.4,0.3,94,13,22,0.17,29,38,23,64244
47175,TN,Van Buren County,82.2144,39.32,13.45,0,12,12.5,4,33.33333333,43.77350998,17,39.4,10.6,33.1,22.9,6437,54931,2.3,15.4,24,2.2,0.3,94.6,13,24,0.19,31,39,24,58584
47177,TN,Warren County,69.9756,29.74,10.14,1,12,12.5,0,0,26.80090904,15.9,39.2,9.5,35.4,25.7,42166,55487,5.9,9.6,17.91,10,2.6,83.3,14,27,0.17,34,39,26,49436
47179,TN,Washington County,56.8867,19.23,8.15,1,12,12.5,13,18.18181818,25.98922729,13.7,36.3,8.6,28.9,20.3,136261,62809,4.7,9.4,18.9,4.9,3.5,85.9,11,21,0.16,28,37,22,62028
47181,TN,Wayne County,81.4345,33.64,11.85,0,12,12.5,0,0,31.6766777,15.6,40.4,9.4,33.6,25.4,16168,52294,3.4,13.3,19.73,2.7,4.3,88.5,14,26,0.18,33,40,26,51817
47183,TN,Weakley County,65.9061,27.8,10.59,1,12,12.5,0,0,18.27568054,12.9,38,7.7,28.9,18.5,33016,51880,4,12.8,18.33,3.1,7.9,84.7,10,21,0.17,28,40,20,55285
47185,TN,White County,91.0568,45.41,15.38,1,12,12.5,0,0,99.74791718,15.6,39.7,9.5,32.7,24.1,28160,52188,5.6,7.5,21.23,3.2,1,91.9,13,24,0.16,31,40,25,63690
47187,TN,Williamson County,60.2891,6.92,5.93,1,12,12.5,4,-33.33333333,18.76869774,10.5,29.6,5.6,18.2,11.1,260351,135594,2.4,3.1,14.75,6,3.9,80.9,6,12,0.09,17,29,11,136007
47189,TN,Wilson County,73.5351,13.72,8.74,1,12,12.5,4,-20,7.368290424,12.2,37.2,6.5,24.2,17.7,158805,95839,3.2,5.9,15.9,6.5,7.1,79.3,8,17,0.12,24,37,18,96466
48001,TX,Anderson County,78.2422,30.3,9.51,1,13,13.3,0,0,6.297027111,14.3,39.9,7.6,28.3,18.6,58439,62068,6,13.5,15.17,19.6,17.6,55.1,19,22,0.17,28,40,18,56548
48003,TX,Andrews County,51.1256,14.23,5.3,1,13,13.3,0,0,35.60509491,13.5,39.3,6.4,31,16.7,18610,72242,3.3,14.2,9.7,57.5,1.6,38.8,22,25,0.16,31,39,16,80936
48005,TX,Angelina County,67.6492,26.62,9.18,1,13,13.3,8,-27.27272727,17.29249573,16.1,40.8,8.6,31.7,18.9,87275,60960,6.4,11.5,16.87,23.5,12.1,58.2,19,25,0.19,31,41,20,57298
48007,TX,Aransas County,78.512,34,17.12,1,13,13.3,0,0,7.440770149,17,39.5,10.4,32.9,17.2,24876,69466,4.1,10.7,28.36,27.1,1.3,67.2,18,24,0.19,31,40,19,60112
48009,TX,Archer County,79.7317,17.26,12.35,0,13,13.3,0,0,48.72572708,13.5,36.4,8.7,26.1,15,8867,72159,3,4.5,21.79,9.4,1.4,85.5,17,18,0.16,24,36,15,71672
48011,TX,Armstrong County,100,21.41,20.73,0,13,13.3,30,-3.225806452,31.25187492,13.4,34.6,8.4,25.6,15.4,1822,72750,1.2,6,25.19,12,0.6,83.4,8,18,0.12,24,34,16,68555
48013,TX,Atascosa County,68.3287,26.81,8.15,1,13,13.3,166,-3.488372093,28.37994957,15.9,42.8,7.4,34.1,15.7,51008,70770,4.1,13.6,15.23,65.4,1.1,31,19,25,0.16,34,43,16,58330
48015,TX,Austin County,70.8138,18.96,11.28,0,13,13.3,3,0,6.346221924,14.7,35.8,8.4,27.7,15.6,31170,75789,4.3,10.6,21.03,27.8,7.9,60.4,19,21,0.15,27,36,17,73248
48017,TX,Bailey County,32.2,14.68,5.47,0,13,13.3,0,0,100,14.6,37.3,7.4,31.1,13.8,6913,61420,0,7.4,19.69,66,0.6,29.9,26,23,0.16,30,38,14,51193
48019,TX,Bandera County,92.5755,29.5,18.15,0,13,13.3,6,100,25.56856537,15.9,35.9,9.9,27.2,15.2,22021,75813,8.7,8.5,29.76,21,1.2,73,18,18,0.17,25,36,16,66649
48021,TX,Bastrop County,82.5835,26.3,9.05,1,13,13.3,16,-5.882352941,28.90210342,13.9,40.1,7.5,26.7,14.8,106582,86226,4.3,7,15.39,45,5.7,44.4,21,21,0.15,27,40,15,77345
48023,TX,Baylor County,31.57,9.88,9.51,0,13,13.3,35,12.90322581,29.82552719,13.8,35.4,8.7,26.1,14.4,3485,45370,4.5,16,27.26,13.1,1.2,76.6,16,18,0.18,24,36,16,49566
48025,TX,Bee County,66.7272,18.62,6.64,1,13,13.3,20,0,28.47571182,15.7,42.6,7.5,33.3,18.1,31083,57673,5.2,11.8,12.71,61.8,7.3,27.7,15,28,0.2,34,43,19,54072
48027,TX,Bell County,47.8998,15.31,4.46,1,13,13.3,5,0,38.63958359,13.1,38.4,6.1,27.6,15.3,386897,68865,6.8,11.2,11.93,26.3,21.5,42.4,15,20,0.17,28,39,16,69562
48029,TX,Bexar County,33.8724,11.48,3.09,1,13,13.3,0,0,100,15.3,37,6.1,27.4,13.9,2067341,72341,5.8,11.2,12.88,59.7,7.4,26.2,17,24,0.17,28,37,14,69755
48031,TX,Blanco County,78.051,18.92,14.12,0,13,13.3,0,0,17.68741226,15,35,9.2,26,15.3,12446,92425,5.9,7.4,26.39,18.6,1.1,75.5,19,19,0.15,24,35,16,91031
48033,TX,Borden County,100,15.11,20.75,0,13,13.3,5,-28.57142857,35.09527969,12.2,32.9,7.5,21.3,10.7,713,65625,0.3,9,17.25,8.4,0.6,90.2,12,13,0.11,19,33,12,80738
48035,TX,Bosque County,72.8253,24.82,15.28,1,13,13.3,3,-25,16.46294212,16.4,36.7,10.4,31.3,18,18687,68914,3.6,7.1,25.61,19.1,1.1,74.9,20,23,0.17,29,37,19,66325
48037,TX,Bowie County,58.3217,19.22,8.19,1,13,13.3,0,0,24.1473217,14.6,40.8,8.1,29.4,17.9,92115,59803,4.4,11.6,17.55,8.6,24.7,60.9,14,22,0.17,28,41,18,55343
48039,TX,Brazoria County,54.3562,13.03,5.29,1,13,13.3,6,200,17.525177,13.2,40.1,5.8,25.6,13.2,391255,97993,4.7,5.5,12.84,31.6,15.9,41.6,14,19,0.13,25,40,13,93071
48041,TX,Brazos County,42.6114,15.95,2.93,1,13,13.3,0,0,68.4609375,9.7,32.8,5,22.1,12.1,242311,58553,4.7,12.2,10.2,27.4,10.1,53,17,21,0.17,26,37,15,55724
48043,TX,Brewster County,50.2924,18.69,8.79,1,13,13.3,3,50,28.48510933,15,35.8,8.4,25.1,11.4,9503,56212,3,4,26.47,42.1,0.6,51.3,20,18,0.18,24,36,12,57871
48045,TX,Briscoe County,100,48.46,21.87,0,13,13.3,39,0,32.17157745,20.8,43.3,12.8,39.1,21.8,1301,45417,1,14,24.6,26.1,4.1,68.7,21,30,0.22,36,43,23,57983
48047,TX,Brooks County,36.8182,21.56,6.28,1,13,13.3,0,0,10.60691357,20.1,43.6,8.7,39.4,15.5,6943,47764,19.9,13.4,21.56,90.1,0.6,7.2,18,34,0.26,40,45,17,36695
48049,TX,Brown County,71.2159,24.61,13.74,1,13,13.3,0,0,17.62940788,14.5,37.9,8.6,29.1,16,38347,57470,5.3,13,21.02,22.5,3.5,69.9,17,21,0.18,28,38,17,57744
48051,TX,Burleson County,77.4467,23.95,13.45,1,13,13.3,0,0,16.26385307,15.7,38.5,9.1,30,17.5,18857,70000,5,9,22.11,22.7,10.6,62.5,20,22,0.15,28,38,18,63764
48053,TX,Burnet County,80.5639,23.41,15.35,1,13,13.3,0,0,15.34571457,14.4,41.4,8.8,28.6,15.4,52652,78732,2.6,5.7,23.6,23.4,1.2,70.7,21,20,0.14,27,42,16,77824
48055,TX,Caldwell County,66.203,30.19,6.82,1,13,13.3,5,0,10.69372177,15.7,38.8,7.4,31.8,16.6,48669,69758,3.4,7.5,15.3,57,4.5,34.4,23,25,0.17,32,39,17,63395
48057,TX,Calhoun County,73.2023,30.12,11.14,1,13,13.3,6,50,33.66543198,15.2,36.2,7.9,28.5,13.3,19868,79959,7.4,5.8,19.2,49.4,2.6,40.8,17,20,0.16,27,37,14,68885
48059,TX,Callahan County,76.3696,26.56,13.92,1,13,13.3,0,0,42.77839661,14,36.6,8.9,27.4,16.8,14241,72436,4.7,6.2,20.96,11.2,1.2,81,16,19,0.16,25,36,17,63378
48061,TX,Cameron County,46.4997,25.88,4.97,1,13,13.3,0,0,57.82727432,20.5,46.4,8.4,41.2,16.4,426120,52601,5.9,21.3,14.3,89.3,0.5,8.7,26,37,0.22,42,48,17,51716
48063,TX,Camp County,70.7554,30.99,12.66,1,13,13.3,0,0,21.17568398,16.3,39.4,8.8,31.2,17.1,12798,58843,5.7,13.7,18.76,27.4,15.5,52.9,21,24,0.19,30,40,18,53775
48065,TX,Carson County,44.6216,12.74,7.79,0,13,13.3,3,0,99.97629547,12.4,34.2,7.7,23.8,14.9,5801,85231,1.2,3.6,20.62,10.9,0.7,81.8,13,16,0.13,22,34,15,73716
48067,TX,Cass County,76.7959,30.06,14.71,1,13,13.3,0,0,27.29188538,15.9,38.3,9.4,31.7,19.1,28568,53813,6.4,11.7,22.51,5.4,16.2,74.4,16,23,0.19,30,39,21,52092
48069,TX,Castro County,34.3914,11.51,5.49,1,13,13.3,108,8,19.55410385,16.4,39.5,8.3,33,14.7,7344,56776,3.7,18.2,18.74,65.6,1.2,29.7,23,25,0.15,32,40,15,55135
48071,TX,Chambers County,74.0794,20.62,7.05,1,13,13.3,0,0,7.358327866,11.9,39.1,6.2,24.8,14.9,51498,109804,7.3,10.1,12.6,26.5,7.5,61.5,13,19,0.16,25,39,15,103034
48073,TX,Cherokee County,71.2395,28.82,11.37,1,13,13.3,5,0,20.85860825,15.7,38.8,8.6,31.8,18.9,51886,61261,5.2,14.5,18.36,23.9,12.8,58.8,21,25,0.17,31,39,19,57691
48075,TX,Childress County,69.7792,21.39,9.16,1,13,13.3,9,12.5,14.60481071,13.3,39.8,7.5,30.5,18,6743,58654,0.5,14.4,17.11,31.9,6.7,54.9,18,24,0.16,31,41,19,53921
48077,TX,Clay County,85.452,28.43,15.5,1,13,13.3,0,0,21.04494858,13.8,34.7,8.7,24.8,15.1,10495,80114,2,5.5,23.39,7.1,1,86.9,15,17,0.16,23,35,15,73557
48079,TX,Cochran County,34.24,14.84,5.44,0,13,13.3,0,0,26.69489479,19.2,43.3,9.6,40.9,21.2,2550,45313,4.8,23.2,14.43,60.2,4.9,33,27,34,0.23,40,44,22,46409
48081,TX,Coke County,100,36.08,25.96,0,13,13.3,4,-20,8.98730278,17.8,39,11.2,34.6,20.1,3353,43333,5.6,17.8,27.02,21.1,1.2,75.2,17,24,0.19,31,40,21,56786
48083,TX,Coleman County,54.7619,21.71,12.83,1,13,13.3,3,0,63.65989685,16.6,38.3,10.3,29.9,17.2,7833,49159,7.7,15,26.21,16.6,4.4,76.4,20,21,0.19,27,38,18,48955
48085,TX,Collin County,26.6243,4.35,2.1,1,13,13.3,0,0,99.95832062,9.9,29.2,4.7,17.4,9.1,1163337,121600,4.2,4.7,11.58,16.1,10.8,49.6,11,12,0.12,17,29,9,120149
48087,TX,Collingsworth County,30.8,12.38,6.42,0,13,13.3,0,0,13.44011402,16.5,39.7,9,32,18.2,2588,61280,1.1,21.4,24.27,32.6,4.4,54.6,23,25,0.19,31,39,18,48858
48089,TX,Colorado County,57.4837,16.35,11.81,1,13,13.3,0,0,6.719994545,15.8,38.9,9,30.5,15.9,21006,66377,2.9,5.5,23.37,30.5,9.7,53.2,22,22,0.13,29,40,17,61410
48091,TX,Comal County,70.2452,14.95,10.76,1,13,13.3,0,0,5.553640842,12,39.3,6.8,23.5,12.9,183826,101889,3.9,4.3,18.71,28.4,2.4,64,12,16,0.14,23,39,13,99871
48093,TX,Comanche County,58.3629,19.09,13.18,1,13,13.3,0,0,7.762441158,16.4,38.8,10.3,31.9,17.3,13950,59635,6.2,12.4,23.93,29.5,0.4,66.2,23,23,0.17,29,39,17,54726
48095,TX,Concho County,32.78,13.02,8.13,0,13,13.3,0,0,48.09527206,19.1,38.9,11.2,35.6,19.5,3328,65795,1.5,10.6,19.8,31.9,4.7,59.5,15,28,0.18,34,39,21,54909
48097,TX,Cooke County,59.1398,13.15,9.88,1,13,13.3,413,1.225490196,18.55704498,13.6,37.1,8.2,27.8,15.9,43046,73932,4.5,9.8,18.9,20.9,3.2,71.3,20,19,0.16,26,37,16,75003
48099,TX,Coryell County,88.2032,33.74,6.05,1,13,13.3,0,0,37.46800613,11.2,36.8,5.8,29.9,18.5,84748,71301,7.1,7.5,11.35,20.7,13,54.4,13,22,0.17,31,38,19,72724
48101,TX,Cottle County,100,56.91,23.79,0,13,13.3,0,0,20.72343254,19.6,41.8,11.1,36.3,20.3,1368,59063,12.6,18.6,23.17,42,2.3,46.7,17,28,0.22,34,42,21,52342
48103,TX,Crane County,13.44,3.92,1.22,1,13,13.3,0,0,7.210911751,15.3,40.1,7.1,34.3,16.9,4610,62212,4.6,7.5,15.6,68.9,1.9,25.6,20,26,0.12,34,40,17,58133
48105,TX,Crockett County,48.5,18.82,6.78,0,13,13.3,76,10.14492754,22.94360352,17.2,38.9,8.2,32.2,14.9,2822,81022,3,1.8,19.03,66.8,0.2,32.8,25,25,0.15,30,39,15,58833
48107,TX,Crosby County,37.6236,17.25,6.62,0,13,13.3,0,0,5.582077026,17.6,40.7,8.9,36.2,18.7,5041,52188,8.2,15.5,19.18,56.3,2.8,38.4,20,27,0.22,35,41,19,46106
48109,TX,Culberson County,69.46,34.47,10.04,0,13,13.3,0,0,19.84283638,20.3,42.7,9.6,38.9,16.4,2195,58777,1.2,12.1,29.2,78,0.2,17.4,16,30,0.21,37,43,17,54183
48111,TX,Dallam County,51.8966,19.59,5.13,1,13,13.3,3,0,53.90260315,14.7,39.9,7.4,31.4,17.2,7298,71500,2.3,10.7,11.17,54.3,0.2,40.8,27,25,0.14,32,40,18,61424
48113,TX,Dallas County,20.0532,7.85,1.54,1,13,13.3,0,0,15.60278797,12.9,34.7,5.8,27.8,13.3,2621179,76547,5,10.8,11.79,41.3,22.1,26.4,23,21,0.16,28,35,14,74352
48115,TX,Dawson County,42.2678,20.15,4.84,1,13,13.3,0,0,26.7347641,16.3,41.9,7.9,35.6,18.8,12134,54360,6.4,16.9,13.9,55.8,6.5,35.2,24,30,0.21,36,43,19,55057
48117,TX,Deaf Smith County,35.1552,12.76,4.21,1,13,13.3,4,0,26.27543068,17.6,42.9,8.2,40.1,19.6,18460,60799,3.5,14.3,13.19,76.4,0.8,21,24,35,0.17,41,44,21,60118
48119,TX,Delta County,59.2419,16.97,11.75,0,13,13.3,16,0,26.75033951,14.1,36.5,8.7,25.2,14.5,5438,66575,4.3,9.9,20.41,9.2,8.1,77.9,14,18,0.16,24,37,15,56945
48121,TX,Denton County,34.4811,7,2.64,1,13,13.3,0,0,31.86855316,10.3,31.3,5,20.3,10.9,979561,111498,4,4.4,11.55,20.5,10.7,52.4,12,14,0.13,20,31,11,107401
48123,TX,DeWitt County,62.5476,21.67,11.22,0,13,13.3,19,35.71428571,34.64089966,16.4,40.7,8.9,31.2,16.6,20016,63730,3.7,14.5,20.28,35.7,6,52.7,17,23,0.18,30,41,17,61067
48125,TX,Dickens County,58.12,22.69,11.34,0,13,13.3,94,-18.96551724,20.31289101,16.8,37,10.2,29.9,15.8,1747,49335,9.2,11.6,26.73,32.8,1.4,62.9,18,23,0.18,28,37,18,47356
48127,TX,Dimmit County,66.4109,33.39,9.63,1,13,13.3,6,100,42.37164688,23.7,49,10.9,47.5,20,8380,38808,8.4,31.7,16.21,87.1,1.1,8.2,17,40,0.29,47,50,21,45002
48129,TX,Donley County,46.4686,15.49,11.5,0,13,13.3,3,0,13.79896641,15,35.8,9.7,29,16.2,3257,58750,1.7,2.5,25.12,12.6,5.2,77.4,21,21,0.15,27,37,18,48934
48131,TX,Duval County,51.5975,24.4,9.3,0,13,13.3,4,0,36.89745331,18.6,41.4,8,39.5,16.2,9742,49038,11,17.9,17,81.6,0.7,15.6,17,33,0.21,40,43,18,40415
48133,TX,Eastland County,52.4325,23.96,12.62,1,13,13.3,4,0,18.60517883,14.7,36.4,9.2,29.8,17.8,18011,53549,4.7,10.5,21.93,17.3,2.2,76.9,20,22,0.19,29,37,19,52188
48135,TX,Ector County,33.1989,9.62,3.02,1,13,13.3,0,0,17.02669907,13.4,40.1,6,32.3,15.9,164654,71536,5.9,14,9.87,63.5,4.2,28.7,23,26,0.17,33,40,16,66813
48137,TX,Edwards County,40.47,13.96,11.47,0,13,13.3,0,0,15.33294296,22.8,41.8,13.1,39.5,18.9,1290,40313,0,27.5,18.45,43,2.1,53.3,29,31,0.19,37,42,20,51691
48139,TX,Ellis County,67.4,15.3,6.42,1,13,13.3,0,0,100,11.9,37.8,6.1,25.8,14.4,213160,99595,4.5,5.3,13.04,28.2,14.4,52.7,16,19,0.13,26,38,14,90077
48141,TX,El Paso County,26.4547,12.11,2.2,1,13,13.3,121,26.04166667,29.51590729,15.8,38.8,6.5,31,14,870779,59806,6,16.3,13.11,82.7,3,11,23,28,0.19,31,39,14,58656
48143,TX,Erath County,71.1982,28.47,9.41,1,13,13.3,0,0,74.2166214,11.8,37.3,7,28.2,16.3,43794,65115,5.7,10.1,14.84,22.3,1.8,72.2,21,21,0.17,28,40,18,63564
48145,TX,Falls County,67.8142,23.56,11.42,1,13,13.3,0,0,18.67589951,16.8,42.3,8.9,33.3,19,17291,57247,6,9.3,19.32,25,18.4,49.6,18,26,0.17,33,43,20,49940
48147,TX,Fannin County,80.4298,24.81,13.49,1,13,13.3,3,50,23.51679039,13.6,37.9,8,28,17,37326,72295,5,9.1,18.13,13.1,5.9,75.2,18,21,0.16,27,38,17,66381
48149,TX,Fayette County,69.4907,18.94,15.12,1,13,13.3,3,0,3.063325644,14.6,35.1,8.9,25.9,14.7,25042,75854,2.3,5.3,26.89,22.1,5.6,69.5,18,18,0.15,25,36,17,71442
48151,TX,Fisher County,61.4639,17.58,13.94,0,13,13.3,46,-11.53846154,34.51383591,16.7,37.4,10.1,31.6,16.9,3655,65533,4.7,12.3,20.82,28,3.4,64.2,16,22,0.16,29,38,17,61808
48153,TX,Floyd County,24.0726,5.77,5.16,1,13,13.3,0,0,19.83234406,18.9,40.5,9.8,38.2,18.7,5216,58462,6,16.7,19.08,58.1,2,36.8,23,30,0.19,37,41,19,46817
48155,TX,Foard County,100,41.3,23.88,0,13,13.3,4,33.33333333,10.45926189,18.6,39.4,11.6,35.1,19.9,991,61563,6.3,0,31.89,11.9,0.3,82.5,20,26,0.2,32,40,21,50030
48157,TX,Fort Bend County,35.7475,7.4,2.54,1,13,13.3,0,0,98.35160065,12.6,33.7,5.1,22.5,11.2,893767,114041,5.1,6.5,12.56,24.7,20.6,28.7,13,16,0.11,22,33,11,106213
48159,TX,Franklin County,94.6075,27.79,17.96,1,13,13.3,0,0,36.80334091,12.6,34,7.7,22.6,12.9,10632,72360,4.4,8.2,22.34,14.7,5.4,77,16,15,0.15,21,35,14,59972
48161,TX,Freestone County,74.5463,28.53,12.26,1,13,13.3,0,0,42.54640579,15.8,39.3,9.1,30.8,18.6,20049,59960,3,9.8,20.14,17.2,14.5,63.2,21,23,0.17,29,39,19,58850
48163,TX,Frio County,41.4997,19.05,4.66,1,13,13.3,0,0,22.42162514,16.2,40.6,7,37.5,17.9,18582,66010,5.6,15.6,12.39,77.8,5.1,14.6,21,32,0.2,38,42,19,50112
48165,TX,Gaines County,46.8293,21.31,2.69,1,13,13.3,11,-15.38461538,18.60933495,13.1,40,6.3,30.8,17.5,22232,74132,2.4,4.5,9.68,40.3,2.1,56.4,34,24,0.16,31,40,18,66019
48167,TX,Galveston County,40.2442,10.3,4.42,1,13,13.3,18,20,24.18060684,13.1,40.2,6.7,24.5,13.7,358990,86105,5.7,9,15.77,26.4,11.9,54,16,18,0.15,24,40,14,83080
48169,TX,Garza County,19.83,5.26,3.62,1,13,13.3,0,0,31.3146534,13.8,40.6,6.6,33.4,18.6,5118,46314,11.5,5.2,14.91,49.5,9.9,37,18,28,0.18,35,41,19,53190
48171,TX,Gillespie County,64.8609,19.26,17.3,0,13,13.3,10,25,41.25634003,14.6,33,9.5,27.3,13.7,27524,76162,2.7,6.5,30.16,22.9,0.1,73.6,22,18,0.15,25,34,15,76238
48173,TX,Glasscock County,100,36.88,13.05,0,13,13.3,5,25,23.4745369,11.9,34.7,6.2,21.8,12.2,1068,101250,0.8,6.8,14.89,27,0,66.2,13,16,0.13,22,34,12,99602
48175,TX,Goliad County,71.5631,19.66,13.37,0,13,13.3,0,0,24.45471954,17,38.9,9.6,30.5,15.4,7141,59359,5.2,11.5,24.53,32.3,4.8,60.4,18,21,0.16,28,39,16,64024
48177,TX,Gonzales County,62.2379,22.86,11.12,1,13,13.3,0,0,30.961092,16.2,39.1,8.4,33.4,16.6,19851,58672,4.3,14.9,18.11,51.1,5.8,40.6,24,26,0.17,33,40,17,56350
48179,TX,Gray County,33.1366,12.47,5.31,1,13,13.3,0,0,7.599609375,15.1,40.4,8.5,32.4,19.6,21045,59614,5.6,12.5,16.67,31.4,4.5,59.4,22,25,0.18,32,41,20,56726
48181,TX,Grayson County,60.4344,17.41,9.56,1,13,13.3,0,0,25.8439827,13.9,37.2,8.3,27.5,18,143337,72182,3.1,8.2,18.05,16.3,5.1,71.1,19,21,0.16,27,37,18,69442
48183,TX,Gregg County,41.6473,16.22,5.37,1,13,13.3,7,0,30.64017105,14.4,39.4,7.6,28.2,17.3,125480,66550,3.6,12.1,16.08,20.2,17.6,54.7,20,22,0.17,28,40,18,61254
48185,TX,Grimes County,77.8583,31.39,10.99,0,13,13.3,777,1.436031332,18.91565323,15.6,41.4,8.5,30.4,17.8,31340,69803,5.1,10,18.59,25.5,11.3,56.8,20,23,0.16,30,42,19,64708
48187,TX,Guadalupe County,70.3785,19.84,7.7,1,13,13.3,11,57.14285714,11.50045204,13.2,39.6,6.5,24.7,12,183642,92375,4.8,7.1,14.81,39,7.1,47,13,19,0.14,24,39,12,94952
48189,TX,Hale County,34.62,14,3.75,1,13,13.3,0,0,23.92074966,16.1,42,7.7,35.6,18.4,32131,51897,5.3,15.9,14.24,61.3,4.5,31.4,24,29,0.19,36,43,19,52487
48191,TX,Hall County,39.76,22.52,9.89,0,13,13.3,0,0,27.1259079,18.1,40.1,10.4,32.6,16.4,2820,48459,9,12.6,24.4,35.5,4.1,53.6,25,24,0.19,30,41,17,40725
48193,TX,Hamilton County,58.0581,19.22,14.82,1,13,13.3,15,50,8.32708168,15.8,36.8,10.2,30.6,18,8406,58219,5.4,14.2,24.92,14.2,2,81.5,22,21,0.18,28,38,19,59403
48195,TX,Hansford County,17.5797,8.57,2.35,0,13,13.3,0,0,10.59745598,13.7,36.2,7.4,27.6,13.5,5119,69441,6.2,8.2,14.1,50.2,0.1,47,29,21,0.14,27,37,14,68171
48197,TX,Hardeman County,41.73,14.16,8.15,0,13,13.3,9,12.5,18.32254982,15.3,36.8,9,29.8,17.2,3501,63333,2.4,5.1,21.68,25.6,3.4,62.2,20,22,0.17,28,37,18,50431
48199,TX,Hardin County,69.1936,19.34,9.36,1,13,13.3,77,14.92537313,34.72991562,13.1,37.7,7.7,26.3,17.4,57642,75808,5.4,10,17.71,6.8,5.6,82.4,15,19,0.17,26,38,18,73943
48201,TX,Harris County,20.8888,6.37,1.57,1,13,13.3,6,100,4.979507923,14.3,35.2,6.3,28.7,15.6,4838303,74983,6.7,13.1,11.72,44,18.6,26.6,22,25,0.16,29,35,16,72348
48203,TX,Harrison County,66.3131,22.85,8.79,1,13,13.3,0,0,39.71781158,14.7,39.3,7.8,28.1,16.6,70155,66103,5.6,11.3,17.51,14.8,20.3,60.5,16,21,0.17,27,40,17,62710
48205,TX,Hartley County,56.85,16.68,3.7,0,13,13.3,9,28.57142857,23.88475037,12.3,35.3,6.9,24.7,13.8,5215,75841,1.6,10,15.95,31.2,6,56.5,15,18,0.12,24,35,14,88312
48207,TX,Haskell County,56.2574,24.51,13.67,1,13,13.3,0,0,28.75170708,15.7,39.1,9.3,31.7,19.1,5421,60653,4.9,12.2,22.69,26.4,5.9,65.4,22,25,0.19,31,40,20,49755
48209,TX,Hays County,66.3006,15.84,5.99,1,13,13.3,3,0,39.20106888,10.9,33.4,5.5,23.8,13.5,268638,89097,4.4,6.1,12.16,39.4,3.8,50.5,14,19,0.15,25,34,14,88491
48211,TX,Hemphill County,29.26,8.16,5.09,0,13,13.3,0,0,32.58354187,13.2,36,7.5,26.9,15.8,3234,61563,5.9,1.6,23.01,32.6,2.4,62.2,18,20,0.15,26,37,17,72565
48213,TX,Henderson County,80.5967,32.31,15.8,1,13,13.3,0,0,99.62373352,15.4,36.9,9.8,29.5,17.6,84862,65179,4.9,10.8,22.55,14.8,5.1,73.9,20,22,0.17,27,37,18,58965
48215,TX,Hidalgo County,44.0063,26.84,3.31,1,13,13.3,8,-11.11111111,14.3075285,18.5,46.8,7.7,39,16.5,891977,54338,7.6,23.3,11.72,91.9,0.6,6,28,37,0.23,39,48,17,53160
48217,TX,Hill County,67.982,22.92,12.73,1,13,13.3,4,0,30.33523941,15.7,36.8,9.5,30.4,17.9,37328,64591,4.2,10.8,20.41,23.1,5,67.6,20,22,0.17,28,37,18,61840
48219,TX,Hockley County,54.7627,20.98,7.69,1,13,13.3,0,0,99.97419739,15.4,41.1,8,32.3,15.9,21363,63140,4.7,11,15.37,50.2,2.8,43.9,20,24,0.17,31,41,16,60851
48221,TX,Hood County,71.3882,20.08,14.56,1,13,13.3,0,0,47.12591553,12.7,33.5,8.4,24.1,12,65894,88160,5.6,6.1,25.56,13.8,1.1,80.8,16,15,0.14,22,34,13,82428
48223,TX,Hopkins County,70.1054,24.07,11.33,1,13,13.3,3,0,20.20948601,13.8,37.2,8.1,26.9,16.1,37784,70888,4,8.9,18.72,18.7,7,70.5,21,21,0.16,26,38,17,61112
48225,TX,Houston County,73.8383,27.7,13.91,1,13,13.3,4,0,16.50442123,17.5,40.2,9.9,32.9,19.5,22051,56531,6.7,9.2,22.21,14.5,20.9,58,20,24,0.18,31,40,20,52649
48227,TX,Howard County,61.2637,20.98,7.86,1,13,13.3,0,0,30.08721161,14.1,41.9,6.9,30.2,17.4,32290,69649,5.4,10.6,13.38,47.7,4.5,43.1,17,24,0.18,30,42,17,63398
48229,TX,Hudspeth County,100,58.43,13.58,0,13,13.3,37,-11.9047619,24.40411186,16.5,42.2,7.1,42,22.4,3403,48600,8,13.7,10.87,66.7,1.4,27.5,26,39,0.25,44,43,23,47693
48231,TX,Hunt County,76.071,28.02,10.64,1,13,13.3,3,0,34.94036865,13.1,41.4,7.3,28.4,16.8,108972,71938,5.9,9,15.51,21.5,7.8,65,20,21,0.16,28,42,18,70427
48233,TX,Hutchinson County,46.7111,13.65,7.35,1,13,13.3,7,-12.5,21.20607567,13.7,37.5,8.2,26.8,15.4,20184,67228,3.6,9.1,17.95,24.8,2.2,67.6,16,19,0.16,26,38,16,64752
48235,TX,Irion County,100,26.41,18.2,0,13,13.3,15,0,20.09745407,14.4,35.9,8.4,25.8,14.6,1409,70357,0.4,8.1,21.93,27.5,0.1,68.3,18,19,0.13,25,36,15,75689
48237,TX,Jack County,73.3428,21.62,10.67,1,13,13.3,0,0,29.44719696,13.4,37.7,7.9,28.8,17.9,8882,68079,9.6,8.1,16.85,18.7,2.9,74.7,23,21,0.17,28,38,18,62721
48239,TX,Jackson County,52.2258,14.72,9.33,0,13,13.3,0,0,15.7258997,16.2,39.1,9.4,32.5,17.5,15152,65414,5.3,11.4,19.76,33.4,6.6,56.9,20,24,0.16,31,40,18,62026
48241,TX,Jasper County,77.9597,24.82,13.36,1,13,13.3,13,18.18181818,10.67369175,16.6,40.4,9.9,32.5,20.4,32727,56723,13.3,19.1,21.13,7,15.3,73.1,16,25,0.2,32,41,22,58113
48243,TX,Jeff Davis County,61.82,16.98,15.98,0,13,13.3,0,0,8.629077911,21.1,39,12.8,32.7,16.4,1865,59286,0,17.4,33.89,30.1,0,65.5,13,24,0.2,30,40,18,63614
48245,TX,Jefferson County,34.922,10.49,4.22,1,13,13.3,0,0,97.38463593,16.9,38,7.8,34.8,18.5,253878,60026,6.3,16.4,15.47,24.1,32.7,36.3,22,24,0.18,34,38,19,59298
48247,TX,Jim Hogg County,41.1467,21.81,6.05,1,13,13.3,0,0,97.19525909,21.8,44.1,9.7,42.4,15.9,4727,42211,6.3,34,9.58,91.4,0.3,8,20,34,0.23,41,45,17,44736
48249,TX,Jim Wells County,52.8612,22.36,6.53,1,13,13.3,6,20,11.80091953,18.2,42.1,8.2,36.7,16,38850,51896,6.1,20.5,16.27,79.5,0.8,18.4,19,29,0.22,36,43,17,50814
48251,TX,Johnson County,63.129,18.39,7.27,1,13,13.3,0,0,24.13804054,13,41.7,7,31.3,17.5,195597,84859,3.6,7.2,14.03,25.3,5.1,64.6,18,22,0.15,31,42,18,83229
48253,TX,Jones County,81.4689,20.97,10.53,1,13,13.3,0,0,100,14.7,42.4,8,32.8,20.8,20304,59464,5.5,11.8,16.03,28.6,10,55.7,19,26,0.17,33,43,21,51671
48255,TX,Karnes County,63.373,19.74,8.3,1,13,13.3,0,0,46.52545547,14.6,40,7.1,32.7,16.8,14968,60214,2.9,13.6,15.15,53.4,9.3,34.7,18,27,0.18,33,41,17,62059
48257,TX,Kaufman County,70.226,19.51,7.51,1,13,13.3,3,-25,33.67111588,12.2,37.9,6,29.5,16.9,172604,89485,5.3,7.7,10.66,27.4,18.4,48.8,18,21,0.13,30,38,17,90064
48259,TX,Kendall County,71.908,10.74,11.7,1,13,13.3,0,0,12.63249397,11.8,32.8,7,20,9.8,48567,114962,4.7,3.5,20.36,24.4,0.9,69.2,15,15,0.13,19,33,10,112618
48261,TX,Kenedy County,100,38.49,14.18,0,13,13.3,5,25,31.28030014,26,47.2,13.4,49.3,26.1,145,38882,0,0,39.31,88.3,0.7,9,29,47,0.2,47,47,28,43037
48263,TX,Kent County,100,31.12,25.74,0,13,13.3,3,-50,23.01906967,14.4,33.7,9.2,26.2,14.2,734,72889,8.5,1.6,37.33,16.1,1,79,10,18,0.15,24,35,15,62437
48265,TX,Kerr County,72.2043,25.3,17.86,1,13,13.3,0,0,15.80242443,16.2,33.9,10.4,31,14.9,53489,69395,3.3,7.2,29.06,26.8,1.5,67.1,21,21,0.17,28,35,16,64662
48267,TX,Kimble County,46.6931,15.53,13.23,1,13,13.3,0,0,29.13141632,17.4,36.7,11.1,31.8,16.3,4389,69455,1.3,5.6,31.24,26.5,1.1,70,20,23,0.17,30,38,18,54562
48269,TX,King County,100,22.37,13.29,0,13,13.3,3,0,16.05072403,19,41.2,12,37.4,22.6,211,46645,0,15.3,30.81,16.6,0,69.2,24,29,0.22,34,41,22,85720
48271,TX,Kinney County,46.53,25.62,14.44,1,13,13.3,3,-25,14.01905251,18.2,40.2,9.8,33.5,14.3,3157,70000,0.9,8.5,26.48,57.5,0.1,39.8,13,25,0.22,32,42,15,53572
48273,TX,Kleberg County,46.1967,22.39,4.97,1,13,13.3,4,-20,20.54343796,14.6,38.8,6.6,32.5,13.4,30579,61292,7.7,19.3,13.25,71.4,3.6,20.8,19,27,0.23,33,42,15,52903
48275,TX,Knox County,31.8979,11.95,6.63,0,13,13.3,12,0,9.294897079,16.6,39.4,9.5,32.1,16.6,3307,56667,1.3,11.9,18.72,33.5,3.7,57,24,23,0.17,30,40,17,55414
48277,TX,Lamar County,60.1586,23.51,10.23,1,13,13.3,3,-25,18.05838203,14.8,38.3,8.6,29.9,18.7,50669,61880,4,15.7,19.54,9.6,12,71.3,18,22,0.18,29,39,19,56275
48279,TX,Lamb County,43.5294,20.28,7.83,1,13,13.3,0,0,99.56589508,17.5,41.1,8.8,35.6,17.5,12828,60760,2.1,9.3,17.13,58.3,3.3,36,23,28,0.19,35,42,18,57113
48281,TX,Lampasas County,73.6746,18.36,11.38,1,13,13.3,0,0,9.95378685,15.2,38.6,8.6,29.3,17.7,22715,81736,4.5,6.8,20.97,20.5,4,69.5,19,21,0.16,28,38,18,71484
48283,TX,La Salle County,73.75,31.14,8.77,0,13,13.3,3,0,34.51369858,16.5,42,7.3,40.3,17.4,6839,57716,1.8,19,16.04,71.8,5.2,19.5,24,35,0.2,41,44,19,48675
48285,TX,Lavaca County,67.8698,18.73,15.34,1,13,13.3,0,0,100,15.1,36.7,9.1,28.8,16.8,20552,63240,3.1,8.6,24.09,20.1,3.6,71.5,18,21,0.15,28,38,18,64145
48287,TX,Lee County,64.3801,20.01,10.87,1,13,13.3,29,31.81818182,18.20588112,15.9,38.9,9,30.4,17.7,17971,76371,6.5,11.5,19.91,26.6,9.6,59.9,21,23,0.15,29,39,18,71112
48289,TX,Leon County,78.2833,27.64,18.45,0,13,13.3,0,0,33.69738388,16.6,37.1,10.5,32.4,20,16263,61449,4.2,12.8,24.59,16.7,7.2,70.9,21,24,0.19,30,38,21,59488
48291,TX,Liberty County,78.8241,28.42,8.45,1,13,13.3,0,0,40.88124847,14.6,39.7,7.4,33.6,21.1,103380,68703,7.1,15.9,11.52,39.6,7.5,48.7,24,28,0.18,34,40,21,72329
48293,TX,Limestone County,58.8175,24.55,10.74,1,13,13.3,27,0,36.81635284,17.8,39.6,10.3,35.6,20.8,22283,60573,3.7,10.9,20.9,23.5,16.9,54.7,19,27,0.19,34,40,21,53482
48295,TX,Lipscomb County,100,31.72,14.66,0,13,13.3,0,0,96.42280579,16.1,37.6,9.9,30.6,17.3,2918,72560,6.5,11.7,18.57,38.6,0,56.1,22,23,0.16,29,38,17,67386
48297,TX,Live Oak County,67.5116,25.27,13.54,0,13,13.3,0,0,30.9491024,16.7,40.5,9.4,32.9,17.7,11620,57150,5.9,15,20.45,42.3,1.9,47.2,21,25,0.19,31,41,18,59202
48299,TX,Llano County,71.9941,20.83,23.11,1,13,13.3,0,0,7.933119774,16.2,36.9,10.8,26.9,14.7,22424,67530,4.4,9.1,37.01,13.4,0.3,82.1,19,18,0.17,25,39,17,71475
48301,TX,Loving County,100,18.63,14.63,0,13,13.3,0,0,21.42398834,12.8,35.7,6.7,21.8,15.3,33,51250,0,0,81.82,0,0,93.9,6,14,0.17,19,33,14,86760
48303,TX,Lubbock County,30.3312,12.23,2.97,1,13,13.3,0,0,21.10491371,11.5,34.1,6,25.7,14.3,318884,64155,4.9,11.2,13.27,36.2,6.7,51.5,16,21,0.17,28,36,16,57883
48305,TX,Lynn County,55.0653,22.19,8.72,1,13,13.3,5,25,34.71574402,17,40.3,9.1,35.1,19.1,5752,73679,3.7,13.7,15.91,41.2,1.7,54.5,16,28,0.19,34,41,19,57338
48307,TX,McCulloch County,56.4193,23.78,11.42,1,13,13.3,7,-12.5,30.7984066,16.6,38.7,9.7,32.9,18.1,7514,54043,9,11.7,23.66,30.5,0.9,64,22,24,0.19,32,39,20,47814
48309,TX,McLennan County,59.3491,23.58,7.46,1,13,13.3,7,16.66666667,15.97939491,13.6,37.3,7.1,27.8,16.9,266067,66643,4.5,10.5,15.32,27,13.5,54.1,17,23,0.17,28,39,18,63377
48311,TX,McMullen County,100,26.28,26.45,0,13,13.3,0,0,20.17636681,20,42.3,10.9,37.4,18.9,700,43875,0,12.4,17.29,62.1,0,37.3,17,28,0.16,35,43,20,71112
48313,TX,Madison County,68.3022,26.01,9.47,1,13,13.3,9,0,25.07951927,13.5,39.3,7.4,30.3,17.6,13648,74596,7.1,10.5,15.45,26.2,15.3,52.3,23,24,0.16,30,40,19,53301
48315,TX,Marion County,82.6144,37.42,17.69,0,13,13.3,4,-20,26.11363602,18.4,40.9,10.9,32.3,19,9737,49672,8.7,11.3,26.89,4.8,21.9,69.5,18,22,0.18,29,41,20,47660
48317,TX,Martin County,47.9114,15.7,5.55,0,13,13.3,0,0,24.67764664,13.7,39.1,6.6,30.8,17.1,5218,93734,5.4,3.5,10.92,47.7,2.8,45.1,17,24,0.18,31,39,17,81637
48319,TX,Mason County,66.6176,19.87,16.22,0,13,13.3,0,0,43.48420334,15.1,35,9.9,27.6,14.1,3955,74180,3,1.1,35.2,18.9,0.1,79.8,21,19,0.14,26,36,16,62435
48321,TX,Matagorda County,59.863,23.42,8.81,1,13,13.3,0,0,14.53342915,17.5,40.9,9.1,34.7,18.9,36329,58628,8.7,16.8,18.19,43.7,9.7,41.4,21,28,0.21,34,41,20,58996
48323,TX,Maverick County,35.4091,20.46,2.62,1,13,13.3,50,-9.090909091,34.90613937,19.2,44.3,7.9,40.9,17.1,58082,49568,7.7,20.1,12.01,94.8,0.2,2.9,24,36,0.22,42,45,18,46052
48325,TX,Medina County,77.9238,21.07,9.92,1,13,13.3,5,0,17.79784203,14.9,40,7.2,30.4,15,53547,78074,3,6.2,17.73,51.5,2.9,41.7,17,22,0.16,30,40,16,70707
48327,TX,Menard County,52.22,20.34,16.67,0,13,13.3,4,33.33333333,2.084886789,18.1,37.2,11.3,30.1,13.7,1955,53043,10.8,11.7,33.4,25.7,0.4,70.3,24,22,0.23,28,38,16,45438
48329,TX,Midland County,40.9031,8.32,3.93,1,13,13.3,0,0,18.4537487,11.2,38.3,5.4,25.6,12.7,174801,92874,3.4,8.9,10.74,46,6.4,42.3,15,19,0.15,26,38,13,94375
48331,TX,Milam County,58.6877,24.87,10.25,1,13,13.3,8,0,22.16522026,15.3,37.2,8.8,30.3,15.7,25567,66141,5,9.4,21.86,26,8.1,61.6,19,21,0.17,29,38,16,63456
48333,TX,Mills County,60.4068,23.43,14.34,0,13,13.3,7,16.66666667,22.16430092,14.9,33.8,9.5,27.1,14.8,4511,67620,3.2,6.8,25.89,21,0.7,73.1,20,19,0.15,25,35,17,56328
48335,TX,Mitchell County,62.9802,11.29,7.95,1,13,13.3,0,0,32.46126175,14.2,40.3,7.3,33.1,19.6,9018,60550,5.3,5,14.6,38.8,8.2,46.8,15,27,0.17,33,41,20,53255
48337,TX,Montague County,62.8247,19.55,12.14,1,13,13.3,0,0,23.51316452,13.9,37.2,8.8,27.9,16.1,21046,64545,7.1,11.6,21.82,12.3,0.1,83.6,20,19,0.17,26,37,17,60336
48339,TX,Montgomery County,58.3417,15.7,6.37,1,13,13.3,28,-12.5,33.22620392,12,35.8,6.7,26.8,16.3,684432,97701,4.6,7.3,13.74,27.9,6.1,58.7,18,20,0.14,27,35,16,92578
48341,TX,Moore County,29.5144,12.43,1.77,1,13,13.3,3,50,11.46104527,16.2,38.8,7.8,36.2,19.3,21373,61762,3.3,16.5,11.2,61,4.8,28.2,26,30,0.16,36,39,19,64003
48343,TX,Morris County,63.69,19.68,13.75,1,13,13.3,0,0,100,16.1,40.1,9.2,30.9,17.9,12076,58645,7.1,14.6,21.89,11.2,22.3,61.9,18,23,0.18,29,41,19,51598
48345,TX,Motley County,48.71,8.76,12.87,0,13,13.3,12,0,32.00808334,15.6,35.5,10,28.1,14.8,1183,61154,0.9,15.1,29.59,10.1,5.3,78.7,16,19,0.17,26,37,16,48952
48347,TX,Nacogdoches County,64.4047,26.46,8.66,1,13,13.3,3,-25,68.07485962,13.2,38.4,7.3,27.4,14.9,65162,53555,7,16.5,15.72,21.6,16.5,57.1,21,22,0.19,28,41,17,52516
48349,TX,Navarro County,63.7976,24.49,9.67,1,13,13.3,3,0,23.06515312,15.7,41.9,8.6,31.3,17.3,54711,63111,4.4,12.9,16.68,32.1,9.1,50.5,23,24,0.18,31,42,18,59659
48351,TX,Newton County,99.7753,42.58,16.18,0,13,13.3,8,-11.11111111,20.66409683,18.7,42.1,11.3,37.6,23.8,12093,42618,8.3,11.8,23.48,3.6,17.3,74.2,20,28,0.2,35,42,25,51302
48353,TX,Nolan County,45.558,14.17,8.33,1,13,13.3,3,0,20.22536659,16.7,41.3,9,34.5,18.1,14454,50747,6,16.7,19.53,37.4,2.7,53.8,18,27,0.19,34,42,19,53370
48355,TX,Nueces County,40.05,12.68,4.51,1,13,13.3,3,0,41.37603378,16.5,43.6,7.4,34.7,16.2,352955,66897,5.2,13.4,16.09,62.5,3.5,29.3,18,28,0.19,34,44,17,63669
48357,TX,Ochiltree County,19.8188,4.64,2.6,1,13,13.3,5,0,10.97602081,14.3,38.3,7.2,30.7,15.7,9786,70183,0.3,7.4,11.69,56.8,0,39.3,27,25,0.17,31,39,16,71770
48359,TX,Oldham County,100,32.55,12.43,0,13,13.3,16,0,24.52668571,13.6,37.5,7.8,27,16.8,2249,79900,1.7,11.6,11.74,27.8,8.7,62.3,18,20,0.17,26,37,17,68640
48361,TX,Orange County,66.0134,19.09,9,1,13,13.3,0,0,24.43465424,13.4,41.7,7.7,29.2,18.1,85307,72104,6,9.9,16.14,9.6,7.6,76.8,15,20,0.17,28,42,18,66029
48363,TX,Palo Pinto County,70.3831,25.32,12.32,1,13,13.3,0,0,0,14.4,36.5,8.5,29.2,17.5,29295,67674,6.1,12,20.51,20.6,2.3,73,22,21,0.18,28,37,19,55417
48365,TX,Panola County,75.8293,30.48,11.63,1,13,13.3,10,0,10.77603817,15.2,38.2,8.9,29.4,19,22726,64894,2.5,8.6,20.3,10.4,11.2,71.1,18,22,0.16,28,38,19,63482
48367,TX,Parker County,79.939,18.19,9.22,1,13,13.3,0,0,6.366387844,11.5,37.1,6.7,23.6,13.3,165168,104443,4,6.1,15.96,14.7,1.3,79.1,15,16,0.14,23,37,14,98121
48369,TX,Parmer County,34.6089,11.89,4.09,1,13,13.3,0,0,100,16.7,39.6,8.2,34,16.6,9731,69735,2.6,8.9,15.64,66.7,0.3,30.4,27,27,0.14,33,40,17,62913
48371,TX,Pecos County,42.8987,19.76,3.93,1,13,13.3,0,0,65.59205627,16.5,42.3,7.3,34.5,16.2,14896,72750,2.6,15.3,13.72,71.3,3.4,22.1,21,27,0.19,34,42,16,58265
48373,TX,Polk County,87.4976,39.6,16.94,0,13,13.3,0,0,21.05405998,17.3,41.1,8.7,31.8,19.9,52800,62259,8.1,14.8,19.13,15.3,7.7,70.9,19,23,0.2,31,40,20,57009
48375,TX,Potter County,39.9326,16.78,3.7,1,13,13.3,0,0,19.18249321,16,38.3,8.1,35.1,20.1,115975,53249,3.8,14.6,14.32,39.3,10.2,42.2,24,29,0.19,35,39,20,51177
48377,TX,Presidio County,30.1121,20.02,4.42,1,13,13.3,0,0,91.4323349,24.3,42.6,12.6,45.5,18.2,5930,43802,6.7,24.7,19.51,79.5,0,18.2,30,38,0.28,43,44,20,42699
48379,TX,Rains County,79.6396,23.88,16.2,0,13,13.3,3,-40,27.01202202,15.4,37.7,9.8,27.9,17,12775,65413,3.3,8,24.66,10.3,2.5,81.8,21,19,0.17,25,38,18,63796
48381,TX,Randall County,28.6778,5.43,2.88,1,13,13.3,14,100,20.33373642,11,33.4,6.2,23,13.9,146070,83864,2.9,7.4,15.89,24.6,3.1,66.5,14,17,0.14,23,34,14,81705
48383,TX,Reagan County,11.28,2.66,1.36,0,13,13.3,3,0,41.52771759,14.6,39.6,6.1,30.9,14.4,3232,57813,5,6.4,10.27,68.7,5.4,22.1,18,23,0.13,31,39,14,72585
48385,TX,Real County,100,48.5,25.78,0,13,13.3,3,-50,26.91892242,20.4,41.1,12.5,35.6,19,2802,39605,0,13.8,37.9,18.9,0.7,79.1,19,26,0.23,32,41,20,49014
48387,TX,Red River County,76.4838,30.05,16.92,1,13,13.3,0,0,15.16429996,17.6,39.9,10.5,33.4,20.1,11611,48491,2,12.7,25.84,7.5,16.3,72.8,21,23,0.19,30,40,21,49265
48389,TX,Reeves County,50.2967,16.61,4.61,1,13,13.3,0,0,26.55686951,17.1,42.1,7.3,37.3,17.8,12664,64297,2.4,13.3,12.59,85.3,1.7,11.6,21,32,0.18,38,43,18,57179
48391,TX,Refugio County,65.8759,24.72,12.88,0,13,13.3,4,0,7.559696198,18.7,40.6,9.8,34.2,15.6,6707,60181,4.5,13.8,22.53,50.4,6.2,40.6,18,24,0.19,32,41,16,52641
48393,TX,Roberts County,100,23.41,16.04,0,13,13.3,7,-22.22222222,30.67145348,13.5,36,8.6,26.2,15.2,832,67868,0.5,2.9,17.79,6.6,0.4,89.1,14,18,0.16,25,36,16,76634
48395,TX,Robertson County,63.7002,22.74,11.95,1,13,13.3,0,0,37.28669357,15.4,37.7,8.3,29.9,16.3,17167,72236,7.9,9.6,20.83,22.2,17.2,54.8,18,21,0.16,29,38,17,60078
48397,TX,Rockwall County,48.6283,7.89,3.56,1,13,13.3,0,0,10.64867973,10.6,35.4,5.7,20.7,12.4,123617,127981,4.3,3.3,12.63,20.8,9.1,63,11,15,0.11,20,35,12,118175
48399,TX,Runnels County,55.3822,19.9,11.78,1,13,13.3,0,0,10.02588463,15.2,37.7,8.5,30.3,15.6,9874,62632,4.9,8.6,21.4,34.9,2.9,60,20,22,0.17,29,38,16,61643
48401,TX,Rusk County,77.126,26.81,11.05,1,13,13.3,0,0,14.62651634,13.8,39.5,7.4,27.5,17.1,52842,68658,4.5,10.3,17.46,19.1,13.2,61.4,18,21,0.16,27,40,18,65812
48403,TX,Sabine County,82.6161,36.48,23.65,0,13,13.3,5,0,17.87879944,18,38,12.2,32.2,19.2,10023,66585,4.7,6.5,30.54,1.6,6.8,84.5,18,23,0.21,29,39,21,58723
48405,TX,San Augustine County,78.9265,33.29,18.88,0,13,13.3,0,0,27.42441559,20.1,42.3,12.1,37.2,22.2,7874,50408,9.5,17,26.81,8.3,21.4,68.1,20,28,0.23,35,43,24,50908
48407,TX,San Jacinto County,89.1784,37.14,15.75,0,13,13.3,32,39.13043478,20.2353096,16.1,37.9,9.6,31.6,19,28441,65364,6.8,16.1,21.55,19.2,8.7,68.8,21,23,0.19,30,38,20,66009
48409,TX,San Patricio County,42.5248,15.65,5.64,1,13,13.3,0,0,0,15.7,43.1,7.3,31.9,15.6,70181,69704,4.5,11.8,15.44,56.5,1.5,37.9,18,25,0.2,32,43,16,61411
48411,TX,San Saba County,59.9861,20.86,11.6,1,13,13.3,8,14.28571429,33.88890457,14.7,38.1,8.8,30.4,16.5,5696,55819,3.1,10.8,22.52,30.7,2.5,62.6,26,22,0.17,30,39,18,52325
48413,TX,Schleicher County,45.44,12.89,5.99,0,13,13.3,0,0,27.59099007,17.1,39.1,9.1,33.1,16.1,2381,86694,5.4,8.5,22.89,53.2,0.5,41.8,21,26,0.16,32,40,17,60063
48415,TX,Scurry County,59.9705,22.74,7.96,1,13,13.3,0,0,100,14.6,38.7,7.6,31.1,17.3,16488,60039,2.4,9.5,15.55,43.3,3.3,49,19,25,0.16,31,39,18,69881
48417,TX,Shackelford County,44.08,16.79,8.8,0,13,13.3,0,0,15.38062859,13.3,37.5,8.2,24.6,14.7,3175,73047,7.5,5.9,20.09,12.9,0.9,81.2,16,17,0.15,23,38,16,68681
48419,TX,Shelby County,74.2979,31.88,12.11,1,13,13.3,0,0,19.17641068,16.7,40.8,9,34.6,20.7,24155,49776,4.1,17.2,18.45,19.9,15.1,59.7,22,26,0.19,34,41,22,54359
48421,TX,Sherman County,33.64,11.7,4.1,0,13,13.3,0,0,31.82649422,14.2,37.4,7.8,29,15.7,2295,61250,1.9,9.3,18.39,46.6,0.1,52.1,27,22,0.15,28,38,16,66202
48423,TX,Smith County,56.7594,20.25,8.1,1,13,13.3,247,2.916666667,30.05670738,13.8,39.2,7.6,28,16.7,241740,74192,4.4,7.7,17.44,20.9,16.3,57.5,19,21,0.15,27,40,17,71348
48425,TX,Somervell County,70.4884,22.57,9.7,0,13,13.3,13,8.333333333,24.85202026,12.3,33.8,7.3,22.3,12.7,9691,79825,3.2,5.5,20.08,18.2,1.3,76.9,15,15,0.14,21,33,12,78913
48427,TX,Starr County,61.3546,39.61,5.6,1,13,13.3,0,0,100,20.5,46.8,8.3,43.3,17.7,66067,37639,10.4,31,11.38,97.2,0.4,2.3,25,38,0.27,44,48,18,38824
48429,TX,Stephens County,53.3293,22.66,10.87,1,13,13.3,0,0,42.84799957,14.8,38.1,8.9,31.9,18.9,9351,58008,5.4,12,20.36,25.1,3,68.2,20,24,0.18,31,39,20,59099
48431,TX,Sterling County,100,35.9,16.36,0,13,13.3,0,0,100,12.2,36.5,6.4,25.1,14.2,1468,64954,2.1,1.2,15.67,35.7,0.1,62.8,16,18,0.11,25,37,14,80859
48433,TX,Stonewall County,38.21,12.08,9.6,0,13,13.3,4,-20,32.2766304,16.6,37.7,10.6,31.7,17,1227,56875,3.6,7.4,27.95,20,0.4,78.2,18,23,0.14,30,39,19,56413
48435,TX,Sutton County,19.18,5.78,3.37,1,13,13.3,10,-16.66666667,30.62863922,19.1,41.4,9.5,36.9,16.9,3277,78906,1.9,3.2,19.26,63.4,0.1,31.9,22,29,0.18,36,42,18,63893
48437,TX,Swisher County,48.1601,20.03,8.32,1,13,13.3,157,3.973509934,26.41580391,16.7,41.9,8.9,34.2,17.7,6937,36165,4.3,23,16.25,46.3,7.7,41.5,23,27,0.23,34,43,18,52350
48439,TX,Tarrant County,31.9354,8.64,2.68,1,13,13.3,0,0,15.1489172,12.7,37.8,5.8,25.9,14.7,2167390,84207,4.7,8.2,12.31,30.3,17.3,42,18,19,0.14,26,38,15,80083
48441,TX,Taylor County,40.4036,13.17,4.9,1,13,13.3,0,0,45.14702988,12.2,34.9,6.7,26.6,14.4,145863,67139,2.6,10.6,14.95,25.1,7.7,61,16,20,0.17,27,37,16,62128
48443,TX,Terrell County,100,41.53,20.83,0,13,13.3,5,0,7.49307251,17.2,35.2,9.2,27.4,10.6,835,44886,0,3.2,37.96,40.1,0,50.8,12,17,0.16,25,36,12,47947
48445,TX,Terry County,52.252,23.71,6.07,1,13,13.3,0,0,33.40593719,17.6,42.2,8.7,37.1,19.5,11629,44100,4.5,14.9,16.18,56.9,2.9,37.7,25,30,0.2,37,43,20,44361
48447,TX,Throckmorton County,100,32.19,24.56,0,13,13.3,0,0,45.17366409,15.8,37.3,10.4,28.2,14.9,1639,59216,8.3,19.2,26.48,10.3,0,84.4,19,19,0.17,25,38,16,51546
48449,TX,Titus County,62.3831,26.21,8.08,1,13,13.3,4,33.33333333,50.87202835,15.8,39.9,8.1,33.2,17.4,31363,58425,3.1,13.9,15.19,45,10.2,42.4,24,26,0.18,33,40,18,57559
48451,TX,Tom Green County,42.8636,13.47,5.15,1,13,13.3,8,60,31.3361454,14.1,36.7,7.6,28.9,15.5,119577,68370,3.7,7.6,16.97,40.6,3.6,51.4,18,23,0.16,29,38,16,60379
48453,TX,Travis County,34.85,7.64,2.64,1,13,13.3,7,0,23.76056862,10.8,29.6,5.1,20.9,12.4,1330015,99611,4.6,7.1,11.01,32.6,7.8,46.9,13,17,0.15,22,29,12,97544
48455,TX,Trinity County,84.6051,35.53,19.83,1,13,13.3,9,0,13.12957859,16.9,38.6,10.5,30.3,17.3,14046,52018,6.5,12.8,27.16,11.2,7.9,76.9,18,21,0.19,28,39,19,49277
48457,TX,Tyler County,91.5964,31.56,17.15,1,13,13.3,5,25,17.5815239,15.4,39.4,9.8,30.4,18,20238,55396,7.1,11.1,22.42,8.4,10.7,76.4,19,23,0.21,29,40,20,54438
48459,TX,Upshur County,83.7829,26.64,12.75,1,13,13.3,0,0,8.250125885,15.4,40.8,9.3,31,20.4,42567,66208,5.8,10.1,18.47,10.4,7.2,77.2,16,23,0.18,29,41,20,61533
48461,TX,Upton County,42.3184,11.62,6.59,0,13,13.3,3,0,21.4373436,17.3,41.3,8.8,36.7,18.7,3191,49167,3.5,11.3,19.15,54.7,1.2,42.6,18,29,0.17,36,42,19,59047
48463,TX,Uvalde County,64.7032,35.38,9.6,1,13,13.3,22,-21.42857143,18.45577431,16.6,40.4,7.9,34.6,14.5,24881,53801,4.3,20.8,16.47,70.9,0.3,25.6,23,27,0.22,34,42,16,49006
48465,TX,Val Verde County,61.6131,26.44,6.18,1,13,13.3,8,14.28571429,13.47840977,16.8,40.8,7.5,35.2,14.9,47741,66100,5.9,13.7,13.92,81.2,1.2,15.4,19,29,0.18,36,42,16,56619
48467,TX,Van Zandt County,79.471,25.67,14.69,1,13,13.3,4,100,11.46669483,14.3,36.2,8.9,29,17.4,62649,69475,3.5,8.3,20.35,13.4,2.3,80.2,21,22,0.16,28,36,18,66356
48469,TX,Victoria County,46.9218,13.94,6.3,1,13,13.3,12,-14.28571429,34.55289078,15.1,38.7,7.7,31.3,16.2,91413,70896,4.4,11.2,17.09,48.1,5.5,42.4,18,25,0.18,31,39,17,69442
48471,TX,Walker County,69.3081,23.68,8.3,1,13,13.3,0,0,38.66159058,13.7,40.7,7.3,29.4,18.2,80209,52324,8.9,10.8,13.87,21.8,19.6,53,19,24,0.16,30,42,20,56863
48473,TX,Waller County,73.7788,29.46,7.65,1,13,13.3,0,0,43.18441772,11.9,39.4,5.8,26.8,14.2,61552,80397,6.8,10.2,11.6,33.5,23.4,38.1,20,22,0.14,29,42,16,77209
48475,TX,Ward County,36.2946,9.71,5.67,1,13,13.3,44,7.317073171,47.83671188,15.3,40.8,7.2,33.3,17.2,11144,65952,2.9,12.8,13.55,56.2,5,36.4,20,26,0.16,33,41,17,65610
48477,TX,Washington County,67.1706,19.32,12.86,1,13,13.3,4,33.33333333,5.179387093,14.8,36,8.6,28.2,15.4,36647,77825,3,9.2,23.1,18.5,14.2,61.4,18,19,0.15,26,37,16,67927
48479,TX,Webb County,22.535,12.72,1.29,1,13,13.3,4,0,5.926381588,15.4,41,5.8,33,11.9,269294,63058,5.5,18.6,10.3,95,0.4,3.6,29,26,0.2,33,42,12,57899
48481,TX,Wharton County,58.8241,22.58,8.17,1,13,13.3,8,-20,9.856152534,15.7,40.7,8,31.3,16.5,41794,66924,4.9,10.7,18.16,42,10.9,43.3,21,24,0.17,31,41,18,60496
48483,TX,Wheeler County,52.7874,20.24,11.24,0,13,13.3,4,-20,21.76516342,16.1,39.4,9.7,32.1,18.5,4862,60167,4.8,14,20.67,25.4,1.4,68.5,25,24,0.19,31,40,19,54682
48485,TX,Wichita County,48.9308,14.93,5.34,1,13,13.3,0,0,25.76795197,13.1,37.8,7.1,26.5,15.9,129996,63524,3.7,11.7,15.39,20.7,10.2,62.5,17,21,0.18,27,39,17,61622
48487,TX,Wilbarger County,47.557,17.64,6.59,1,13,13.3,0,0,30.13889885,17.2,41,9.6,34.7,19.7,12616,54102,9.3,16.1,19.81,30.2,5.8,54.5,20,27,0.22,34,41,20,53416
48489,TX,Willacy County,64.0222,36.93,7.13,1,13,13.3,4,0,16.78508186,19.5,47.4,8.3,39.8,16.7,20139,54180,7.5,18.9,14.73,87.3,1.5,9.8,22,37,0.24,40,49,18,42279
48491,TX,Williamson County,59.221,10.89,5.51,1,13,13.3,0,0,31.59499359,10.4,30.1,5.3,19.4,11,672688,111340,3.9,4.4,12.92,24.7,6.7,53.3,11,15,0.13,19,30,11,111183
48493,TX,Wilson County,83.2497,20.29,9.86,1,13,13.3,0,0,14.38789368,14.6,42.5,7.3,29.1,15.3,52781,94565,3.6,7.6,17.13,39.9,2,54.8,13,22,0.14,29,42,16,85288
48495,TX,Winkler County,24.84,6.68,2.49,1,13,13.3,5,0,16.79721832,15.2,39.5,6.8,33.3,16.7,7454,86900,3.6,8.6,12.52,62.5,3.9,31.6,19,26,0.15,34,40,17,67901
48497,TX,Wise County,77.3241,22.34,9.59,1,13,13.3,17,0,33.31109238,13.2,41,7.5,28.1,18,75005,93421,5.3,5.9,15.54,21.1,1.6,72.9,18,21,0.15,27,40,18,89873
48499,TX,Wood County,78.7041,28.8,18.73,1,13,13.3,4,0,25.96681976,15.1,35.2,9.8,27.3,15.8,46961,60300,6.3,8.9,27.58,11.6,3.7,80.6,21,20,0.17,25,36,17,58813
48501,TX,Yoakum County,30.4107,7.25,3.23,1,13,13.3,0,0,100,15.9,40,7.5,36.4,18.3,7571,84925,6.9,12.7,12.83,65.6,0.1,31,25,30,0.16,37,41,19,64634
48503,TX,Young County,57.5638,21.21,10.86,1,13,13.3,20,-20,31.56070518,14.6,38.4,8.8,29.6,17.7,18029,68010,3.5,13.3,21.23,20.5,0.6,75.1,21,22,0.17,29,39,19,64187
48505,TX,Zapata County,41.5755,25.47,4.91,1,13,13.3,5,-16.66666667,24.0352478,22,45.4,9.6,46.7,19.9,13841,39239,7.3,35.7,14.09,93.9,0.1,4.8,26,41,0.27,47,46,21,41688
48507,TX,Zavala County,43.2738,29.02,4.52,1,13,13.3,4,0,34.11687469,21,47,8.6,43,17,9412,36749,4,30.6,15.69,92.6,0.8,6,18,36,0.26,43,48,18,36878
49001,UT,Beaver County,39.1678,14.32,5.15,0,10,10,4,0,59.97453308,10.5,32.3,6.3,20.4,9.8,7273,79360,1.7,5.4,15.26,15,0.3,83.6,12,16,0.12,20,33,10,67100
49003,UT,Box Elder County,52.0608,14.3,5.3,1,10,10,3,-25,8.028926849,9.5,31.8,5.5,19.4,10.1,61246,84550,3.2,5.5,13,10.2,0.3,85.4,8,16,0.13,19,32,10,83493
49005,UT,Cache County,53.9574,14.08,4.62,1,10,10,5,66.66666667,39.73826981,7.9,32.6,4.8,18.8,9.7,140046,81665,2.6,6.7,9.99,11.7,0.8,81.3,9,17,0.13,20,35,11,83027
49007,UT,Carbon County,62.4454,19.95,8.49,1,10,10,0,0,46.50270081,12.9,34.9,7.6,24,13.3,20517,58377,5.9,11.8,19.39,13.3,0.6,81.9,9,21,0.18,23,35,14,59838
49009,UT,Daggett County,100,15.38,18.98,0,10,10,4,33.33333333,49.69393539,13.6,34,9,21,10.3,783,66000,6.6,4.8,21.07,2.8,0,90.8,8,17,0.14,19,34,11,65231
49011,UT,Davis County,34.4014,4.98,2.4,1,10,10,4,0,21.70132256,9,30.1,4.5,17.5,7.9,370924,110884,2.7,5.2,11.03,11.7,1.1,79.9,7,14,0.11,18,30,8,111081
49013,UT,Duchesne County,60.4853,18.52,6.92,1,10,10,0,0,0.355326176,10.8,33.1,6.6,22.5,12,20185,78445,4.3,9,13.04,7.5,0.1,84.8,11,18,0.15,22,33,12,75705
49015,UT,Emery County,54.7224,17.87,7.01,1,10,10,0,0,100,12.2,34.5,7.5,22.3,12.2,10046,74291,3.6,7.3,18.61,7.5,0.1,88.9,10,19,0.15,22,35,13,68823
49017,UT,Garfield County,68.6927,25.16,10.48,0,10,10,0,0,100,12.7,35.7,8,20.5,9.8,5219,61875,4.1,6.8,22.42,7.3,0.1,89.7,9,16,0.18,20,36,11,64844
49019,UT,Grand County,46.4904,19.16,6.8,1,10,10,162,4.516129032,11.45935726,12.3,31.1,7.6,21.3,11.4,9754,67106,1.6,5.6,20.07,13,0,77.6,12,17,0.16,20,31,11,67360
49021,UT,Iron County,64.4088,25.43,5.74,1,10,10,0,0,49.9430542,9.4,31.8,5.6,17.1,9,62252,66247,3.9,9,13.81,10.5,0.7,83,10,15,0.14,17,33,10,68170
49023,UT,Juab County,73.4848,21.79,7.2,1,10,10,4,-33.33333333,20.73342896,9.5,34,5.8,18.4,9.6,12586,101786,2.2,4.6,12.41,5.5,0.7,90.7,8,15,0.12,18,34,10,85382
49025,UT,Kane County,62.6738,18.91,12.67,1,10,10,3,0,3.126762867,12.6,36.3,8.2,20.4,9.8,8170,77092,3.7,5.7,24.7,5,0.2,87.4,10,15,0.16,18,36,10,69247
49027,UT,Millard County,57.5713,15.26,8.35,0,10,10,11,0,31.62906837,11.7,34.7,7.2,23.6,11.1,13315,73639,5.5,7.5,17.13,13.6,0.1,81.4,15,20,0.14,23,35,12,66467
49029,UT,Morgan County,64.2021,12.13,6.71,0,10,10,5,0,25.77551842,9,32,5.5,17.6,9.1,12802,130929,2.3,1.4,12.36,2.9,0.1,92.1,6,13,0.08,17,32,9,122672
49031,UT,Piute County,100,47.83,21.34,0,10,10,0,0,24.6088047,16.6,34.5,11.6,28.7,13.4,1694,48393,5.9,6.7,29.93,7.6,0.1,90.6,13,23,0.19,26,36,15,58106
49033,UT,Rich County,100,34.58,15.15,0,10,10,46,-2.127659574,33.97556686,11.2,32.4,7,19.7,9.7,2631,79009,0,2.7,21.09,5.4,0,91.8,12,16,0.13,19,33,11,78332
49035,UT,Salt Lake County,12.5378,2.79,0.77,1,10,10,5,0,43.04127502,9.1,32.8,4.8,19.6,8.6,1196523,97494,3.8,5.2,11.88,20.6,1.7,66.6,10,16,0.12,20,33,9,94013
49037,UT,San Juan County,71.1466,37.51,7.49,0,10,10,18,-5.263157895,35.64012909,15.1,37,8.3,23.8,14.4,14483,64481,12.5,13.8,16.22,5.8,0.1,44.8,11,23,0.2,23,37,15,57941
49039,UT,Sanpete County,52.9791,19.6,6.52,1,10,10,0,0,38.66171646,10.2,31.5,6.2,20.6,11.9,29719,70083,5.1,8.1,14.62,10.7,0.9,83.7,12,19,0.14,21,33,13,67295
49041,UT,Sevier County,46.8209,15.24,7.2,1,10,10,28,-3.448275862,26.64613342,11.3,35,7.1,21.5,11.4,22085,74884,4.4,7.8,16.96,5.3,0.1,90.9,10,17,0.14,21,35,12,75024
49043,UT,Summit County,63.8851,9.45,5.15,1,10,10,12,-7.692307692,6.229596615,9,23.7,5.2,16.1,7.2,42970,138114,1.8,3.2,15.29,11.4,0.3,82.9,8,11,0.1,16,23,7,139848
49045,UT,Tooele County,56.7561,13.46,4.5,1,10,10,12,20,8.241308212,9.3,39.3,4.8,18.7,10.5,79347,106587,3.6,3.2,9.17,15,1,77.8,8,15,0.11,19,39,10,94200
49047,UT,Uintah County,70.5761,22.05,6.17,1,10,10,8,-11.11111111,5.778233528,10.7,34.6,6.1,22.5,13.1,37056,73746,6,9.1,11.94,8.8,0.5,80,13,18,0.15,22,35,13,70989
49049,UT,Utah County,39.2973,9.23,2.24,1,10,10,50,16.27906977,13.92240047,6.7,28.7,3.7,12.4,5.3,705400,100671,3.8,5.6,7.89,14.5,0.7,77.6,7,12,0.12,14,31,6,100617
49051,UT,Wasatch County,43.0433,6.84,4.43,1,10,10,0,0,28.24292946,8.6,26.2,5.2,13.9,7,36642,117608,2,3.1,13.56,14.7,0.2,80.6,9,11,0.11,14,26,7,121397
49053,UT,Washington County,44.812,13.78,8.34,1,10,10,16,6.666666667,9.214241982,10.3,28.2,6.8,16.5,7.7,196431,80632,3.6,6.4,22.3,12.1,0.4,81.3,11,14,0.13,16,29,9,78094
49055,UT,Wayne County,95.94,33.04,14.68,0,10,10,3,-25,2.700200319,12.3,33,7.9,21.1,10.8,2584,76607,2.1,6.6,25.54,3,0.3,90.7,12,17,0.14,20,33,12,60858
49057,UT,Weber County,33.4145,6.71,3.67,1,10,10,10,0,0.916112959,9.8,34.2,5.2,19.1,8,269648,90005,3,5.8,12.41,19.2,1.1,74,10,15,0.12,19,34,8,86678
50001,VT,Addison County,76.4797,15.91,10.39,1,9,8.6,6,-14.28571429,9.764408112,7.7,25.4,6.3,15.1,10.4,37664,89639,3.8,4.4,22.57,3.2,0.9,89.6,5,10,0.1,15,26,12,82234
50003,VT,Bennington County,69.294,19.05,12.8,1,9,8.6,14,7.692307692,10.11772919,9.6,28,7.7,20.3,12.6,37269,73325,4.4,7.3,24.38,2.8,1.1,90.8,5,13,0.13,19,28,14,67124
50005,VT,Caledonia County,67.4666,19.95,9.76,0,9,8.6,19,-5,18.12280273,10.4,29.5,7.7,21.8,16.6,30475,69970,2.2,7.5,23.09,2.2,0.7,91.9,5,14,0.13,20,30,17,64229
50007,VT,Chittenden County,42.4499,7.03,4.64,1,9,8.6,19,-24,17.67663002,7,23.6,6.1,16.4,11.6,169758,96759,3.2,3.9,16.91,2.9,2.3,85.5,4,13,0.11,16,25,12,96142
50009,VT,Essex County,99.5826,38,19.26,0,9,8.6,19,-5,9.194394112,11.5,33,9.9,22.3,14.6,5982,59294,4.8,8.7,27.6,1.6,0.1,92.6,5,16,0.15,20,33,15,58359
50011,VT,Franklin County,64.2998,12.71,6.97,1,9,8.6,23,0,5.193857193,8.6,31.3,6.5,19.7,14.4,50638,81313,3.2,7.7,17.74,2,0.2,91.9,4,13,0.12,19,31,15,85765
50013,VT,Grand Isle County,100,19.23,14.04,0,9,8.6,9,0,2.192136049,8.7,27.2,7,16.9,13.1,7450,97396,3.1,5.5,23.56,2.2,0.3,90.2,4,13,0.1,16,27,14,82896
50015,VT,Lamoille County,75.6214,23.5,9.56,0,9,8.6,17,-10.52631579,11.90980148,8.2,25.5,6.9,19.5,13.7,26148,74908,3.3,5.1,18.71,2.5,0.9,91.6,6,14,0.11,19,25,14,72811
50017,VT,Orange County,92.0444,26.04,13.26,0,9,8.6,0,0,16.39222145,8.6,26.8,7,17.9,11.2,29761,82232,2.3,5.9,23.57,1.8,0.3,92.8,5,11,0.11,17,27,12,73771
50019,VT,Orleans County,75.8932,27.21,13.11,0,9,8.6,0,0,16.46385956,10.1,33,8.6,23.7,15.6,27606,70103,5.3,8.3,23.93,1.9,0.9,92.7,5,15,0.13,22,33,16,59906
50021,VT,Rutland County,67.2482,16.97,11.21,1,9,8.6,5,-16.66666667,11.31956863,9.2,30.3,7.8,20.1,13.3,60425,68616,4.1,7.2,24.71,2.2,0.6,92.7,5,13,0.13,19,31,15,62634
50023,VT,Washington County,59.9879,15.94,8.43,1,9,8.6,0,0,7.398758888,8.2,26.6,6.9,17.4,14.5,60017,83449,2.7,5.7,21.6,2.8,0.8,91.1,4,13,0.12,16,27,15,79916
50025,VT,Windham County,70.8427,20.9,11.63,1,9,8.6,47,2.173913043,2.311382771,8.6,25.4,7.4,18,12.5,45923,72217,4.8,6,25.58,3.1,0.8,90.1,5,13,0.13,17,26,14,64436
50027,VT,Windsor County,75.346,19.69,13.35,1,9,8.6,7,-36.36363636,29.34067917,8.6,25.6,7.1,16.3,11.1,57990,77594,4.4,5.2,25.51,2.3,0.5,92.1,5,11,0.11,15,26,12,77932
51001,VA,Accomack County,81.7294,36.09,15.34,0,8,8.5,0,0,21.23629379,17.8,43.3,9.6,30.4,19.1,33335,58993,3.4,10.7,25.71,10.9,27.1,58.1,12,23,0.13,30,44,22,56039
51003,VA,Albemarle County,56.8097,11.07,8.51,1,8,8.5,8,-20,8.749865532,10.6,30.3,6.1,17.6,10,114919,104392,3.4,4.9,20.42,7.5,9,73.4,7,13,0.1,17,32,11,102750
51005,VA,Alleghany County,81.7543,29.93,16.41,1,8,8.5,0,0,19.52385521,15.7,40.7,9.6,26.8,17.8,14859,56188,2.3,8.5,26.28,1.6,5.2,91,8,19,0.14,24,41,19,58215
51007,VA,Amelia County,98.0416,30.81,15.51,0,8,8.5,5,-16.66666667,45.75863647,15.8,42.9,8.2,27.6,18.2,13462,76717,3.8,4.5,22.18,3.9,19.5,72.1,10,20,0.11,26,43,20,71112
51009,VA,Amherst County,70.6923,21.31,10.92,1,8,8.5,0,0,33.02445984,15.4,35.7,8.7,26.3,16.6,31485,68724,4.7,7.6,21.78,2.9,16.9,73.7,8,18,0.12,24,36,17,61499
51011,VA,Appomattox County,92.931,28.79,15.84,0,8,8.5,5,-37.5,1.888792396,15.3,42.3,8.4,28.4,18.8,16610,62853,5.1,9.9,21.13,2.4,15.9,76.3,9,21,0.12,27,42,20,64701
51013,VA,Arlington County,2.3114,0.08,0.37,1,8,8.5,0,0,13.02096558,8.9,25.9,4.3,16.5,9.7,236254,142114,3.3,4.3,11.9,15.9,9.3,58,5,13,0.1,17,26,10,138416
51015,VA,Augusta County,79.941,21.82,12.73,1,8,8.5,7,-30,8.100543976,13.2,37.6,8,23.5,15.6,78033,82049,2.4,4.5,22.59,4,4.3,88,7,16,0.11,22,38,17,72831
51017,VA,Bath County,93.78,40.25,20.6,0,8,8.5,4,33.33333333,5.296490192,18,40.6,11.3,29.9,19.1,4100,56184,1.3,15,27.24,3,3.4,91.9,6,22,0.18,28,41,21,60234
51019,VA,Bedford County,82.0667,19.1,13.39,1,8,8.5,4,0,5.119353771,12.8,34.8,7.5,22.1,13.8,80894,78937,3.1,5,23.27,2.8,6.3,85,8,16,0.11,21,35,15,72742
51021,VA,Bland County,93.1216,23.93,16.15,0,8,8.5,0,0,2.29838562,13.9,39.8,8.6,24.9,16.3,6199,61216,2.3,10.2,24.94,1.2,3.9,92.9,6,16,0.13,23,40,17,57748
51023,VA,Botetourt County,86.8792,20.67,13.53,1,8,8.5,0,0,33.71976471,13.7,36.2,8.3,22.6,15.2,34004,81213,2.4,2.9,24.33,2.5,2.6,90.4,6,15,0.1,20,36,15,84395
51025,VA,Brunswick County,87.1231,32.85,14.33,1,8,8.5,50,-1.960784314,47.23516464,18.3,44.7,8.6,31.2,19.9,15841,53084,3.3,11.4,22.34,2.9,51.5,41.3,10,24,0.12,30,45,21,51441
51027,VA,Buchanan County,93.1604,48.14,14.96,0,8,8.5,0,0,0.380293965,17.8,44.3,10.8,34.3,25.2,19415,42886,3.9,17.5,23.86,1.1,3.8,93.2,10,27,0.22,32,45,26,43446
51029,VA,Buckingham County,96.6072,39.92,13.54,0,8,8.5,0,0,11.80309963,16.7,41.6,8.3,29.9,20.7,16976,60828,4.7,10.4,20.83,2.6,30.6,60.9,10,22,0.12,28,41,21,57701
51031,VA,Campbell County,72.8541,22.67,11.38,1,8,8.5,9,0,11.94345284,14.2,42.1,7.7,25.9,17.8,55312,66165,3.7,7.7,21.28,3.5,14.2,76.8,8,19,0.11,25,43,19,69570
51033,VA,Caroline County,89.6689,24.08,11.41,0,8,8.5,0,0,55.47490311,14.6,42.3,7.3,25.2,16.6,32098,87407,5.3,8.1,16.68,7.7,23.7,61.2,8,19,0.1,24,42,16,80562
51035,VA,Carroll County,90.2121,31.25,17.17,0,8,8.5,3,-40,0,15.1,38.7,9.5,28.8,20,29157,54484,5.5,10.5,26.15,4.1,0.2,93.2,10,21,0.15,27,39,22,53694
51036,VA,Charles City County,99.9968,30.51,16.73,0,8,8.5,6,50,26.99767494,19.8,41.9,9.3,28,17.3,6627,75417,3.9,5.9,26.89,2.1,40.5,44.6,10,21,0.1,26,42,19,73068
51037,VA,Charlotte County,92.3653,41.48,16.93,0,8,8.5,0,0,44.09673309,18.6,40.7,10.1,32.3,20.4,11422,58000,2.4,18.9,22.73,2.6,24.7,68.2,10,23,0.16,30,41,21,50878
51041,VA,Chesterfield County,53.013,8.94,5.3,1,8,8.5,196,1.554404145,18.04464531,12.4,37.8,5.7,20.2,11.6,377869,101931,4.6,4.9,16.1,11.9,22.8,56.4,7,14,0.09,20,38,12,99401
51043,VA,Clarke County,70.5561,13.21,10.59,0,8,8.5,7,-22.22222222,13.65913391,12.9,33.8,7.5,21.4,13.1,15216,117111,2.7,3.6,23.02,7.8,5.4,82,7,14,0.1,20,34,14,101205
51045,VA,Craig County,73.9,17.88,12.25,0,8,8.5,4,33.33333333,27.54180527,14.5,36.2,9.1,27.1,19.2,4856,69057,2.2,10.5,18.84,1.5,0.1,95.5,8,19,0.12,25,36,20,61531
51047,VA,Culpeper County,67.6462,15.99,8.56,1,8,8.5,0,0,28.91872215,13.6,38.4,7,24.9,16.8,54397,100049,2.6,6.3,16.64,15.6,12.5,64.3,10,18,0.1,24,38,17,90465
51049,VA,Cumberland County,100,33.71,16.09,0,8,8.5,4,0,19.52885437,16.1,38.3,8.4,26.6,16.6,9818,55325,3.3,3.1,23.55,2,29.4,64.1,7,18,0.09,25,39,18,55713
51051,VA,Dickenson County,89.1084,45.4,14.37,0,8,8.5,9,12.5,33.68125153,16,42.5,10.3,29.7,20.2,13733,47254,2.3,13.3,24.59,0.7,1,97.4,9,22,0.21,28,43,22,48157
51053,VA,Dinwiddie County,84.2809,26.47,11.54,1,8,8.5,5,0,1.041908264,15.6,38.6,7.7,26.5,18.3,28191,83704,4.6,9.1,19.21,4.4,29.8,62.2,7,20,0.11,25,38,19,83334
51057,VA,Essex County,89.891,31.54,15.51,1,8,8.5,6,20,5.541168213,19.2,39.1,9.5,30.9,19.5,10623,56520,3.9,6.3,24.25,4.6,36.8,53.2,10,24,0.13,29,39,21,62679
51059,VA,Fairfax County,19.0922,1.65,2.28,1,8,8.5,0,0,9.192893982,10.7,27.2,4.9,16.9,8.2,1147837,153637,4.2,4.1,14.98,17.6,9.4,46.8,7,12,0.08,17,27,8,141353
51061,VA,Fauquier County,74.3241,10.21,9.63,1,8,8.5,0,0,18.08909035,11.7,33.7,6.3,18.1,12.7,74577,130189,2.9,4.9,17.17,12.4,6.3,74.8,8,14,0.09,17,33,13,111254
51063,VA,Floyd County,91.1341,34.25,15.64,0,8,8.5,0,0,27.6055584,14.1,37.2,8.6,22.7,14.9,15593,62191,3.6,6.3,24.42,3,2.5,92.2,8,16,0.11,21,37,15,61164
51065,VA,Fluvanna County,89.7365,14.3,13.48,1,8,8.5,0,0,0.68049562,13.5,38.9,7.4,23.7,16.1,28092,96768,4.2,5.2,21.7,4.6,11.8,75,6,17,0.08,22,39,16,86462
51067,VA,Franklin County,96.4164,33.81,16.82,1,8,8.5,7,-22.22222222,29.68131828,15.4,33.9,9.3,23.9,15.3,55130,68849,2.4,8.9,24.61,3.7,6.8,85.6,8,16,0.13,21,34,15,63692
51069,VA,Frederick County,69.7505,12.2,8.92,1,8,8.5,14,0,25.25375366,13.3,37.8,7.2,23.4,15,95008,97606,4.2,4,18.77,12.5,4.4,77.4,8,17,0.1,23,38,16,92108
51071,VA,Giles County,62.9507,20.07,10.27,0,8,8.5,64,-9.85915493,26.92008591,13.9,36.6,8.2,25.4,17,16557,65691,2.1,5.5,21.63,1.8,2.7,93.7,8,17,0.12,24,37,18,63384
51073,VA,Gloucester County,77.4335,16.56,10.89,1,8,8.5,8,-27.27272727,28.63188744,13.2,37.1,7.4,22.2,15.5,39526,84306,3,3.2,20.92,4.3,8.1,82.5,7,16,0.11,21,37,16,79016
51075,VA,Goochland County,93.4517,17.49,13.87,0,8,8.5,0,0,99.66863251,13.3,32.3,7.3,18.4,11.3,26410,118931,1.7,3.3,25.12,3.8,13.7,77.6,4,12,0.08,16,32,11,122002
51077,VA,Grayson County,93.7081,42.01,19.14,0,8,8.5,6,20,26.21637917,17.5,42.2,10.9,31.2,21.8,15287,47730,3.6,10.8,26,4.2,5.5,87.2,9,24,0.16,29,42,23,42665
51079,VA,Greene County,71.6842,21.79,8.65,1,8,8.5,12,9.090909091,46.73205948,13,37.1,7.3,23.6,15.7,21155,89808,1.8,11.5,19.51,7.5,7.4,78.8,9,17,0.11,23,37,16,83927
51081,VA,Greensville County,97.7922,30.9,12.08,0,8,8.5,0,0,10.5517807,16.9,46.6,7.1,29,20.1,11275,54668,6.3,8,16.3,2.9,55.9,35.2,7,24,0.1,29,46,20,53908
51083,VA,Halifax County,79.1058,28.14,14.9,1,8,8.5,0,0,10.48361397,19.1,42.8,10,29.5,18.6,33639,52013,4.2,11.9,25.64,2.6,34.3,59.4,9,22,0.13,27,43,20,50813
51085,VA,Hanover County,64.34,8.98,8.59,1,8,8.5,0,0,13.59303379,12.7,38.1,6.8,21.8,14.1,112879,112805,2.7,3.9,19.2,4,8.3,80.7,6,14,0.08,21,38,15,111485
51087,VA,Henrico County,32.5719,5.62,4,1,8,8.5,3,0,3.22729516,12.8,35.4,6.2,20.8,12.4,335744,88783,3.9,6.2,16.95,6.9,29.1,49.5,8,15,0.09,20,35,12,85877
51089,VA,Henry County,82.1703,38.63,16.15,1,8,8.5,5,-16.66666667,0.003303064,18.6,43,10.2,32.5,20.8,49980,50760,4.1,11,24.88,7,22.1,67.7,8,25,0.14,31,43,23,51959
51091,VA,Highland County,100,34.56,24.95,0,8,8.5,61,5.172413793,16.56297302,15.3,33.2,10.3,22.7,11.4,2296,65625,11.9,2.2,34.76,0,0,94.9,8,15,0.13,20,34,14,56021
51093,VA,Isle of Wight County,76.3467,16.87,11.52,1,8,8.5,4,0,2.30892396,14.7,39.3,7.6,24.2,14.5,39974,95241,3.9,5.2,20.08,4.1,21.3,68.8,6,17,0.1,23,39,15,88536
51095,VA,James City County,61.1744,10.79,12.82,1,8,8.5,4,0,0.044145379,13.5,33.6,8.2,19.3,10.6,81013,109985,2.7,3.9,26.99,7.2,12.4,71.7,6,13,0.1,17,34,11,109735
51097,VA,King and Queen County,99.4412,38.78,17.22,0,8,8.5,3,-40,0.674621522,17.4,41.8,9.2,28.9,19.3,6695,70469,5.2,11.3,23.81,3.3,21.9,66.2,10,21,0.13,27,42,21,66578
51099,VA,King George County,79.8924,15.98,8.52,1,8,8.5,0,0,0,12.4,35.7,6.3,20.6,14.7,27896,116884,3.7,5,14.29,6.9,14.9,68.8,7,16,0.09,20,35,14,101323
51101,VA,King William County,83.489,19.67,10.1,1,8,8.5,5,0,21.75298119,14,39.2,7.2,23.5,17.2,18593,86056,2.3,4.6,16.83,3.3,15,76.4,7,18,0.09,22,39,17,88124
51103,VA,Lancaster County,86.6134,27.43,26.61,0,8,8.5,3,0,1.067416072,18.5,38.8,10.6,26.7,14.2,10936,69713,9.5,6.3,39.9,1.8,25.5,67.4,10,18,0.13,24,41,16,66220
51105,VA,Lee County,81.6475,38.78,12.51,0,8,8.5,11,0,20.21525574,16.5,40.7,10.3,30.3,20.2,21900,41827,9.5,22.5,23.12,2.4,4.2,91.6,9,22,0.21,28,41,21,44110
51107,VA,Loudoun County,28.5461,1.83,2.35,1,8,8.5,0,0,6.210778713,10.2,29.4,4.5,16.3,9.3,432998,181765,3.3,3.1,10.83,14.3,7.5,51,5,12,0.07,16,29,9,173655
51109,VA,Louisa County,91.479,27.09,13.03,0,8,8.5,3,0,0,13.6,39.2,7.6,21.1,14.9,39980,86689,5.8,6.8,21.02,4.1,11.5,76.1,8,16,0.11,20,39,15,79459
51111,VA,Lunenburg County,80.0882,36,13.57,0,8,8.5,3,50,0.001248741,18.5,43,9.7,30.2,20.2,12016,54842,3.6,12.7,23.24,6.1,32.4,57.4,11,23,0.13,28,43,20,51013
51113,VA,Madison County,95.298,34.02,16.24,0,8,8.5,3,0,9.327356339,14.6,37.3,8.7,24.2,14.9,14044,84323,4.3,8.5,23.21,3.9,8.9,83.8,11,17,0.11,22,37,15,76864
51115,VA,Mathews County,92.5773,21.26,23.46,0,8,8.5,0,0,40.59609604,15.7,33.8,9.7,24.5,13.6,8540,75880,4.4,4.1,33.31,2.7,9.7,84.6,7,14,0.11,21,33,14,73034
51117,VA,Mecklenburg County,75.2019,30.72,15,1,8,8.5,3,0,33.78006744,18.1,40.9,9.9,28.9,16.8,30516,57045,2.6,11.2,26.92,3.2,32.4,60.3,10,21,0.14,26,41,18,53288
51119,VA,Middlesex County,82.8137,20.93,20.52,0,8,8.5,5,0,0,17,39.1,10.3,26.4,14.7,10847,75060,2.9,5.9,34.15,3.2,15.8,77.6,10,18,0.11,24,40,18,67586
51121,VA,Montgomery County,46.9324,11.4,5.92,1,8,8.5,0,0,9.066108704,9.8,31.8,5.6,19.3,12.6,99101,72715,2.9,8.5,14.08,4.6,3.8,80.9,7,17,0.14,21,36,16,67620
51125,VA,Nelson County,93.4052,29.22,17.46,0,8,8.5,7,16.66666667,16.50482941,15.6,35,9.2,25.9,14.9,14732,72589,3.3,8.2,29.59,4.8,11,79.8,11,17,0.12,22,35,15,77049
51127,VA,New Kent County,91.905,13.09,11.08,0,8,8.5,3,0,6.065235138,11.8,38.1,6.1,19.5,12.6,25105,123314,2.3,3.6,18.47,3.8,13.2,75.7,7,13,0.07,18,37,12,115854
51131,VA,Northampton County,76.2869,27.46,17.69,0,8,8.5,0,0,17.76675034,18.1,41.3,9.7,26.9,15.2,12059,61632,3.3,12,29.37,9.3,29.6,55.9,10,20,0.14,25,42,16,53822
51133,VA,Northumberland County,94.5692,29.05,28.85,0,8,8.5,0,0,33.94532013,18,37.6,10.9,25.7,13.8,12188,66480,3.8,6,38.04,3.5,19.1,68.3,10,18,0.12,23,39,16,69662
51135,VA,Nottoway County,88.7717,44.33,14.18,0,8,8.5,69,7.8125,27.88110924,16.9,44.1,8.3,30.9,20.8,15597,63261,2.8,9.8,18.79,4.9,36.2,54.1,9,24,0.13,30,44,21,58168
51137,VA,Orange County,81.5678,23.83,14.57,1,8,8.5,4,-20,11.18452454,13.6,36.6,7.5,23.2,16,37822,94008,3.4,7.6,20.36,7,10.1,74.9,8,18,0.12,22,37,17,82738
51139,VA,Page County,73.9547,29.09,12.15,0,8,8.5,0,0,20.54444313,14.5,40.4,9,25.9,18.4,23727,57037,5.5,9,22.28,2.6,2.1,92,9,18,0.14,24,40,19,57960
51141,VA,Patrick County,92.0507,36.27,18.85,0,8,8.5,0,0,3.211323738,17.1,40.9,10.7,28.8,17.8,17512,53038,2.5,8.4,27.61,3.5,5,89.1,8,20,0.14,25,41,18,51200
51143,VA,Pittsylvania County,89.1083,35.22,14.89,1,8,8.5,13,18.18181818,22.17984581,18,43.6,9.6,30.6,20.1,59856,54085,4.7,9.4,24.51,3.1,20.3,73.2,8,23,0.14,29,44,22,54627
51145,VA,Powhatan County,95.4524,14.52,11.33,0,8,8.5,4,33.33333333,19.9757576,12.1,36.8,6.9,19.7,12.6,31555,110537,3.6,2.8,19.83,2.9,7.2,84.7,7,13,0.08,18,36,12,100814
51147,VA,Prince Edward County,85.1614,36.02,11.81,1,8,8.5,10,0,9.882813454,12.9,38.9,6.4,26.6,16.2,21996,56315,1.5,11.4,17.12,4.9,29.5,60,8,21,0.14,28,43,20,55264
51149,VA,Prince George County,84.1487,16.15,9.07,1,8,8.5,0,0,1.665097594,12.3,39.8,6.1,24.7,17.4,43146,84897,5.2,7.5,13.2,10.4,30.9,51.4,6,21,0.09,25,41,19,82207
51153,VA,Prince William County,31.5436,4.37,2.14,1,8,8.5,5,-37.5,15.53896046,12,33.6,5.1,20.7,12.1,488880,131402,4.8,4.6,11.31,26.1,19.6,37.9,9,16,0.08,20,33,12,128758
51155,VA,Pulaski County,75.691,22.62,13.62,1,8,8.5,6,-33.33333333,9.071727753,13.7,35.5,8.6,23.8,16.5,33687,62028,3.2,9.4,22.88,2.2,4.4,89.3,6,18,0.15,22,36,18,59839
51157,VA,Rappahannock County,93.976,20.65,17.8,0,8,8.5,5,0,3.804728031,15.1,35.6,8.9,24.1,16.5,7427,83380,9.2,4.2,27.84,4.8,3.6,82.4,10,18,0.11,23,36,18,88237
51159,VA,Richmond County,86.2991,33.82,14.89,0,8,8.5,3,0,21.76313782,16.7,38.4,9.3,30.6,22,9095,66304,2.5,2.2,20.84,7.5,26.8,60.1,11,26,0.1,29,39,22,61655
51161,VA,Roanoke County,45.5634,7.65,7.35,1,8,8.5,22,10,25.46867752,12.2,34.3,7.4,22,13.1,97023,83709,2.8,4,22.13,4.1,6.4,82.3,6,15,0.1,21,34,14,80929
51163,VA,Rockbridge County,91.0087,30.74,19.33,0,8,8.5,14,27.27272727,33.40258026,14.4,31.3,9.1,24.2,16.6,22531,65469,3.9,5.5,27.44,2.3,2.6,89.4,7,18,0.12,23,32,19,64813
51165,VA,Rockingham County,80.1767,21.34,12.41,1,8,8.5,0,0,29.97586441,12.2,34.1,7.2,23.5,14.5,85600,80693,2.7,6.4,20.08,9.3,2.2,84.4,10,17,0.11,23,35,16,79332
51167,VA,Russell County,91.7897,39.98,14.81,0,8,8.5,0,0,53.47195053,16.5,39.7,10.2,31.6,21.8,25538,50012,3.6,10.7,23.62,0.7,1.1,96.6,9,23,0.19,29,39,22,51459
51169,VA,Scott County,83.9027,35.12,15.97,1,8,8.5,7,-12.5,19.32086182,16.6,38.5,10.5,28.2,19.5,21479,46349,2.8,16.3,25.29,1.5,1.3,95.4,8,21,0.18,25,39,20,46015
51171,VA,Shenandoah County,67.5634,19.85,12.35,1,8,8.5,6,0,20.9167366,14.7,37.9,8.8,26.5,17.2,44925,67191,4.8,8.2,22.44,9.1,2.9,83.9,9,19,0.14,24,38,17,75129
51173,VA,Smyth County,77.3834,33.22,13.4,1,8,8.5,11,-15.38461538,6.955316544,15.9,40.5,9.9,32.2,22.2,29420,49883,3.1,11.9,22.98,2.1,2,93.4,8,24,0.18,30,41,23,52646
51175,VA,Southampton County,98.438,25.69,14.99,0,8,8.5,5,-16.66666667,0,15.6,42.6,7.7,23.8,14.3,17964,70795,5.5,6.1,22.04,2.5,29.2,60.4,7,17,0.1,23,42,15,65742
51177,VA,Spotsylvania County,58.3563,11.68,5.62,1,8,8.5,8,-20,19.03618622,13.1,38.6,6.1,21.1,14.2,146603,112738,5.1,5.3,15.16,13.4,16.7,61,8,15,0.09,21,38,14,109834
51179,VA,Stafford County,56.1648,7.58,4.52,1,8,8.5,7,40,10.62136841,11.5,37.6,5,19.9,12.4,163466,137807,3.7,3.4,11.41,16.6,19.5,51.5,6,15,0.07,20,37,12,130751
51181,VA,Surry County,100,31.83,15.89,0,8,8.5,9,28.57142857,34.39617538,18,39.9,8.8,27.1,15.9,6549,78041,5,8.1,25.52,3.1,39,53.9,7,20,0.11,25,39,17,68714
51183,VA,Sussex County,88.8779,31.63,12.67,0,8,8.5,42,13.51351351,0,16.5,44.1,7.4,28.4,17.9,10765,63530,4.1,7.5,19.18,1.1,54.1,40.7,8,22,0.11,27,44,18,53020
51185,VA,Tazewell County,78.2968,31.33,12.85,1,8,8.5,5,0,25.33490372,15.7,40.7,9.3,28.7,18.7,39624,47313,3.8,13.1,23.75,1.4,3,92.7,9,20,0.17,27,41,19,45959
51187,VA,Warren County,77.7753,17.79,9.18,1,8,8.5,0,0,95.90496826,13.2,38.4,7.5,24.4,18.1,41531,84682,4.9,9.6,17.24,7.4,5,81.3,9,19,0.13,24,38,19,89337
51191,VA,Washington County,73.9817,25.67,12.6,1,8,8.5,22,10,8.132328033,14.3,36.8,9.1,26.7,16.9,53926,64552,3,7.1,24.74,1.9,1.8,94.1,8,18,0.15,24,37,18,57758
51193,VA,Westmoreland County,77.9998,24.62,16.51,0,8,8.5,32,14.28571429,24.13552284,18.6,41.6,10.5,30.5,18.3,18826,63398,7.3,10.9,26.65,6.4,23.2,62.3,11,22,0.13,27,42,19,66975
51195,VA,Wise County,62.789,28.91,8.56,1,8,8.5,4,0,22.69415474,15.3,41.5,9.1,29.3,20.6,35448,52943,8.2,13.2,19.88,1.4,4.7,90,9,22,0.19,28,42,21,50442
51197,VA,Wythe County,70.3571,25.09,11.38,1,8,8.5,0,0,24.64291763,13.9,38.4,8.3,23.5,14.6,28188,57745,4,10,22.25,1.6,2.2,92.9,8,16,0.16,22,38,15,59026
51199,VA,York County,43.3053,5.25,6.89,1,8,8.5,17,6.25,13.44553947,11.5,33.6,6.1,19.9,11.4,71005,109956,4.2,3.2,17.8,7.8,13,66.2,5,13,0.09,19,34,12,101987
51520,VA,Bristol city,25.3332,13.84,4.38,1,8,8.5,17,-5.555555556,10.74999046,15,40.8,9.4,27.9,18.1,16849,50404,6.3,12.4,23.66,2.8,5.8,84.5,8,21,0.17,26,41,20,45240
51530,VA,Buena Vista city,95.9,49.94,15.57,1,8,8.5,10,0,0,13.6,38.1,8.2,28.6,19.4,6593,57833,1.4,15.2,18.81,0.2,2,84.7,7,23,0.18,28,40,22,53778
51540,VA,Charlottesville city,8.1326,3.99,0.49,1,8,8.5,0,0,63.49986267,11.1,32.8,5.7,22,14.4,45437,74824,3.7,9.3,13.46,6.9,15.5,64.2,8,19,0.14,23,35,16,72542
51550,VA,Chesapeake city,30.5199,5.55,2.85,1,8,8.5,9,50,16.09605026,13.4,41.4,5.9,22,15.2,252583,95373,4.9,7.1,14.57,7.7,28.5,53.8,6,16,0.09,22,41,15,91582
51570,VA,Colonial Heights city,22.6915,5.19,4.06,1,8,8.5,3,-25,7.681509018,13.2,38.8,7.2,23.9,15,18352,76505,3.6,7.4,18.33,8.3,18.7,65.2,7,17,0.12,23,39,15,70161
51580,VA,Covington city,24.6443,10.83,4.42,1,8,8.5,25,38.88888889,24.95180511,14.7,38.5,7.9,25.8,17.7,5680,41944,2.8,20.4,19.81,3.6,12.7,79.1,7,19,0.14,25,39,19,49519
51590,VA,Danville city,13.4468,7.08,2.04,1,8,8.5,18,0,3.933934927,20,45,9.5,35.1,20.9,42214,44423,5.6,19,21.12,5.6,50.5,38.8,8,27,0.17,33,46,22,45423
51595,VA,Emporia city,3.3564,1.76,0.51,1,8,8.5,6,-14.28571429,38.00653839,20.2,46.5,9,34.8,20.7,5547,51899,2.9,15.4,18.17,7.9,64.3,18.3,8,28,0.14,34,47,22,45894
51600,VA,Fairfax city,10.7502,1.59,1.69,1,8,8.5,0,0,5.888015747,11.8,32.1,5.4,19.7,11.2,25026,132348,3.3,4.8,14.06,18.9,6.3,51.1,9,15,0.1,20,32,12,119079
51620,VA,Franklin city,63.5011,27.43,12.02,1,8,8.5,16,-5.882352941,11.16734314,18.3,46.5,8.3,29.5,17.8,8250,63245,7.9,13.4,18.59,3.2,54.8,37.7,7,23,0.14,28,47,19,53310
51630,VA,Fredericksburg city,16.0945,3.79,1.38,1,8,8.5,0,0,40.51449966,11.5,36.2,5.4,23.5,14.9,28873,86071,5.1,8.8,11.43,12.6,19.4,54.7,9,19,0.15,25,38,16,75915
51640,VA,Galax city,7.6806,3.78,1.66,1,8,8.5,5,25,29.31863022,16.2,41,9.1,31.2,20.3,6726,38675,5.1,24.9,21.08,14.1,4.9,76.8,10,25,0.16,30,41,21,46891
51650,VA,Hampton city,24.9521,7.01,2.8,1,8,8.5,33,6.451612903,23.23500252,14.4,41.6,6.2,23,14.5,137557,69621,6.3,9.3,16.69,6.9,48.1,35.2,7,18,0.11,23,42,15,67764
51660,VA,Harrisonburg city,3.9333,1.47,0.17,1,8,8.5,42,5,20.57997322,10,34.8,5,23,14.1,51392,62254,6.9,12.4,10.53,23.6,7.2,60.8,13,22,0.16,27,40,18,58597
51670,VA,Hopewell city,38.0091,14.44,6.21,1,8,8.5,0,0,39.62071228,17.9,45.5,8.1,32.4,22,22959,54729,9.2,18.3,15.09,8.9,41.6,40.7,8,27,0.15,32,46,22,49111
51678,VA,Lexington city,5.89,1.67,1.67,1,8,8.5,12,-20,46.80134583,7.9,28.7,4.5,17.5,9.2,7525,84517,0.6,12.5,16.92,6.3,5.8,78.2,5,15,0.15,20,35,13,62342
51680,VA,Lynchburg city,20.0659,8.03,2.76,1,8,8.5,0,0,64.98569489,10.9,36.1,5.5,22.4,12,79497,57947,5.3,12.3,14.33,5.1,27,59.9,8,17,0.14,23,40,14,58962
51683,VA,Manassas city,11.1667,1.81,0.91,1,8,8.5,15,36.36363636,23.09831047,12.4,35.5,5.1,23.4,12.2,42976,113590,3.8,6.9,10.56,43.9,11.8,33.3,12,17,0.08,24,35,12,92198
51685,VA,Manassas Park city,40.5165,10.17,2.35,1,8,8.5,3,50,43.2937851,13.8,38,5.4,27.5,15.5,16798,103250,5.5,3.2,10.38,46.8,13.6,26.4,15,21,0.09,28,37,15,92611
51690,VA,Martinsville city,29.3187,14.19,5.88,1,8,8.5,54,-16.92307692,21.08768845,18.1,44.3,8.2,32,20.3,13658,46727,2.9,17.5,16.73,8.6,43.9,41.7,8,25,0.17,31,45,21,44547
51700,VA,Newport News city,23.2352,7.14,2.36,1,8,8.5,26,-7.142857143,18.69620895,13.1,39.6,5.9,23.3,15.3,184216,69634,5.8,10.8,14.07,10.8,40.6,39.2,8,19,0.12,24,41,16,63911
51710,VA,Norfolk city,20.5801,8.14,1.78,1,8,8.5,4,-33.33333333,23.40510941,12.8,38.6,5.5,22.7,15.4,233596,66109,5.7,12.1,13.03,10.1,38.9,41.2,9,19,0.13,23,40,16,61098
51720,VA,Norton city,39.62,18.07,5.68,1,8,8.5,8,0,2.200998545,15.2,41.6,8.7,29.1,20.5,3577,41495,3.8,19,21.27,3.1,2.2,91.6,6,23,0.22,28,42,21,42618
51730,VA,Petersburg city,52.5691,29.61,8.16,1,8,8.5,16,14.28571429,22.4253273,18.8,46.2,7.2,29.9,17.7,33537,50698,10,19.9,16.8,6.5,74.2,14.4,8,24,0.15,29,47,18,46216
51735,VA,Poquoson city,64.9862,7.85,9.39,1,8,8.5,87,12.98701299,17.53014565,11.2,33.7,6.7,18.5,11.2,12639,120972,3.2,3.9,19.57,4.2,1.9,87.3,5,12,0.09,17,33,11,108161
51740,VA,Portsmouth city,23.0981,5.9,3.55,1,8,8.5,7,-30,16.6137619,15.4,45,6.7,26.9,17,97190,60491,6.6,14.1,15.47,5.4,50.2,35.4,7,21,0.12,27,45,17,57012
51750,VA,Radford city,43.2931,16.39,5.27,1,8,8.5,4,-20,19.47547722,8.3,33.1,4.5,21.5,12.9,16726,57348,8.1,9.9,9.57,4.4,9.2,80.9,6,19,0.17,23,38,16,47325
51760,VA,Richmond city,21.087,6.52,3.26,1,8,8.5,7,-22.22222222,25.41367149,13.6,35.1,5.8,23.2,16.4,229359,64587,5.7,12.4,14.06,10.7,40.6,41.4,9,21,0.14,24,36,17,64903
51770,VA,Roanoke city,18.6953,7.28,2.55,1,8,8.5,7,16.66666667,41.71207047,15.2,36.4,7.5,27.7,18.4,98355,55378,5.6,13.6,17.76,9,27.7,55.3,10,22,0.14,27,36,19,51782
51775,VA,Salem city,23.4051,4.76,3.47,1,8,8.5,3,-25,13.83821106,11.6,33.6,6.4,20.4,12.9,25618,66725,3.6,6.7,19.58,4.8,8.7,81.6,5,15,0.12,21,35,15,63701
51790,VA,Staunton city,8.3645,2.56,2.38,1,8,8.5,23,-20.68965517,22.83778381,13.6,39.5,7.8,25,15.9,25948,65581,5.3,8.1,21.29,4.8,10.3,78.3,7,18,0.13,24,40,17,59926
51800,VA,Suffolk city,47.8613,9.76,6.35,1,8,8.5,20,-4.761904762,18.05933189,13.6,41.8,6.3,23,13.7,98796,92666,5,7.1,15.28,5.2,41.6,45.8,7,17,0.09,23,42,14,81297
51810,VA,Virginia Beach city,19.2715,2.76,2.05,1,8,8.5,15,15.38461538,38.20762253,12.2,33.1,5.7,18.8,11.6,456349,92968,4,6.8,15.89,9.1,18.2,58.8,7,14,0.1,18,33,11,90275
51820,VA,Waynesboro city,16.6127,7.95,2.36,1,8,8.5,63,5,21.72234726,13.3,37.7,7.3,23.8,16.7,22841,59994,5.1,8.9,17.87,9.7,10.9,71.6,9,19,0.15,23,38,18,56438
51830,VA,Williamsburg city,19.4748,5.64,3.74,1,8,8.5,0,0,49.13434219,10.1,31.8,5.7,19.5,11.1,15798,75604,6.8,8,17.5,8.3,14.3,67.2,8,17,0.12,22,38,15,70270
51840,VA,Winchester city,25.4122,4.37,4.87,1,8,8.5,15,0,25.32548714,13.6,37.2,7,24.7,15.2,27913,63974,6.4,13.8,16.73,21,7.7,61.4,11,19,0.16,24,38,16,63514
53001,WA,Adams County,46.1383,24.72,4.54,1,9,8.8,9,-18.18181818,55.45383453,12.6,37.8,7,27,14.2,20800,66136,3.6,14.9,12.16,64.5,0.2,31.1,14,25,0.16,27,38,14,67056
53003,WA,Asotin County,26.4175,7.3,5.24,1,9,8.8,5,66.66666667,48.59365082,12.2,34.6,8.4,20.8,14.6,22467,72283,5,8.3,25.2,4.6,0.9,87.1,7,18,0.15,19,35,16,64789
53005,WA,Benton County,34.741,8.28,3.88,1,9,8.8,20,-9.090909091,31.59661293,10.3,39.9,6,21.3,11.7,212905,89874,5.3,8.2,15.87,25.6,1.6,64.6,8,17,0.12,21,40,12,83040
53007,WA,Chelan County,45.4456,12.99,7.27,1,9,8.8,0,0,12.40265656,11.1,28.4,7.1,18.8,11.9,80172,82381,3.7,5.2,20.92,29,0.4,65,12,18,0.13,18,29,12,74848
53009,WA,Clallam County,60.9183,19.43,14.35,1,9,8.8,31,14.81481481,25.81655502,11.9,33.5,8.9,19.9,11.1,77813,70370,5.1,6.2,32.21,6.8,0.8,80.2,8,16,0.14,18,35,13,67071
53011,WA,Clark County,36.7259,6.55,4,1,9,8.8,29,3.571428571,16.68270302,9.9,32.8,5.4,15.4,10.4,516959,97536,5.3,5.5,16.65,12.3,2.1,72.5,8,14,0.11,15,33,11,97240
53013,WA,Columbia County,49.13,14.23,12.05,1,9,8.8,14,-6.666666667,11.43897247,11.9,37.6,8.8,21.8,12.6,4014,71810,3.9,4.1,29.32,8.3,0.5,81.2,8,18,0.14,20,38,14,66267
53015,WA,Cowlitz County,54.0251,14.91,7.98,1,9,8.8,12,20,19.20015144,11.7,39.3,7.3,22.4,14.7,112360,76531,5.9,8,19.78,10.5,0.6,79.6,8,19,0.14,21,39,15,71996
53017,WA,Douglas County,68.463,22.84,10.06,1,9,8.8,496,-4.247104247,16.72978783,11.5,37.5,7.1,22.1,13.1,44366,80363,3.9,6.2,18.44,35.5,0.4,57.9,13,19,0.13,21,38,13,69808
53019,WA,Ferry County,85.1338,36.07,15.85,0,9,8.8,43,-6.52173913,40.67807388,15.4,36.2,10.5,25.1,16.8,7387,55614,12.5,6.5,30.63,3.6,0.3,71.3,9,21,0.19,23,36,18,57090
53021,WA,Franklin County,45.783,13.36,3.81,1,9,8.8,9,-18.18181818,23.45401955,11.2,39.4,5.7,24.9,14.6,98902,86714,5.4,9.7,10.37,55.3,1.9,37.1,13,24,0.13,26,40,15,82542
53023,WA,Garfield County,43.53,13.37,8.27,0,9,8.8,7,-12.5,11.79727173,12.8,37,8.5,23.7,13.1,2353,64884,6.3,4.3,26.05,5,0.8,86.4,8,16,0.15,21,37,14,63313
53025,WA,Grant County,50.106,19.4,6.35,1,9,8.8,22,-18.51851852,16.1608429,11.8,41.4,6.9,27,13.5,101799,73267,6.5,12.3,14.56,43.9,1.2,49.2,14,22,0.15,27,42,14,71374
53027,WA,Grays Harbor County,51.3718,16.85,8.98,1,9,8.8,5,25,39.40112686,12.9,36.9,8.5,24.8,15,77053,64414,7,9.5,23.33,11.2,1.5,76,11,19,0.16,22,37,15,65758
53029,WA,Island County,66.5631,15.68,12.47,1,9,8.8,9,-10,13.19314575,10.2,32.9,7.1,15.6,9.7,86836,90551,4.3,4.5,26.78,8.7,2.2,75.4,7,13,0.11,15,34,11,88451
53031,WA,Jefferson County,70.5024,20.71,19.31,1,9,8.8,20,11.11111111,13.62959862,12.2,25.8,9.2,16.8,9.8,33577,74048,6.6,6.3,40.72,4.4,0.3,84.6,7,14,0.14,15,26,11,77856
53033,WA,King County,20.6469,2.94,2.29,1,9,8.8,13,116.6666667,11.50458336,7.4,22.9,4.4,13.2,7.1,2287171,124746,4.8,5.2,14.03,11,6.4,52.9,6,12,0.1,13,23,7,120672
53035,WA,Kitsap County,58.9923,11.33,7.49,1,9,8.8,7,40,25.75310135,9.4,31.6,6.3,16.5,9.3,277881,104158,4.7,5.4,19.65,9.4,2.2,72.6,6,13,0.11,15,31,9,98894
53037,WA,Kittitas County,62.6019,17.8,8.64,1,9,8.8,160,-4.761904762,33.70619202,9.2,29.6,6.3,19.7,11.6,47172,73804,6.3,7,17.04,10.5,1.1,79.3,8,16,0.13,19,31,12,66374
53039,WA,Klickitat County,63.8941,25.73,11.82,0,9,8.8,12,-7.692307692,0,12.7,32.9,8.7,22.9,14,23411,71042,5.2,8.9,25.11,13.2,0.3,78.8,10,19,0.14,21,33,14,69596
53041,WA,Lewis County,66.5577,21.8,12.24,1,9,8.8,25,-21.875,28.3899498,11.9,40.5,7.7,21.5,15.5,85154,74796,5.3,8.4,21.39,11.5,0.7,79.9,9,19,0.14,20,41,16,67877
53043,WA,Lincoln County,65.7526,18.94,13.1,0,9,8.8,0,0,4.231248379,12.3,34.9,8.8,22.9,14.5,11489,71512,7.8,6.9,26.22,4.2,0.5,88.7,7,19,0.14,21,35,16,71908
53045,WA,Mason County,82.6044,26.68,15.77,1,9,8.8,152,-0.653594771,23.52873802,11.9,37.6,8.2,21.1,13.6,67982,83270,6.6,7.5,24.22,12.8,1,74.9,10,17,0.14,20,38,14,75138
53047,WA,Okanogan County,56.5683,24.99,9.87,1,9,8.8,80,-1.234567901,16.69023132,13.8,38.3,9.2,25.6,16.3,43425,63207,4.5,13.4,23.2,21,1.3,62.4,16,22,0.17,24,39,17,58085
53049,WA,Pacific County,66.2118,25.12,16.82,1,9,8.8,10,25,35.98493958,14.9,36.8,9.9,22.5,13.6,23994,67081,5.2,7,33.01,9.9,0.5,79.4,9,19,0.16,21,37,15,61773
53051,WA,Pend Oreille County,77.1122,28.14,14.53,0,9,8.8,50,-5.660377358,33.40628433,12.4,33.3,8.8,20.9,13.7,14050,67436,6.1,8.3,27.34,4,0.2,84.7,8,17,0.15,18,33,14,63611
53053,WA,Pierce County,42.0271,9.24,4.52,1,9,8.8,0,0,15.15879917,9.8,35.9,5.6,18.4,12.8,930319,99564,5.2,5.9,14.78,12.8,7,61.4,7,17,0.11,18,36,13,97493
53055,WA,San Juan County,71.5681,18.56,17.75,0,9,8.8,15,25,23.70208931,11.7,25.9,9,17.3,10.6,18478,84800,3.7,7.9,36.02,7.6,0.2,85.2,9,14,0.11,15,26,11,86442
53057,WA,Skagit County,57.2874,13.58,10.03,1,9,8.8,38,-7.317073171,27.73410988,10.5,36.3,7.1,18.7,11.1,131328,89263,4.9,7.4,22.61,19.3,0.7,70.9,9,15,0.13,18,37,12,90432
53059,WA,Skamania County,70.9129,18.08,10.05,0,9,8.8,8,-20,28.51563644,11.9,36.5,8.2,18.6,13,12402,93265,5.2,4.3,24.38,6.7,0.8,82.9,7,16,0.11,16,36,13,85131
53061,WA,Snohomish County,36.2154,5.26,3.76,1,9,8.8,72,2.857142857,14.92663097,10.2,33.3,5.3,17.7,10.7,844430,111246,4.5,5.5,14.77,12.1,3.6,62,7,15,0.1,17,33,11,106067
53063,WA,Spokane County,31.4812,7.69,3.97,1,9,8.8,4,33.33333333,11.41500378,10.2,33.7,6.2,20.8,13.6,549056,78582,5.3,7.3,17.4,7.1,1.9,80.9,7,16,0.13,20,34,14,73380
53065,WA,Stevens County,74.8437,27,12.67,1,9,8.8,15,25,38.80197144,12.6,32.5,8.8,20.5,14.3,48067,69327,5.3,7.3,25.34,4.2,0.3,83.8,9,17,0.15,18,32,15,67525
53067,WA,Thurston County,58.3226,12.34,7.26,1,9,8.8,5,-16.66666667,6.627663136,10.3,33.5,5.7,16,10.4,299067,96563,5.2,6.4,18.75,10.6,3.2,69.5,6,14,0.12,16,34,11,92357
53069,WA,Wahkiakum County,97.61,24.48,24.86,0,9,8.8,0,0,18.25214005,13.4,39.7,9.7,21.5,12.4,4658,62653,3.5,13.9,34.13,5.6,0.8,84.9,10,17,0.15,19,40,14,69726
53071,WA,Walla Walla County,35.5969,8.2,4.97,1,9,8.8,4,33.33333333,16.89547157,10.8,31.4,7,18.5,11.9,62161,74202,6.2,9.3,19.96,23.8,1.6,67.7,9,18,0.13,18,33,13,71348
53073,WA,Whatcom County,57.9552,15.5,8.05,1,9,8.8,15,-6.25,8.320433617,9.8,27.4,6.5,16.3,10.8,230503,81784,4.8,7.2,18.9,10.6,0.9,75.7,7,15,0.13,16,28,11,75920
53075,WA,Whitman County,35.1835,12.01,5.2,1,9,8.8,0,0,24.17050934,8.1,26.7,4.9,18.3,11.3,47003,55406,7,9.7,11.91,8.1,1.4,73.5,8,19,0.14,21,31,15,59044
53077,WA,Yakima County,41.3007,16.19,4.92,1,9,8.8,0,0,18.35102844,12.7,41.3,7,29.2,15,257152,70656,7.3,11.7,14.49,52.4,0.6,39.4,14,26,0.15,29,42,16,67112
54001,WV,Barbour County,80.9581,33.9,12.97,1,15,15.1,0,0,4.222891808,16.1,40.2,9.7,33.9,22.9,15424,51394,8.5,14.3,21.11,1.2,1.5,90.5,9,26,0.16,33,41,25,51353
54003,WV,Berkeley County,68.7464,17.35,7.31,1,15,15.1,6,-33.33333333,12.06229782,13.6,40.9,7.3,26.5,16.9,129514,80815,4.7,7.8,15.27,6.4,7.1,79.7,7,19,0.1,26,40,17,78995
54005,WV,Boone County,85.1298,39.75,11.54,0,15,15.1,0,0,81.61262512,17.5,41.8,10.9,37,23.8,21026,57093,8.9,12.7,22.14,0.7,0.4,97.1,7,27,0.15,35,42,25,48034
54007,WV,Braxton County,88.6796,37.65,15.35,0,15,15.1,3,-25,15.34361839,17.4,39.4,11,35.4,22.8,12208,50331,9.4,16.4,24.93,0.6,0.6,86.5,9,27,0.16,34,40,25,50038
54009,WV,Brooke County,62.2289,17.61,10.79,1,15,15.1,4,-33.33333333,21.15263367,16,39.2,9.8,30.2,18.7,21805,54316,6.3,8.1,25.19,1.4,1.5,92.4,7,22,0.13,29,40,21,49187
54011,WV,Cabell County,35.3064,10.5,5.72,1,15,15.1,0,0,28.05337334,15.2,40.3,9.1,32.3,20.2,92739,55832,5.1,13.2,20,1.8,4.1,88.8,8,25,0.15,32,42,22,55031
54013,WV,Calhoun County,90.8142,42.25,16.1,0,15,15.1,7,-22.22222222,50.21228027,20.1,44.5,12.9,40.9,25.5,6048,43980,8.9,21.6,26.41,0.6,0.1,95.6,8,29,0.24,38,45,27,45793
54015,WV,Clay County,96.0718,49.25,15.07,0,15,15.1,0,0,15.8137598,18.6,42.7,11.3,34.8,25,7835,42318,11.9,20.3,22.44,0.2,0.1,96.8,8,28,0.19,33,43,26,45291
54017,WV,Doddridge County,85.9753,32.29,13.43,0,15,15.1,15,25,12.53226471,15.8,43.3,9.9,32.6,22,7711,57401,5.7,13.5,21.63,1.4,2.5,91.7,8,24,0.12,31,43,23,56985
54019,WV,Fayette County,75.5142,31.63,12.24,1,15,15.1,0,0,17.74525642,18.4,39.5,11.1,37.1,24.5,39519,53194,5.6,13.6,22.45,1.4,4.1,91.4,8,28,0.17,35,39,25,49739
54021,WV,Gilmer County,81.6115,31.09,11.96,1,15,15.1,7,16.66666667,28.4863205,14,39.5,8.4,31.9,19.1,7288,47981,6.8,16.9,18.22,4.1,13.6,78.5,8,24,0.12,31,40,20,43671
54023,WV,Grant County,83.021,31.79,14.33,0,15,15.1,28,-9.677419355,27.66375542,17.6,40.9,11.4,35.7,22.5,10983,62361,3.3,7,25.24,0.7,1.7,95.8,8,26,0.12,33,41,24,53187
54025,WV,Greenbrier County,74.8739,32.44,13.59,1,15,15.1,0,0,9.370602608,17.4,42.8,10.7,32.1,20.3,32386,48218,4.2,16.1,24.47,1.9,2.3,91.7,8,24,0.15,30,43,22,47309
54027,WV,Hampshire County,90.3552,36.16,14.11,0,15,15.1,4,-42.85714286,2.973269701,18.4,42.7,11.6,34,23.7,23465,63116,9,9.5,24.34,1.7,1,93.2,9,25,0.15,30,42,23,63290
54029,WV,Hancock County,59.4903,20,11.13,1,15,15.1,8,-27.27272727,6.799610138,16.8,45.3,10.2,33.3,20.8,28431,61466,8.4,10.6,24.62,1.7,1.8,92,7,24,0.14,30,45,21,58478
54031,WV,Hardy County,75.0301,29.58,12.52,0,15,15.1,5,-28.57142857,3.317136049,18.1,43,10.9,34.9,23.3,14243,49272,7.3,16.2,23.19,4.6,4.7,88.7,9,27,0.14,33,43,25,52212
54033,WV,Harrison County,52.6755,17.11,8.47,1,15,15.1,8,-11.11111111,17.24845314,15.6,40.5,9.5,30.9,19.5,64984,60377,4,9.4,20.35,2.3,1.5,91.8,8,22,0.13,29,40,20,58897
54035,WV,Jackson County,78.0227,23.8,12.51,1,15,15.1,4,-20,11.53826523,16,37.7,9.8,30.5,20,27705,58845,5.1,12.2,21.25,1.1,0.1,95.6,7,21,0.16,27,37,19,52503
54037,WV,Jefferson County,70.9432,16.33,8.15,1,15,15.1,0,0,17.95645905,13.8,35.2,7.5,24.4,15.3,59260,98806,3.9,6.3,17.32,7.8,5.6,79.5,7,19,0.09,23,35,15,92747
54039,WV,Kanawha County,52.8495,19.12,8.42,1,15,15.1,10,11.11111111,30.06368256,15.9,40.3,9.7,31.4,19.9,176537,60943,5.6,11.8,22.12,1.6,4.8,85.9,7,22,0.14,29,40,21,56633
54041,WV,Lewis County,70.5975,29.51,12.37,1,15,15.1,10,42.85714286,15.11842823,16,40.5,10,32.8,21.7,16740,56477,8.6,12.2,21.08,1.4,1.1,90,7,25,0.15,31,41,23,52827
54043,WV,Lincoln County,86.2984,40.22,12.69,0,15,15.1,5,25,9.94734478,18.6,45.1,11.6,37.5,26.5,19902,46205,5.9,17.9,21,0.8,0,96.3,8,30,0.17,35,45,27,47435
54045,WV,Logan County,83.4186,39.58,12.69,1,15,15.1,12,-25,21.10865784,18.5,41.2,11.4,39.2,24.7,31418,49723,8.5,15.3,22.43,0.8,2,95.6,9,29,0.19,37,41,26,48745
54047,WV,McDowell County,85.3858,54.93,14.03,0,15,15.1,3,0,39.66676331,22.8,44.7,13.6,41.7,27.4,17943,31559,8.2,29.9,21.85,2.1,8.8,86.5,10,34,0.22,39,44,28,35161
54049,WV,Marion County,60.5861,20.86,10.49,1,15,15.1,4,0,10.11417484,15.3,39.4,9.3,29.4,18.9,55909,67370,4.8,10,20.1,1.6,2.5,91,6,22,0.14,28,40,19,62449
54051,WV,Marshall County,65.5234,21.73,10.79,1,15,15.1,5,-16.66666667,8.407835007,16.3,42.5,10.2,30,20,29865,59169,4.3,13.5,23.76,1.2,0.3,92.9,6,22,0.14,28,42,21,59661
54053,WV,Mason County,86.9985,36.04,14.63,1,15,15.1,9,-25,21.07150078,16,44.1,9.8,33.9,21.6,25043,49761,3.8,14.7,22.75,0.6,1,95.4,8,24,0.14,32,44,23,52054
54055,WV,Mercer County,60.7243,27.51,10.21,1,15,15.1,0,0,48.25184631,15.9,42,9.7,31.3,19.1,58563,53210,2.7,13.4,22.87,1.3,4.1,88.6,8,22,0.16,30,43,20,47084
54057,WV,Mineral County,73.4201,26.13,12.74,1,15,15.1,0,0,0.003623683,15.1,42.8,9.2,30.4,19.5,26854,69375,6.6,11.1,22.61,1.2,1.3,92.4,6,22,0.12,29,43,20,59085
54059,WV,Mingo County,87.8107,46.35,11.21,1,15,15.1,4,0,47.68457031,19.3,41.8,11.7,40,26.4,22542,38119,11.5,27.3,21.87,0.8,2,95,10,30,0.22,37,41,26,38358
54061,WV,Monongalia County,47.3532,13.32,5.47,1,15,15.1,4,0,24.89345932,10.9,34.2,6.2,22.6,15.1,107163,65346,4.7,9.4,13.41,3.2,3.1,85.8,6,21,0.13,24,37,17,62330
54063,WV,Monroe County,100,44.37,19.63,0,15,15.1,10,11.11111111,18.13555145,17.3,40.6,10.8,33.5,20.9,12386,56750,4.8,8.2,25.11,0.6,1.5,94.1,9,24,0.14,31,41,23,47797
54065,WV,Morgan County,92.7372,29.56,16.91,0,15,15.1,14,7.692307692,38.57310867,15.7,38.9,9.8,30.5,17.7,17426,72179,3.9,7.9,25.17,1.8,0,93.1,8,21,0.11,28,39,19,61802
54067,WV,Nicholas County,81.1802,35.01,13.66,0,15,15.1,3,-40,8.685878754,17.5,40,10.9,35.1,21.2,24277,54639,5.9,8.3,23.93,1.1,0.5,96.3,8,23,0.15,31,39,21,48515
54069,WV,Ohio County,46.5358,12.92,8.3,1,15,15.1,0,0,10.71892548,13.7,37.1,8.5,25.7,15.1,41582,57094,6,12.1,22.78,1.7,3.3,89.8,7,19,0.13,25,38,17,59882
54071,WV,Pendleton County,99.574,41.81,21.71,0,15,15.1,0,0,23.46986008,17.5,37.9,11.2,31.9,20.2,6043,64931,6.3,10,29.82,2.2,1.4,94.4,9,24,0.13,30,39,22,53640
54073,WV,Pleasants County,89.1608,32.75,13.72,0,15,15.1,0,0,22.15281677,15.1,41.7,9.2,33.4,21.4,7521,60932,8.5,9.3,19,2.1,0.4,94.4,7,23,0.12,31,41,21,60991
54075,WV,Pocahontas County,91.2374,38.25,17.99,0,15,15.1,0,0,0,19.5,44.1,12.4,39.7,24.8,7784,42119,11.9,16.8,27.08,1.7,0.5,93.7,10,28,0.16,36,44,27,43632
54077,WV,Preston County,82.6904,31.13,12.49,1,15,15.1,0,0,2.869760752,16.1,41.3,9.8,34,22.8,34160,61880,5.3,9.5,20.45,1.9,6.5,87.3,9,25,0.13,33,41,23,54881
54079,WV,Putnam County,61.8186,15.85,8.66,1,15,15.1,0,0,1.30691123,13.9,38.3,8.2,26.6,15.8,57177,79527,3.1,7.2,19.68,1.5,0.9,93.6,6,18,0.1,26,38,17,72073
54081,WV,Raleigh County,65.9665,27.89,9.88,1,15,15.1,3,-25,8.046774864,17.1,39.8,10.4,34.7,21.1,73195,52150,5,17.2,22.14,1.8,6.7,86.9,8,26,0.17,32,40,21,53456
54083,WV,Randolph County,63.1723,26.4,10.35,1,15,15.1,7,0,28.43520546,16,41,10,32.5,20.1,27576,52757,7.4,11.8,22.81,1.1,1.4,89.9,8,23,0.14,30,41,21,50868
54085,WV,Ritchie County,79.4587,30.89,12.9,0,15,15.1,0,0,5.046996117,19.1,41.3,11.7,38.8,26.5,8286,50582,2.4,17.3,22.99,0.7,0.1,96.5,9,29,0.17,36,41,27,55110
54087,WV,Roane County,83.0857,40.88,14.54,1,15,15.1,6,-14.28571429,39.81058121,18.1,39.8,11.5,36.7,24.9,13786,45778,9.1,14.9,23.6,1.2,0,95,10,30,0.18,36,40,27,48285
54089,WV,Summers County,86.5107,36.36,16.76,1,15,15.1,0,0,1.49792397,18.7,42.9,11.7,35.2,22.6,11729,40699,2.2,16.2,27.13,1.3,6.1,90.2,9,26,0.18,32,43,23,44218
54091,WV,Taylor County,68.6257,21.22,10.34,0,15,15.1,10,-9.090909091,29.80952263,16.4,40.7,10.2,33.9,23.6,16487,57795,7.5,10.1,21.33,1,0.6,94.9,9,27,0.14,33,40,25,57821
54093,WV,Tucker County,64.5912,21.99,14.16,0,15,15.1,3,-25,0.010891255,16,38.4,10.3,28.6,17.4,6654,53358,6.1,10.3,28.19,0.5,0,96.9,8,20,0.12,27,38,19,55563
54095,WV,Tyler County,71.3734,27.24,12.86,0,15,15.1,0,0,9.921980858,17,41.7,10.4,31.9,21.6,8064,63693,7,13.3,24.24,1.1,0.9,93.9,7,23,0.14,29,42,23,58892
54097,WV,Upshur County,67.8178,30.48,11.03,1,15,15.1,6,0,28.46406174,16.8,40.7,10.6,36.3,23.9,23712,54338,5.7,14.7,21.81,1.5,1.2,91.8,8,27,0.15,35,41,25,53380
54099,WV,Wayne County,80.1051,36.32,12.56,1,15,15.1,10,-23.07692308,17.77277184,17.1,45.4,10.1,33.6,22.7,38164,58878,4.9,11.9,22.23,0.9,1,95.7,8,26,0.15,32,46,24,51532
54101,WV,Webster County,76.2553,42.01,13.21,0,15,15.1,5,-28.57142857,30.19083214,18.6,37.9,12.1,36.4,23.4,8144,43839,9.2,18.2,25.11,0.8,0.1,93.2,8,26,0.16,33,38,24,40727
54103,WV,Wetzel County,79.1675,35.31,15.6,1,15,15.1,32,-5.882352941,24.95839119,16.8,37.1,10.7,33.3,21.3,14078,56836,5.4,12.8,22.87,1.4,0.2,93.7,6,24,0.16,31,37,22,56296
54105,WV,Wirt County,82.4998,38.72,12.7,0,15,15.1,4,300,23.30196381,19,42.1,11.9,38.9,25.6,5053,49867,4.9,14,23.1,0,0,96.4,8,28,0.17,36,42,26,54506
54107,WV,Wood County,50.6697,16.15,8.07,1,15,15.1,3,0,9.822937965,15.5,38.4,9.6,31.7,20.6,83407,57810,5.4,10.3,21.61,1.5,1.1,93.6,8,23,0.14,30,38,21,56353
54109,WV,Wyoming County,87.8816,42.46,12.86,0,15,15.1,4,-42.85714286,25.25284958,19.3,46.6,11.8,40.3,27.2,20629,48440,5.7,19.6,23.45,0.8,0.3,96.8,10,31,0.2,38,46,28,47212
55001,WI,Adams County,87.2705,33.14,20.4,0,10,9.7,6,-33.33333333,22.03087807,15.5,39.4,10.9,28.9,18.3,21123,59442,4.5,8,32.21,4.4,2,87.6,7,17,0.14,24,39,17,57944
55003,WI,Ashland County,51.0553,20.59,7.99,1,10,9.7,7,-12.5,18.3910923,13.3,37.6,9.1,25.2,19.8,16080,62462,3.8,8.2,21.47,3,0.5,81.3,6,19,0.14,24,38,21,52158
55005,WI,Barron County,64.5549,19.7,11,1,10,9.7,7,-22.22222222,20.73181343,12.5,39.5,9.2,25.7,17.6,46797,65933,2.8,6.9,23.57,3.2,1.3,90.8,7,17,0.12,23,39,18,66507
55007,WI,Bayfield County,79.3557,25.74,16.44,0,10,9.7,4,-20,23.89623833,13,37.6,9.3,22.4,14.8,16575,71151,3.6,6.2,31.28,2.1,0.7,83.7,7,15,0.12,20,38,16,64339
55009,WI,Brown County,41.3273,8.17,4.42,1,10,9.7,81,1.25,24.88901901,10,36.4,6.2,22.4,16.1,270892,79649,2.6,5.7,16.36,10.3,2.4,77.3,6,15,0.1,22,37,17,77645
55011,WI,Buffalo County,78.3002,20.49,13.61,0,10,9.7,11,-8.333333333,11.98377705,11.7,40.3,8.4,23.6,15.7,13393,70479,2.9,6.2,24.03,2.9,0.4,93.6,6,15,0.11,21,40,16,73869
55013,WI,Burnett County,81.5535,26.67,18.83,0,10,9.7,13,8.333333333,14.68403625,14.3,42.2,10.2,25.1,17.8,16916,62819,4.9,7.7,32.28,2,0.9,89.6,7,18,0.12,24,43,21,67061
55015,WI,Calumet County,57.7059,9.49,6.37,1,10,9.7,7,0,30.13692474,9.8,40.4,6.3,21.2,15.8,52942,88810,2.1,4.8,17.2,5.7,0.9,87.5,4,13,0.08,20,40,16,86890
55017,WI,Chippewa County,64.7094,17.8,8.58,1,10,9.7,6,0,19.19468498,10.4,40.2,7.3,22.6,15.9,66799,74680,3.1,6.3,19.74,2,1.4,92.4,6,15,0.11,21,40,16,76637
55019,WI,Clark County,80.2164,29.45,11.27,0,10,9.7,10,-33.33333333,32.03098297,11.3,42.9,8,25.9,18.3,34739,67400,3.7,8.1,17.23,6.4,0.3,90.5,19,19,0.11,25,43,20,66994
55021,WI,Columbia County,72.3301,15.79,10.55,1,10,9.7,0,0,11.94735527,10.7,39,7.1,23.3,15.9,58272,85351,3.1,4.9,19.6,4.1,1.6,90.3,6,14,0.09,22,39,17,79582
55023,WI,Crawford County,81.9614,27.34,15.79,1,10,9.7,12,-7.692307692,20.75644493,13.1,38.7,9.5,26.1,18.7,16042,64094,3.1,8.9,25.13,2,1.6,92.7,6,18,0.12,24,39,20,57014
55025,WI,Dane County,37.5681,5.93,4.1,1,10,9.7,0,0,38.1321907,8.3,30.8,5.2,17.7,11.5,572674,89975,2.4,4.9,15.06,7.8,5.1,75.8,4,13,0.09,18,32,12,84190
55027,WI,Dodge County,56.4221,12.3,7.96,1,10,9.7,16,14.28571429,11.98144436,11.8,40.7,7.6,26.4,19.2,88742,75929,3.8,5.8,19,6.7,2.5,87.3,6,18,0.1,25,41,20,73861
55029,WI,Door County,69.4226,14.87,15.68,1,10,9.7,9,-10,12.1794529,12.6,36.7,9.2,23.1,15.8,30445,74795,2.4,4.8,32.42,4.2,0,91.5,7,16,0.1,21,37,18,74247
55031,WI,Douglas County,52.4811,13.04,8.3,1,10,9.7,3,-50,8.32808876,10.7,40.5,7.3,20,14.3,44229,75099,3.1,5.5,20.68,1.9,0.8,89.7,6,14,0.12,19,40,14,73372
55033,WI,Dunn County,65.8858,17.24,8.39,1,10,9.7,3,-25,8.604604721,9.9,39.3,6.8,22.8,14.9,45527,74824,4.4,6.2,16.96,2.5,0.9,90.5,5,16,0.11,23,41,16,71215
55035,WI,Eau Claire County,48.2938,11.22,6.04,1,10,9.7,0,0,10.08211899,8.9,34.1,6,22.3,14.4,107116,74546,3,6.2,16.97,3.2,1.2,87.2,6,15,0.11,22,36,16,72806
55037,WI,Florence County,82.0108,25.66,16.55,0,10,9.7,3,50,33.28598785,14.6,41.2,10.5,28.7,20.9,4646,61086,4.8,4.4,29.29,0.5,0.3,94.9,7,19,0.11,25,40,21,66442
55039,WI,Fond du Lac County,56.0079,11.82,7.81,1,10,9.7,13,0,9.556114197,11,41.6,7.6,24.1,17.2,104137,74275,3.2,5.7,19.8,6.8,1.7,86,5,16,0.1,23,42,18,73485
55041,WI,Forest County,82.0657,29.45,17.1,0,10,9.7,5,0,25.41535187,14.1,42.9,10,29.4,20.1,9369,61071,2.9,10,25.36,2.2,0.4,77.7,8,19,0.13,26,42,20,59190
55043,WI,Grant County,51.4747,14.61,8.3,1,10,9.7,28,-26.31578947,28.57229805,11,38.6,7.9,24.9,17.2,51770,66858,3.1,6.5,18.53,2.6,1.5,93,8,18,0.11,24,41,19,63246
55045,WI,Green County,58.6204,12.57,7.68,1,10,9.7,3,-25,0.417320371,10.7,40.4,7.5,21.7,16.2,37017,82852,3.6,3.5,20.62,4.2,0.8,92,5,16,0.09,21,40,17,78114
55047,WI,Green Lake County,55.7961,16.9,11.06,1,10,9.7,13,18.18181818,20.825634,13.8,41.5,10.3,27.9,19.8,19263,68196,2.8,10.1,23.5,5.6,0.5,90.5,9,21,0.12,25,41,20,64516
55049,WI,Iowa County,71.4289,16.33,9.55,1,10,9.7,0,0,15.3218956,10.5,39.7,7.3,20.2,13.4,23867,82182,3.1,3.4,20.48,2.3,0.8,92.4,5,14,0.09,19,39,14,77433
55051,WI,Iron County,69.2431,23.67,16.44,0,10,9.7,4,-20,31.09021187,13.9,37.7,10.6,23.9,15.5,6210,60625,2.5,5.9,33.03,1.6,0,92.9,6,15,0.12,19,37,16,58900
55053,WI,Jackson County,80.0983,27,12.46,1,10,9.7,4,-20,13.0695591,12.2,44.9,8.3,26.1,18.8,20981,68110,4.7,6.4,20.46,3.7,1.9,85.3,7,17,0.12,24,45,19,61023
55055,WI,Jefferson County,48.6228,9.81,6.52,1,10,9.7,11,22.22222222,21.54370689,10,39.7,6.6,20.6,14.3,86003,83750,3.6,5.3,18.53,8.5,0.9,87,6,15,0.09,20,40,15,82356
55057,WI,Juneau County,85.643,28.6,14.96,1,10,9.7,25,0,23.22118187,13,39.4,9.1,25.1,18.9,26689,67270,3.8,8,21.81,3,2.3,87.4,7,19,0.13,24,40,20,63587
55059,WI,Kenosha County,46.9949,12.86,4.94,1,10,9.7,7,-22.22222222,18.92998123,11.6,43,6.7,24.6,19.1,168438,81239,4.4,7.9,15.83,15.2,5.9,71.5,6,18,0.11,24,43,19,75699
55061,WI,Kewaunee County,64.3059,13.55,9.2,1,10,9.7,3,0,1.74812305,10.9,39.3,7.7,22.7,16,20664,82725,1.5,4.6,22.17,4.1,0.4,92,6,15,0.09,21,40,17,77472
55063,WI,La Crosse County,39.9753,8.33,5.34,1,10,9.7,0,0,21.83242416,9.3,33.1,6.3,18.5,13.4,120488,73013,3.1,5,18.08,2.7,1.5,87.4,4,14,0.1,18,35,15,71260
55065,WI,Lafayette County,82.8013,23.96,12.44,0,10,9.7,220,-3.930131004,8.604394913,11.3,39,8.1,24.4,16,16942,76462,2.9,7.6,20.36,7.1,0.4,89.7,10,16,0.1,23,40,17,73114
55067,WI,Langlade County,61.9214,17.25,13.26,1,10,9.7,6,20,18.33826447,12.8,39.9,9.2,25.1,16.5,19490,55878,3.5,9.2,25.6,2.5,0.4,91.5,8,16,0.13,22,40,17,57907
55069,WI,Lincoln County,62.5969,14.64,10.92,1,10,9.7,5,0,6.605993748,12.4,41,8.9,25.8,17,28426,68164,3.2,7,23.64,2.3,0.5,93,6,16,0.11,24,40,18,71871
55071,WI,Manitowoc County,56.5471,14.1,8.77,1,10,9.7,8,-11.11111111,10.07725716,11.5,43.6,8.1,22.4,16.6,81406,69148,2.6,6.4,22.26,5.5,0.8,87.3,6,15,0.11,21,44,17,69652
55073,WI,Marathon County,65.5664,14.26,8.78,1,10,9.7,25,4.166666667,25.31041336,10.1,35.9,7.3,21.4,13.9,138403,77884,2.9,4.9,19.19,3.5,0.6,86.2,6,15,0.1,20,36,15,74505
55075,WI,Marinette County,64.5775,21.03,12.94,1,10,9.7,14,16.66666667,33.83278275,13.6,41.9,10,28.5,20.8,42046,63809,3.4,7.3,25.3,2.9,0.5,93.4,6,18,0.11,25,41,20,62650
55077,WI,Marquette County,84.7631,27.04,18.24,0,10,9.7,0,0,0,14.4,41.3,10.6,30.6,20.7,15746,65681,2.7,8.6,26.57,3.7,0.5,92.3,7,19,0.12,28,41,21,67207
55078,WI,Menominee County,76.2594,36.55,10.08,0,10,9.7,6,-25,16.84972382,16,42.8,8.8,28,25.9,4252,62108,10,19.1,16.77,5.1,0.8,13,4,26,0.16,28,43,27,49791
55079,WI,Milwaukee County,8.6045,2.32,1.04,1,10,9.7,13,8.333333333,5.776084423,11.5,39,6,23.3,16.6,926331,64435,4.8,12.7,14.74,17,25.4,48.1,8,19,0.13,23,39,17,63304
55081,WI,Monroe County,69.3262,20.36,9.18,1,10,9.7,6,-25,11.98585987,11.3,38.8,7.6,23.7,16.6,46208,69467,3.2,8.8,18.01,5.8,1.5,88.1,8,16,0.11,23,39,17,63372
55083,WI,Oconto County,81.7454,21.07,12.79,0,10,9.7,4,0,14.16583252,13.1,40.8,9,26.6,19.5,39589,75049,2,5.6,22.67,2.3,0.1,93.3,6,17,0.1,24,40,19,69599
55085,WI,Oneida County,71.4933,15.73,15.74,1,10,9.7,35,-7.894736842,19.62134552,12,38.1,8.4,22.7,13.9,38167,69371,2,4.7,28.3,1.7,0.5,93.4,6,14,0.11,21,39,16,66650
55087,WI,Outagamie County,43.3799,8.38,4.57,1,10,9.7,3,-25,52.86392975,10.1,39.8,6.6,22.1,16.6,192826,85069,2.7,4,16.59,5.3,1.5,84.9,5,15,0.09,21,40,17,86098
55089,WI,Ozaukee County,57.3722,8.79,7.99,1,10,9.7,24,4.347826087,35.26937485,9.6,34,6.8,17.8,11.7,92966,96996,2.8,3.1,21.63,3.7,1.5,89.2,4,12,0.08,17,34,13,98394
55091,WI,Pepin County,77.0614,21.95,13.24,0,10,9.7,0,0,37.3784256,11.7,39.3,8.4,23.6,17.2,7431,75256,3.1,6.9,24.52,2.7,0.4,94.1,7,16,0.1,22,39,18,70012
55093,WI,Pierce County,57.1982,10.25,6.74,1,10,9.7,9,-10,11.70574379,9.5,33.5,6.4,20.6,15.7,42584,92109,3.2,4.9,16.76,3,0.6,91.3,4,15,0.09,21,35,17,95522
55095,WI,Polk County,75.6882,21.85,10.82,1,10,9.7,14,0,9.659247398,11.7,39.9,8.2,23.5,18.8,45555,77219,3.4,5.7,22.62,2.2,0.2,93,7,17,0.11,23,40,21,71613
55097,WI,Portage County,52.1989,11.48,6.81,1,10,9.7,3,-40,32.73916626,9.6,34.7,6.7,22,14.6,70832,76070,3.2,4.9,18.34,4.2,0.8,89,6,15,0.1,21,36,16,71295
55099,WI,Price County,82.4433,25.87,16.79,0,10,9.7,7,-22.22222222,12.7098484,13.5,42.1,9.8,25,17.5,14092,60546,2.9,7.5,28.49,1.8,0.1,93.1,7,16,0.13,22,42,19,60223
55101,WI,Racine County,35.7083,6.12,4.79,1,10,9.7,16,-11.11111111,10.89783573,12,39.7,7,25,17.7,197532,78096,4.4,7,18.12,15.1,10.3,68.6,7,18,0.11,25,40,19,74555
55103,WI,Richland County,98.8743,31.9,17.45,1,10,9.7,0,0,33.3921051,12.4,41.1,9.1,23.9,17.2,17205,66420,3.6,8.8,24.96,3.3,0.3,92.1,8,17,0.12,22,42,19,60639
55105,WI,Rock County,56.1798,16.39,7.68,1,10,9.7,7,16.66666667,10.80720901,10.8,38.1,6.8,24.8,17.2,164350,75673,3.8,6.3,17.81,10.1,4.6,79.6,6,16,0.11,24,38,18,73656
55107,WI,Rusk County,80.4616,29.66,15.69,1,10,9.7,6,0,15.85321903,13.8,37.2,10.2,26.4,18.5,14179,59944,5.4,9.5,26.03,2.1,1.2,93.1,8,17,0.12,22,37,18,58513
55109,WI,St. Croix County,70.0783,9.8,6.1,1,10,9.7,6,-25,10.11936283,8.7,34.4,6.2,17.6,11.7,96033,103046,2.6,5.1,16,3.1,0.7,91.4,4,12,0.08,17,34,11,103731
55111,WI,Sauk County,50.2606,13.5,7.28,1,10,9.7,15,-21.05263158,33.18151474,11.5,39.6,8.1,23.4,18.5,66009,79541,2.3,4.9,19.91,6.8,0.8,86.3,6,17,0.1,22,40,19,79349
55113,WI,Sawyer County,82.3235,30.58,17.21,1,10,9.7,3,-40,15.82333565,13.1,40.9,9.3,24.3,17.4,18476,60801,6,14.3,28.53,2.4,0.6,76.9,8,18,0.13,23,41,20,59053
55115,WI,Shawano County,76.4078,21,13.79,1,10,9.7,16,0,32.9786377,12.3,45.6,8.6,24.4,17.4,41039,66479,2.6,9.5,22.3,3.3,0.6,84.6,7,16,0.11,22,45,17,67562
55117,WI,Sheboygan County,37.2867,6.51,5.25,1,10,9.7,52,-8.771929825,41.15204239,10.6,40.9,7.4,20.3,14.6,117991,73094,2.7,5.5,19.6,7.8,2.1,80.8,6,14,0.09,19,41,14,73970
55119,WI,Taylor County,81.9182,26.32,12.78,1,10,9.7,9,-10,13.08044434,12.5,41,8.9,26.6,19.4,20024,69350,2.6,5.8,21.35,3,0.3,93.8,9,17,0.1,24,41,20,65125
55121,WI,Trempealeau County,79.9522,21.7,12.31,1,10,9.7,5,-44.44444444,17.72813606,11.2,39.3,7.2,22.6,17.2,30839,76313,2.3,6,18.67,13,0.3,83.9,8,16,0.1,21,39,18,69119
55123,WI,Vernon County,74.6181,27.06,10.98,1,10,9.7,21,31.25,37.00525665,11.9,40.1,8.5,24.5,17.3,31049,71893,2.5,7.2,21.25,1.8,0.3,94.3,11,17,0.11,23,40,19,69389
55125,WI,Vilas County,81.433,29.17,22.07,0,10,9.7,10,-9.090909091,24.7384243,13.7,35.2,10.2,23.8,16.5,23647,68431,4,7.4,31.77,2.3,0.3,84.8,7,16,0.11,21,35,18,63779
55127,WI,Walworth County,72.9564,17.83,9.88,1,10,9.7,4,33.33333333,28.77370262,9.9,32.2,6.8,19.8,13.3,105657,80520,2.9,4.5,19.97,12.1,0.7,83.1,7,14,0.1,19,33,15,76573
55129,WI,Washburn County,73.7354,22.22,15.51,0,10,9.7,3,-25,18.65292168,12.6,35.4,8.9,23.3,16.8,16854,63441,3.9,6.4,28.09,2.1,0.2,92.4,7,17,0.12,23,36,20,63438
55131,WI,Washington County,54.8196,7.08,6.68,1,10,9.7,4,-20,36.7341156,10,37.7,7,20.7,13.4,137879,96359,2.5,3.9,19.85,3.8,1.3,90.2,4,13,0.08,19,37,13,93830
55133,WI,Waukesha County,53.4057,6.32,7.02,1,10,9.7,5,25,57.75082779,9.5,32.7,6.5,18.9,12.6,411762,106076,2.3,3.4,20.48,5.7,1.5,85,3,12,0.08,18,32,13,99168
55135,WI,Waupaca County,70.7956,17.29,13.13,1,10,9.7,0,0,12.17606926,11,36.8,7.7,24.1,17.2,51569,72830,2.8,7.3,21.27,3.9,0.5,92.4,7,15,0.11,23,37,18,68545
55137,WI,Waushara County,82.2448,24.82,16.97,1,10,9.7,4,0,26.96587181,13.5,41.5,9.6,28,20.2,24868,67107,3.9,7.5,26.19,7,1.8,87.2,8,19,0.12,26,42,22,70336
55139,WI,Winnebago County,49.4625,10.01,6.23,1,10,9.7,6,-33.33333333,18.19499779,9.5,38.4,6.2,20.6,15.5,171769,74925,2.2,5.7,17.4,5.1,2.7,84.9,5,15,0.11,21,40,17,70720
55141,WI,Wood County,55.6838,14.4,8.4,1,10,9.7,3,50,20.03301239,11.4,40.5,8.3,26.3,17.2,74004,67989,4,7.2,21.79,3.7,0.6,90.2,5,17,0.12,25,41,19,67068
56001,WY,Albany County,38.2333,11.74,3.86,1,12,11.5,0,0,8.569344521,7.6,31.3,5,19.4,12.8,38249,61917,3.7,7.1,13.51,10.6,1,79.9,13,15,0.16,21,35,16,59633
56003,WY,Big Horn County,51.285,14.2,8.76,0,12,11.5,4,33.33333333,39.48041916,11.3,34.2,7.8,22.4,14.9,11828,62101,3.3,10.6,21.74,9.7,0.7,85,19,15,0.15,22,35,16,60818
56005,WY,Campbell County,63.5351,14.01,3,1,12,11.5,6,-33.33333333,42.49721527,9.3,35.5,6,24.6,19.1,47240,89869,3.5,6.2,13.03,9.7,0.3,84.2,12,16,0.13,24,35,19,89749
56007,WY,Carbon County,70.0517,22.63,9.04,1,12,11.5,5,0,17.82322884,11.6,36.2,7.6,26.7,17.1,14463,70511,5,8.6,19.14,18.3,1.4,75.4,16,18,0.15,26,36,17,67773
56009,WY,Converse County,45.0008,10.25,5.09,1,12,11.5,7,0,33.96325684,11.3,37.3,7.5,25.6,17.6,13762,81558,4.2,7.4,18.42,8.2,0.6,87.2,14,17,0.14,25,37,19,77224
56011,WY,Crook County,62.9569,13.39,10.1,0,12,11.5,0,0,21.92971802,11.5,31.5,7.9,23.8,16.4,7455,79637,0.6,3,22.87,2.1,0,92.9,14,15,0.12,22,31,17,77897
56013,WY,Fremont County,61.0056,22.92,7.72,1,12,11.5,3,50,38.98381424,12.1,37.7,7.8,24.3,17.9,39533,64904,7.4,8.5,19.99,6.9,0.5,68.7,15,17,0.16,23,38,19,64170
56015,WY,Goshen County,61.2888,17.25,11.41,0,12,11.5,0,0,14.96500015,10.9,33.8,7.7,23.6,13.6,12605,58929,3.5,9.6,23.94,10.2,0.2,84.5,14,15,0.14,23,35,15,63191
56017,WY,Hot Springs County,31.5426,8.69,6.07,1,12,11.5,7,-12.5,38.53891754,14,38.8,10,26.5,15.6,4620,61250,2.9,6.8,26.21,4,0,89.5,13,16,0.17,23,39,16,60811
56019,WY,Johnson County,51.0218,13.95,8.69,1,12,11.5,3,0,19.84128189,12.3,31.5,8.8,23.5,13.6,8686,64871,3.1,8.9,27.54,4.3,0,90,13,14,0.16,21,31,14,66100
56021,WY,Laramie County,52.351,13.12,5.43,1,12,11.5,5,25,21.45879745,9.5,34,6.1,23.8,17,101060,80173,3.7,5.7,17.34,15.8,2.1,74.9,11,15,0.13,24,34,18,75131
56023,WY,Lincoln County,70.9985,18.16,8.9,1,12,11.5,11,0,17.425354,10.4,32,6.9,20.6,14.3,20486,89330,2,7.6,19.13,5.5,0,90.8,17,14,0.12,20,32,15,88037
56025,WY,Natrona County,59.7327,14.92,7.05,1,12,11.5,0,0,3.438987732,10.7,37.9,6.6,27.9,17.7,79977,72156,4.1,6.6,17,9.5,0.5,84.6,14,17,0.14,27,38,18,73110
56027,WY,Niobrara County,35.04,14.87,8.52,0,12,11.5,0,0,12.39009094,13.1,36.6,9.2,29.4,20.3,2368,64113,2.5,11.3,32.98,5.6,3.5,87,17,19,0.17,27,37,21,56477
56029,WY,Park County,53.7256,10.07,9.28,1,12,11.5,4,0,30.74536133,10.2,32.5,7.6,22.2,13.3,30449,73035,2.2,6.6,25.42,6,0.2,86.9,14,14,0.13,21,33,15,70330
56031,WY,Platte County,49.6493,14.15,10.07,0,12,11.5,0,0,0,13,32.1,9.3,28.4,17.1,8612,67718,4.6,4.6,27.09,8.8,0.3,85,14,16,0.15,26,32,18,64207
56033,WY,Sheridan County,60.7791,13.34,9.18,1,12,11.5,0,0,0,10.1,31.4,7,20.9,14.2,32055,71388,2.2,5.7,22.4,5,0.7,89.2,13,13,0.13,20,32,15,71080
56035,WY,Sublette County,73.176,15.51,7.12,0,12,11.5,0,0,0,10.8,30.1,7.7,21.1,13.6,8838,83597,2.3,4.4,24.17,7.3,0.1,86.5,15,13,0.13,20,30,14,78217
56037,WY,Sweetwater County,54.8695,14.63,5.38,1,12,11.5,0,0,0,10.2,36.5,6.2,22.4,17.7,41542,75034,5.6,9.9,14.76,16.8,1.3,76.8,12,16,0.15,22,36,18,76442
56039,WY,Teton County,71.8392,14.11,8.77,1,12,11.5,0,0,0,7.9,22.6,5.1,15.9,11.4,23396,124172,1.8,2.9,17.92,15.3,0.4,77.6,14,11,0.11,15,22,11,130156
56041,WY,Uinta County,58.0085,18.29,5.1,0,12,11.5,0,0,0,10.4,35.6,6.8,26,17.8,20644,82980,3.2,5.6,17.05,10.1,0.6,85.8,12,16,0.13,26,36,18,79086
56043,WY,Washakie County,33.6263,8.42,5.92,1,12,11.5,0,0,0,12.3,38.8,8.5,26.2,17.3,7703,65714,2.7,4.8,24.28,14.1,0.1,80.6,13,17,0.13,25,39,19,62794
56045,WY,Weston County,50.756,14.85,7.18,1,12,11.5,0,0,0,12.4,35.2,8,25.2,17.6,6826,89509,1,9.8,22.12,5.3,0,85.2,15,17,0.14,24,35,18,66429
